"dataset_id","scenario","rank","init_policy","traverse","log10_l1","log10_l2","lambda1","lambda2","rss_tt","gdf","gdf_se","global_gcv_tt","valid","converged","n_sweeps","rss_full","edf_full","gcv_full","rmse_test","ise_true","elapsed_sec","cache_hit","M","flat_1pct","rank_label","grid"
"smooth_smooth_n120_k6_s20260816","smooth_smooth",6,"cold_common","row_asc",-5,-5,1e-05,1e-05,11.7185021501297,40.3390872083167,3.01393215425186,0.221596447208008,TRUE,TRUE,3,11.7185021501297,36.8321354891478,0.203302280125893,1.00639021076377,0.847505266706678,0.231,FALSE,3,FALSE,"sufficient","coarse"
"smooth_smooth_n120_k6_s20260816","smooth_smooth",6,"cold_common","row_asc",-5,-3,1e-05,0.001,11.853865023066,34.5265146382571,3.15965306223486,0.194705579370535,TRUE,TRUE,3,11.8538650230661,33.1075070874817,0.188398182804922,0.582427926117302,0.183763179259761,0.126,FALSE,3,FALSE,"sufficient","coarse"
"smooth_smooth_n120_k6_s20260816","smooth_smooth",6,"cold_common","row_asc",-5,-1,1e-05,0.1,15.1404851877294,21.923677389025,3.89957479015398,0.188882921580606,TRUE,TRUE,3,15.1404851877298,21.6758161019784,0.187931827902784,0.467784989109036,0.0525104631908408,0.018,FALSE,3,FALSE,"sufficient","coarse"
"smooth_smooth_n120_k6_s20260816","smooth_smooth",6,"cold_common","row_asc",-5,1,1e-05,10,43.3255917439696,15.2229210236849,3.32543936756117,0.473579806194552,TRUE,TRUE,3,43.3253316262553,12.866413494329,0.452972517627338,0.751245297219216,0.376573338677931,0.024,FALSE,3,FALSE,"sufficient","coarse"
"smooth_smooth_n120_k6_s20260816","smooth_smooth",6,"cold_common","row_asc",-5,3,1e-05,1000,67.8123296583115,14.332124614678,3.05233487336233,0.728792609535962,TRUE,TRUE,3,67.8192667022091,11.8459569058533,0.695742954812366,0.896706331824762,0.606887672269751,0.018,FALSE,3,FALSE,"sufficient","coarse"
"smooth_smooth_n120_k6_s20260816","smooth_smooth",6,"cold_common","row_asc",-5,5,1e-05,1e+05,68.2402200557349,14.2677179519644,3.0633427654672,0.732498016609167,TRUE,TRUE,4,73.6649288878969,7.25060727188403,0.695366232387123,0.89895588784771,0.610782834138432,0.02,FALSE,3,FALSE,"sufficient","coarse"
"smooth_smooth_n120_k6_s20260816","smooth_smooth",6,"cold_common","row_asc",-3,-5,0.001,1e-05,11.8559839883143,35.329582988706,3.48110545134134,0.198451987490241,TRUE,TRUE,3,11.8559839883144,33.1729267822405,0.188715914591083,0.585842454059665,0.181784813479053,0.02,FALSE,3,FALSE,"sufficient","coarse"
"smooth_smooth_n120_k6_s20260816","smooth_smooth",6,"cold_common","row_asc",-3,-3,0.001,0.001,11.933460606367,32.4360653278032,3.33408863672995,0.186765697136127,TRUE,TRUE,3,11.9334606063669,31.3968344837187,0.182410222684436,0.491277382132266,0.0835159213449686,0.018,FALSE,3,FALSE,"sufficient","coarse"
"smooth_smooth_n120_k6_s20260816","smooth_smooth",6,"cold_common","row_asc",-3,-1,0.001,0.1,15.1415560459412,21.0518025135463,3.55419498796317,0.185582055265373,TRUE,TRUE,3,15.1415560459413,21.2989732470968,0.186512701875249,0.466954060014261,0.0511512118759772,0.018,FALSE,3,FALSE,"sufficient","coarse"
"smooth_smooth_n120_k6_s20260816","smooth_smooth",6,"cold_common","row_asc",-3,1,0.001,10,43.2563874935825,14.4437707107619,2.981748565194,0.465868940959758,TRUE,TRUE,3,43.2563874935615,14.1354112498785,0.463158953042596,0.743009829337536,0.363265184886162,0.0189999999999999,FALSE,3,FALSE,"sufficient","coarse"
"smooth_smooth_n120_k6_s20260816","smooth_smooth",6,"cold_common","row_asc",-3,3,0.001,1000,67.868306641518,13.5491049049222,2.697957623662,0.718703275744385,TRUE,TRUE,3,67.8683066747672,11.6927625405141,0.694277837992522,0.887596297008679,0.589323877821452,0.0170000000000001,FALSE,3,FALSE,"sufficient","coarse"
"smooth_smooth_n120_k6_s20260816","smooth_smooth",6,"cold_common","row_asc",-3,5,0.001,1e+05,68.299474932977,13.5363799720908,2.69553241757365,0.723096322215967,TRUE,TRUE,5,68.2994749123965,11.6814703631107,0.698542925553568,0.889838562584922,0.593160074695337,0.0189999999999999,FALSE,3,FALSE,"sufficient","coarse"
"smooth_smooth_n120_k6_s20260816","smooth_smooth",6,"cold_common","row_asc",-1,-5,0.1,1e-05,14.3478404940516,20.3179330622781,3.94800601733449,0.173274125918276,TRUE,TRUE,3,14.3478404940517,21.6014704265056,0.177824079336711,0.495290433946839,0.0727107114828028,0.018,FALSE,3,FALSE,"sufficient","coarse"
"smooth_smooth_n120_k6_s20260816","smooth_smooth",6,"cold_common","row_asc",-1,-3,0.1,0.001,14.3406368380794,19.7474656569321,3.70358896798555,0.171221762607449,TRUE,TRUE,3,14.3406368380794,21.1964843348861,0.176280749250155,0.487509564975059,0.0652129486029229,0.016,FALSE,3,TRUE,"sufficient","coarse"
"smooth_smooth_n120_k6_s20260816","smooth_smooth",6,"cold_common","row_asc",-1,-1,0.1,0.1,17.3802385077376,14.0890976464263,2.55140301836193,0.185932642490262,TRUE,TRUE,3,17.3802385077374,16.4436428540709,0.194483807686583,0.493736571873446,0.0638268334986363,0.0169999999999999,FALSE,3,FALSE,"sufficient","coarse"
"smooth_smooth_n120_k6_s20260816","smooth_smooth",6,"cold_common","row_asc",-1,1,0.1,10,47.0014295616883,8.42815256899688,1.5579600387166,0.453088526576619,TRUE,TRUE,3,47.0018586706354,8.95692574288784,0.457418077935354,0.742710732781932,0.345698522676803,0.018,FALSE,3,FALSE,"sufficient","coarse"
"smooth_smooth_n120_k6_s20260816","smooth_smooth",6,"cold_common","row_asc",-1,3,0.1,1000,73.9235431130493,7.40805192390405,1.18641878375206,0.699760386582983,TRUE,TRUE,8,73.9235441203455,8.07856506401129,0.708169938184449,0.885988483737536,0.566162362993631,0.024,FALSE,3,FALSE,"sufficient","coarse"
"smooth_smooth_n120_k6_s20260816","smooth_smooth",6,"cold_common","row_asc",-1,5,0.1,1e+05,74.4037271121562,7.40621605702365,1.16541934221861,0.704282841605694,TRUE,TRUE,25,77.9138061070275,6.25697578192592,0.722680146581169,0.888254408296203,0.569982586900418,0.069,FALSE,3,FALSE,"sufficient","coarse"
"smooth_smooth_n120_k6_s20260816","smooth_smooth",6,"cold_common","row_asc",1,-5,10,1e-05,38.3768194441781,14.0011333197237,3.89036407848729,0.40987155660956,TRUE,TRUE,3,38.3768194441821,14.6982931832299,0.415316708664012,0.707456205149548,0.307485289402735,0.02,FALSE,3,FALSE,"sufficient","coarse"
"smooth_smooth_n120_k6_s20260816","smooth_smooth",6,"cold_common","row_asc",1,-3,10,0.001,38.3934219579941,13.5819738333062,3.63933200658398,0.406825033817124,TRUE,TRUE,3,38.3935662147257,12.4145260982519,0.398045231346591,0.701630692252958,0.298753246421782,0.018,FALSE,3,FALSE,"sufficient","coarse"
"smooth_smooth_n120_k6_s20260816","smooth_smooth",6,"cold_common","row_asc",1,-1,10,0.1,43.8411354422731,9.27362191013371,2.52941349877063,0.429102308640005,TRUE,TRUE,3,43.8412812358297,8.84078908398071,0.425768544911827,0.700882675761126,0.287393770096345,0.018,FALSE,3,FALSE,"sufficient","coarse"
"smooth_smooth_n120_k6_s20260816","smooth_smooth",6,"cold_common","row_asc",1,1,10,10,77.361865440496,5.47698123772423,1.47843241947933,0.707819633539529,TRUE,TRUE,3,77.3618654404686,5.25954326182197,0.705139479689315,0.896491123888011,0.579251145882175,0.0190000000000001,FALSE,3,FALSE,"sufficient","coarse"
"smooth_smooth_n120_k6_s20260816","smooth_smooth",6,"cold_common","row_asc",1,3,10,1000,103.668987096525,4.70329684560948,1.17104893113354,0.935828620654067,TRUE,TRUE,3,103.668987082156,4.58453246409105,0.933903645897145,1.01612626065845,0.795832427618945,0.0170000000000001,FALSE,3,FALSE,"sufficient","coarse"
"smooth_smooth_n120_k6_s20260816","smooth_smooth",6,"cold_common","row_asc",1,5,10,1e+05,104.158200735078,4.68896970846276,1.16575094074169,0.940011160999887,TRUE,TRUE,25,105.161362254077,3.79961020878125,0.934592474246939,1.0181928919086,0.799783557216108,0.114,FALSE,3,FALSE,"sufficient","coarse"
"smooth_smooth_n120_k6_s20260816","smooth_smooth",6,"cold_common","row_asc",3,-5,1000,1e-05,41.2759295001863,13.6383836430036,3.81634296651531,0.437832757124702,TRUE,TRUE,3,41.2815286507144,11.8601640499045,0.423609415002088,0.717137475386998,0.324437672874909,0.02,FALSE,3,FALSE,"sufficient","coarse"
"smooth_smooth_n120_k6_s20260816","smooth_smooth",6,"cold_common","row_asc",3,-3,1000,0.001,41.3075817131798,13.2243100323963,3.5703529511463,0.43477668188655,TRUE,TRUE,3,41.3075817128772,11.6948927281975,0.422584090837254,0.711461211062816,0.315776737562681,0.018,FALSE,3,FALSE,"sufficient","coarse"
"smooth_smooth_n120_k6_s20260816","smooth_smooth",6,"cold_common","row_asc",3,-1,1000,0.1,47.3595210034084,8.92636787432831,2.49048890713501,0.460645253042715,TRUE,TRUE,3,47.3595210033282,8.10614308487201,0.453916593630356,0.71144595622337,0.30486003799126,0.0169999999999999,FALSE,3,FALSE,"sufficient","coarse"
"smooth_smooth_n120_k6_s20260816","smooth_smooth",6,"cold_common","row_asc",3,1,1000,10,81.7808658826148,5.10675246391702,1.36585194317286,0.743436603565948,TRUE,TRUE,3,81.7808658826003,4.55406411340624,0.736335353995151,0.907101420944138,0.599562320555344,0.018,FALSE,3,FALSE,"sufficient","coarse"
"smooth_smooth_n120_k6_s20260816","smooth_smooth",6,"cold_common","row_asc",3,3,1000,1000,107.439890995951,4.49288488577372,1.12974610732212,0.966338607206187,TRUE,TRUE,3,107.440674027652,3.99852243920761,0.958126667735882,1.02019268634505,0.807436188770418,0.0169999999999999,FALSE,3,FALSE,"sufficient","coarse"
"smooth_smooth_n120_k6_s20260816","smooth_smooth",6,"cold_common","row_asc",3,5,1000,1e+05,107.890794685789,4.4817353858435,1.12572283448836,0.970206826252688,TRUE,TRUE,13,107.890793213503,4.00554640732016,0.962257235165853,1.02204565994827,0.811035371049536,0.0350000000000001,FALSE,3,FALSE,"sufficient","coarse"
"smooth_smooth_n120_k6_s20260816","smooth_smooth",6,"cold_common","row_asc",5,-5,1e+05,1e-05,41.3118325389012,13.6341966961044,3.8153990541328,0.438179098459922,TRUE,TRUE,3,41.3118325467695,11.9965247718234,0.424991502135797,0.717244635688876,0.324638150983109,0.0169999999999999,FALSE,3,FALSE,"sufficient","coarse"
"smooth_smooth_n120_k6_s20260816","smooth_smooth",6,"cold_common","row_asc",5,-3,1e+05,0.001,41.3436702370494,13.2201598579435,3.56948419435511,0.435122700673585,TRUE,TRUE,3,41.3436702486247,11.6841460814424,0.42286935998251,0.711570317491943,0.315978487571989,0.0169999999999999,FALSE,3,FALSE,"sufficient","coarse"
"smooth_smooth_n120_k6_s20260816","smooth_smooth",6,"cold_common","row_asc",5,-1,1e+05,0.1,47.4034629785913,8.92225342010773,2.48996810262488,0.461038500582759,TRUE,TRUE,3,51.8372902324351,6.38462107512692,0.481891531682643,0.711566188265668,0.305070511107599,0.0189999999999999,FALSE,3,FALSE,"sufficient","coarse"
"smooth_smooth_n120_k6_s20260816","smooth_smooth",6,"cold_common","row_asc",5,1,1e+05,10,81.8536847960891,5.10001804724838,1.36395637003174,0.744011348358108,TRUE,TRUE,3,81.8536847971605,4.54031555709248,0.73681549164537,0.907340741600778,0.599978417149789,0.0169999999999999,FALSE,3,FALSE,"sufficient","coarse"
"smooth_smooth_n120_k6_s20260816","smooth_smooth",6,"cold_common","row_asc",5,3,1e+05,1000,107.50862285014,4.48797753072123,1.12811746922013,0.966874639327994,TRUE,TRUE,3,107.508622851739,4.00724310492245,0.95887678275693,1.02035707437502,0.807776397323432,0.0170000000000001,FALSE,3,FALSE,"sufficient","coarse"
"smooth_smooth_n120_k6_s20260816","smooth_smooth",6,"cold_common","row_asc",5,5,1e+05,1e+05,107.936010994441,64.6212532936624,59.0216558231615,4.22339171913303,TRUE,TRUE,3,107.936012136557,4.00015431853538,0.962571040296986,1.02208694259003,0.811166046503634,0.038,FALSE,3,FALSE,"sufficient","coarse"
"smooth_smooth_n120_k6_s20260816","smooth_smooth",6,"continuation","serpentine",-5,-5,1e-05,1e-05,11.7185021501297,40.3390872083167,3.01393215425186,0.221596447208008,TRUE,TRUE,3,11.7185021501297,36.8321354891478,0.203302280125893,1.00639021076377,0.847505266706678,0.018,FALSE,3,FALSE,"sufficient","coarse_serpentine"
"smooth_smooth_n120_k6_s20260816","smooth_smooth",6,"continuation","serpentine",-5,-3,1e-05,0.001,11.853865023066,34.5265146376144,3.15965306128057,0.194705579367607,TRUE,TRUE,3,11.8538650230661,33.1075070874817,0.188398182804922,0.58242792611732,0.183763179259796,0.0169999999999999,FALSE,3,FALSE,"sufficient","coarse_serpentine"
"smooth_smooth_n120_k6_s20260816","smooth_smooth",6,"continuation","serpentine",-5,-1,1e-05,0.1,15.1404851877294,21.9236773887019,3.89957479061542,0.188882921579361,TRUE,TRUE,3,15.1404851877298,21.6758161019784,0.187931827902784,0.467784989109044,0.0525104631908494,0.0190000000000001,FALSE,3,FALSE,"sufficient","coarse_serpentine"
"smooth_smooth_n120_k6_s20260816","smooth_smooth",6,"continuation","serpentine",-5,1,1e-05,10,43.3255917440016,15.2229206957224,3.3254393841307,0.473579803230199,TRUE,TRUE,3,43.3253316262553,12.866413494329,0.452972517627338,0.751245297215598,0.376573338673839,0.0170000000000001,FALSE,3,FALSE,"sufficient","coarse_serpentine"
"smooth_smooth_n120_k6_s20260816","smooth_smooth",6,"continuation","serpentine",-5,3,1e-05,1000,67.8123296600629,14.3315174973863,3.0519331312038,0.728784235036409,TRUE,TRUE,3,67.8192667022091,11.8459569058533,0.695742954812366,0.896706139383562,0.606887323292969,0.016,FALSE,3,FALSE,"sufficient","coarse_serpentine"
"smooth_smooth_n120_k6_s20260816","smooth_smooth",6,"continuation","serpentine",-5,5,1e-05,1e+05,68.2402198726614,13.5739022079094,3.16416211463016,0.722978506374575,TRUE,TRUE,5,73.6649288878969,7.25060727188403,0.695366232387123,0.898955661753114,0.610782656879125,0.028,FALSE,3,FALSE,"sufficient","coarse_serpentine"
"smooth_smooth_n120_k6_s20260816","smooth_smooth",6,"continuation","serpentine",-3,5,0.001,1e+05,68.3008745630608,16.5006581484106,2.79007070083263,0.765124897695918,TRUE,TRUE,25,68.2994749123965,11.6814703631107,0.698542925553568,0.889917933992978,0.593270374521523,0.0760000000000001,FALSE,3,FALSE,"sufficient","coarse_serpentine"
"smooth_smooth_n120_k6_s20260816","smooth_smooth",6,"continuation","serpentine",-3,3,0.001,1000,67.8683065989152,13.5494626057478,2.69863207838379,0.718708105352212,TRUE,TRUE,3,67.8683066747672,11.6927625405141,0.694277837992522,0.887596185168684,0.58932369443062,0.0179999999999998,FALSE,3,FALSE,"sufficient","coarse_serpentine"
"smooth_smooth_n120_k6_s20260816","smooth_smooth",6,"continuation","serpentine",-3,1,0.001,10,43.2563874661952,14.4480059445394,2.98919235750178,0.465906327044379,TRUE,TRUE,5,43.2563874935615,14.1354112498785,0.463158953042596,0.743011431576701,0.363267524601505,0.0380000000000003,FALSE,3,FALSE,"sufficient","coarse_serpentine"
"smooth_smooth_n120_k6_s20260816","smooth_smooth",6,"continuation","serpentine",-3,-1,0.001,0.1,15.1415557205887,21.0494306277805,3.55273385460764,0.185573154428436,TRUE,TRUE,8,15.1415560459413,21.2989732470968,0.186512701875249,0.466954056590436,0.0511512407097422,0.044,FALSE,3,FALSE,"sufficient","coarse_serpentine"
"smooth_smooth_n120_k6_s20260816","smooth_smooth",6,"continuation","serpentine",-3,-3,0.001,0.001,11.9332880187896,33.4312519139624,3.61326962149409,0.191081699282263,TRUE,TRUE,25,11.9334606063669,31.3968344837187,0.182410222684436,0.491431147936913,0.0836544136435968,0.114,FALSE,3,FALSE,"sufficient","coarse_serpentine"
"smooth_smooth_n120_k6_s20260816","smooth_smooth",6,"continuation","serpentine",-3,-5,0.001,1e-05,11.8560387228346,35.2049849190518,3.28867091825284,0.197870117477405,TRUE,TRUE,25,11.8559839883144,33.1729267822405,0.188715914591083,0.585920050538126,0.181877182263846,0.116,FALSE,3,FALSE,"sufficient","coarse_serpentine"
"smooth_smooth_n120_k6_s20260816","smooth_smooth",6,"continuation","serpentine",-1,-5,0.1,1e-05,14.347992564861,20.4829083104214,3.64851309334877,0.173850937819832,TRUE,TRUE,25,14.3478404940517,21.6014704265056,0.177824079336711,0.495261172961338,0.0726815383949148,0.116,FALSE,3,FALSE,"sufficient","coarse_serpentine"
"smooth_smooth_n120_k6_s20260816","smooth_smooth",6,"continuation","serpentine",-1,-3,0.1,0.001,14.340975062791,19.7896000516026,3.55658999453904,0.171369818113452,TRUE,TRUE,25,14.3406368380794,21.1964843348861,0.176280749250155,0.487506685645799,0.0652124956507077,0.117,FALSE,3,TRUE,"sufficient","coarse_serpentine"
"smooth_smooth_n120_k6_s20260816","smooth_smooth",6,"continuation","serpentine",-1,-1,0.1,0.1,17.3802261389117,14.0948895746853,2.55435036885465,0.185952847945405,TRUE,TRUE,25,17.3802385077374,16.4436428540709,0.194483807686583,0.493736323269013,0.0638266325062952,0.117,FALSE,3,FALSE,"sufficient","coarse_serpentine"
"smooth_smooth_n120_k6_s20260816","smooth_smooth",6,"continuation","serpentine",-1,1,0.1,10,47.0115745540367,18.9437072963091,3.58891379808805,0.552407185980118,TRUE,TRUE,25,47.0018586706354,8.95692574288784,0.457418077935354,0.742964164434055,0.345985049202319,0.115,FALSE,3,FALSE,"sufficient","coarse_serpentine"
"smooth_smooth_n120_k6_s20260816","smooth_smooth",6,"continuation","serpentine",-1,3,0.1,1000,73.9235446643718,7.39885490944753,1.18998287266109,0.69964609614783,TRUE,TRUE,25,73.9235441203455,8.07856506401129,0.708169938184449,0.885988378359077,0.566162201429577,0.089,FALSE,3,FALSE,"sufficient","coarse_serpentine"
"smooth_smooth_n120_k6_s20260816","smooth_smooth",6,"continuation","serpentine",-1,5,0.1,1e+05,84.6996830037238,-1171.85792251517,2606.10438287591,Inf,FALSE,TRUE,25,77.9138061070275,6.25697578192592,0.722680146581169,0.914296793701273,0.595521369262295,0.116,FALSE,3,FALSE,"sufficient","coarse_serpentine"
"smooth_smooth_n120_k6_s20260816","smooth_smooth",6,"continuation","serpentine",1,5,10,1e+05,104.158205146044,4.68736044278495,1.16422139095435,0.939984964010307,TRUE,TRUE,9,105.161362254077,3.79961020878125,0.934592474246939,1.0181929927315,0.799783661068571,0.0499999999999998,FALSE,3,FALSE,"sufficient","coarse_serpentine"
"smooth_smooth_n120_k6_s20260816","smooth_smooth",6,"continuation","serpentine",1,3,10,1000,103.668987279002,4.70326147086488,1.17103561751331,0.935828048049268,TRUE,TRUE,3,103.668987082156,4.58453246409105,0.933903645897145,1.01612626072061,0.795832428019872,0.0180000000000002,FALSE,3,FALSE,"sufficient","coarse_serpentine"
"smooth_smooth_n120_k6_s20260816","smooth_smooth",6,"continuation","serpentine",1,1,10,10,77.3618710201158,5.4766733472959,1.47748464367605,0.707815878717156,TRUE,TRUE,5,77.3618654404686,5.25954326182197,0.705139479689315,0.8964911605398,0.57925121296659,0.0439999999999996,FALSE,3,FALSE,"sufficient","coarse_serpentine"
"smooth_smooth_n120_k6_s20260816","smooth_smooth",6,"continuation","serpentine",1,-1,10,0.1,43.8415563049006,9.36041569878288,2.43619569654483,0.429779936957913,TRUE,TRUE,25,43.8412812358297,8.84078908398071,0.425768544911827,0.700890475373322,0.287402271565969,0.119,FALSE,3,FALSE,"sufficient","coarse_serpentine"
"smooth_smooth_n120_k6_s20260816","smooth_smooth",6,"continuation","serpentine",1,-3,10,0.001,38.3934219542912,13.581862031296,3.6393995149018,0.406824178964347,TRUE,TRUE,12,38.3935662147257,12.4145260982519,0.398045231346591,0.701630688998068,0.298753241410433,0.028,FALSE,3,FALSE,"sufficient","coarse_serpentine"
"smooth_smooth_n120_k6_s20260816","smooth_smooth",6,"continuation","serpentine",1,-5,10,1e-05,38.3768196046652,14.0012737680432,3.89093409577063,0.409872644483998,TRUE,TRUE,4,38.3768194441821,14.6982931832299,0.415316708664012,0.707456231982147,0.307485328721536,0.036,FALSE,3,FALSE,"sufficient","coarse_serpentine"
"smooth_smooth_n120_k6_s20260816","smooth_smooth",6,"continuation","serpentine",3,-5,1000,1e-05,41.2760588651862,13.703507304791,3.82057477106412,0.438370781049501,TRUE,TRUE,25,41.2815286507144,11.8601640499045,0.423609415002088,0.717138317981955,0.324439133367558,0.115,FALSE,3,FALSE,"sufficient","coarse_serpentine"
"smooth_smooth_n120_k6_s20260816","smooth_smooth",6,"continuation","serpentine",3,-3,1000,0.001,41.3075819532514,13.2244031881327,3.57026885194795,0.4347774430504,TRUE,TRUE,3,41.3075817128772,11.6948927281975,0.422584090837254,0.711461218496644,0.315776749401895,0.0219999999999998,FALSE,3,FALSE,"sufficient","coarse_serpentine"
"smooth_smooth_n120_k6_s20260816","smooth_smooth",6,"continuation","serpentine",3,-1,1000,0.1,47.3595210033183,8.92636784900652,2.49048887946593,0.46064525283181,TRUE,TRUE,10,47.3595210033282,8.10614308487201,0.453916593630356,0.711445956222577,0.30486003798928,0.0250000000000004,FALSE,3,FALSE,"sufficient","coarse_serpentine"
"smooth_smooth_n120_k6_s20260816","smooth_smooth",6,"continuation","serpentine",3,1,1000,10,81.780865617193,5.10721702682541,1.36616554054709,0.743442613258635,TRUE,TRUE,4,81.7808658826003,4.55406411340624,0.736335353995151,0.907101424127892,0.599562323729793,0.0249999999999999,FALSE,3,FALSE,"sufficient","coarse_serpentine"
"smooth_smooth_n120_k6_s20260816","smooth_smooth",6,"continuation","serpentine",3,3,1000,1000,107.439890262517,4.49199085403674,1.1298906259679,0.966323641750121,TRUE,TRUE,23,107.440674027652,3.99852243920761,0.958126667735882,1.02019267488959,0.807436168476823,0.0619999999999998,FALSE,3,FALSE,"sufficient","coarse_serpentine"
"smooth_smooth_n120_k6_s20260816","smooth_smooth",6,"continuation","serpentine",3,5,1000,1e+05,107.890792261001,4.4826728957304,1.12578754340594,0.970222552425796,TRUE,TRUE,6,107.890793213503,4.00554640732016,0.962257235165853,1.02204565529617,0.811035364723932,0.0540000000000003,FALSE,3,FALSE,"sufficient","coarse_serpentine"
"smooth_smooth_n120_k6_s20260816","smooth_smooth",6,"continuation","serpentine",5,5,1e+05,1e+05,107.936012133501,4.48013410232596,1.1251612380788,0.970586535459099,TRUE,TRUE,3,107.936012136557,4.00015431853538,0.962571040296986,1.0220869429804,0.811166049383506,0.0199999999999996,FALSE,3,FALSE,"sufficient","coarse_serpentine"
"smooth_smooth_n120_k6_s20260816","smooth_smooth",6,"continuation","serpentine",5,3,1e+05,1000,107.50862280395,4.4879582918884,1.12812349545945,0.966874316841612,TRUE,TRUE,3,107.508622851739,4.00724310492245,0.95887678275693,1.02035707489366,0.8077763982671,0.016,FALSE,3,FALSE,"sufficient","coarse_serpentine"
"smooth_smooth_n120_k6_s20260816","smooth_smooth",6,"continuation","serpentine",5,1,1e+05,10,81.8536855429938,5.1000755266589,1.36395160111313,0.744012099540033,TRUE,TRUE,9,81.8536847971605,4.54031555709248,0.73681549164537,0.907340744873043,0.599978422860789,0.0339999999999998,FALSE,3,FALSE,"sufficient","coarse_serpentine"
"smooth_smooth_n120_k6_s20260816","smooth_smooth",6,"continuation","serpentine",5,-1,1e+05,0.1,47.4034631526837,8.92220669156741,2.49005024123838,0.461038114373907,TRUE,TRUE,4,51.8372902324351,6.38462107512692,0.481891531682643,0.711566191832536,0.305070515278726,0.0180000000000002,FALSE,3,FALSE,"sufficient","coarse_serpentine"
"smooth_smooth_n120_k6_s20260816","smooth_smooth",6,"continuation","serpentine",5,-3,1e+05,0.001,41.3436702212808,13.219848157526,3.56931239376981,0.435120160190403,TRUE,TRUE,5,41.3436702486247,11.6841460814424,0.42286935998251,0.711570316810519,0.315978486580213,0.0289999999999999,FALSE,3,FALSE,"sufficient","coarse_serpentine"
"smooth_smooth_n120_k6_s20260816","smooth_smooth",6,"continuation","serpentine",5,-5,1e+05,1e-05,41.3118313116324,13.6340274239962,3.81528023929486,0.438177690796753,TRUE,TRUE,5,41.3118325467695,11.9965247718234,0.424991502135797,0.71724462971673,0.324638141645558,0.032,FALSE,3,FALSE,"sufficient","coarse_serpentine"
"smooth_smooth_n120_k6_s20260816","smooth_smooth",1,"cold_common","row_asc",-5,-5,1e-05,1e-05,21.0275350212949,18.5698718466664,37.5733456794938,0.245265048012229,TRUE,TRUE,25,11.7185021501297,36.8321354891478,0.203302280125893,0.459396584948428,0.0673364195628531,0.069,FALSE,3,TRUE,"restricted","coarse"
"smooth_smooth_n120_k6_s20260816","smooth_smooth",1,"cold_common","row_asc",-5,-3,1e-05,0.001,21.0237460437056,19.1864907247097,37.7797015724444,0.248229780172154,TRUE,TRUE,25,11.8538650230661,33.1075070874817,0.188398182804922,0.459164577608012,0.0667804770973104,0.0659999999999998,FALSE,3,FALSE,"restricted","coarse"
"smooth_smooth_n120_k6_s20260816","smooth_smooth",1,"cold_common","row_asc",-5,-1,1e-05,0.1,25.1067440065611,39.7816129222137,47.5755256057227,0.468191785253742,TRUE,TRUE,25,15.1404851877298,21.6758161019784,0.187931827902784,0.499940277436247,0.0938808147639165,0.0670000000000002,FALSE,3,FALSE,"restricted","coarse"
"smooth_smooth_n120_k6_s20260816","smooth_smooth",1,"cold_common","row_asc",-5,1,1e-05,10,56.3827178724161,240.345623659215,567.65424497743,Inf,FALSE,TRUE,25,43.3253316262553,12.866413494329,0.452972517627338,0.72832192327181,0.340136523068635,0.0670000000000002,FALSE,3,FALSE,"restricted","coarse"
"smooth_smooth_n120_k6_s20260816","smooth_smooth",1,"cold_common","row_asc",-5,3,1e-05,1000,73.1732125752585,106.799584251466,343.863337131792,50.3916001730147,TRUE,TRUE,25,67.8192667022091,11.8459569058533,0.695742954812366,0.80787095175954,0.460326924643303,0.133999999999999,FALSE,3,FALSE,"restricted","coarse"
"smooth_smooth_n120_k6_s20260816","smooth_smooth",1,"cold_common","row_asc",-5,5,1e-05,1e+05,73.1792914589437,108.477121058829,340.78952000797,66.1374502421716,TRUE,TRUE,25,73.6649288878969,7.25060727188403,0.695366232387123,0.807850996830779,0.460453590711504,0.0700000000000003,FALSE,3,FALSE,"restricted","coarse"
"smooth_smooth_n120_k6_s20260816","smooth_smooth",1,"cold_common","row_asc",-3,-5,0.001,1e-05,21.0273717663635,19.1302905586119,37.2866069508265,0.247996013427898,TRUE,TRUE,25,11.8559839883144,33.1729267822405,0.188715914591083,0.459391698342542,0.0669061387289998,0.0649999999999995,FALSE,3,FALSE,"restricted","coarse"
"smooth_smooth_n120_k6_s20260816","smooth_smooth",1,"cold_common","row_asc",-3,-3,0.001,0.001,21.0270522451265,19.6737146599574,37.4259801375646,0.250686054394519,TRUE,TRUE,25,11.9334606063669,31.3968344837187,0.182410222684436,0.459200839211491,0.0663988163717656,0.0670000000000002,FALSE,3,FALSE,"restricted","coarse"
"smooth_smooth_n120_k6_s20260816","smooth_smooth",1,"cold_common","row_asc",-3,-1,0.001,0.1,25.1103734776827,39.1659653020986,46.6489901619598,0.46115392076507,TRUE,TRUE,25,15.1415560459413,21.2989732470968,0.186512701875249,0.499877794357338,0.0935031251765664,0.0680000000000005,FALSE,3,FALSE,"restricted","coarse"
"smooth_smooth_n120_k6_s20260816","smooth_smooth",1,"cold_common","row_asc",-3,1,0.001,10,56.3022228677162,235.891226428125,515.075002054619,Inf,FALSE,TRUE,25,43.2563874935615,14.1354112498785,0.463158953042596,0.727417024631653,0.33850019374681,0.0639999999999992,FALSE,3,FALSE,"restricted","coarse"
"smooth_smooth_n120_k6_s20260816","smooth_smooth",1,"cold_common","row_asc",-3,3,0.001,1000,73.2141851780288,86.2210336189148,328.664457455694,7.69987663136796,TRUE,TRUE,25,67.8683066747672,11.6927625405141,0.694277837992522,0.80627351341024,0.456389136384377,0.0670000000000002,FALSE,3,FALSE,"restricted","coarse"
"smooth_smooth_n120_k6_s20260816","smooth_smooth",1,"cold_common","row_asc",-3,5,0.001,1e+05,73.2222345601281,88.8250302751505,326.739241608551,9.04090995057306,TRUE,TRUE,25,68.2994749123965,11.6814703631107,0.698542925553568,0.80624546293098,0.456501053010265,0.0659999999999998,FALSE,3,FALSE,"restricted","coarse"
"smooth_smooth_n120_k6_s20260816","smooth_smooth",1,"cold_common","row_asc",-1,-5,0.1,1e-05,23.1835717672774,19.1575609576567,22.2488479165002,0.273574056240722,TRUE,TRUE,25,14.3478404940517,21.6014704265056,0.177824079336711,0.49094629272699,0.0844097827260337,0.0649999999999995,FALSE,3,FALSE,"restricted","coarse"
"smooth_smooth_n120_k6_s20260816","smooth_smooth",1,"cold_common","row_asc",-1,-3,0.1,0.001,23.182939423888,19.4016019215848,22.4148043393784,0.274895490950763,TRUE,TRUE,25,14.3406368380794,21.1964843348861,0.176280749250155,0.490369957949931,0.0836393918583745,0.0949999999999998,FALSE,3,FALSE,"restricted","coarse"
"smooth_smooth_n120_k6_s20260816","smooth_smooth",1,"cold_common","row_asc",-1,-1,0.1,0.1,27.1854397682814,29.1104645151842,27.8570073398541,0.3949024618366,TRUE,TRUE,25,17.3802385077374,16.4436428540709,0.194483807686583,0.517048969853182,0.101297436495129,0.0640000000000001,FALSE,3,FALSE,"restricted","coarse"
"smooth_smooth_n120_k6_s20260816","smooth_smooth",1,"cold_common","row_asc",-1,1,0.1,10,58.5796835341497,49.6181891307432,103.765292785795,1.41908168114127,TRUE,TRUE,25,47.0018586706354,8.95692574288784,0.457418077935354,0.737416432594115,0.344455142747694,0.0609999999999999,FALSE,3,FALSE,"restricted","coarse"
"smooth_smooth_n120_k6_s20260816","smooth_smooth",1,"cold_common","row_asc",-1,3,0.1,1000,78.5853368611818,-8.99446113134936,355.642683918828,Inf,FALSE,TRUE,25,73.9235441203455,8.07856506401129,0.708169938184449,0.83349751384768,0.483262694264243,0.0650000000000004,FALSE,3,FALSE,"restricted","coarse"
"smooth_smooth_n120_k6_s20260816","smooth_smooth",1,"cold_common","row_asc",-1,5,0.1,1e+05,78.6334413675268,0.97955573894438,364.441938605541,0.6661091431183,TRUE,TRUE,25,77.9138061070275,6.25697578192592,0.722680146581169,0.833534798749241,0.483493255856077,0.0650000000000004,FALSE,3,FALSE,"restricted","coarse"
"smooth_smooth_n120_k6_s20260816","smooth_smooth",1,"cold_common","row_asc",1,-5,10,1e-05,45.5017197653555,5.77864231840074,1.80828873653619,0.41851826988587,TRUE,TRUE,25,38.3768194441821,14.6982931832299,0.415316708664012,0.686416721752074,0.290643432358802,0.0629999999999997,FALSE,3,FALSE,"restricted","coarse"
"smooth_smooth_n120_k6_s20260816","smooth_smooth",1,"cold_common","row_asc",1,-3,10,0.001,45.4899911933171,5.644993359449,1.84264920372752,0.417432954669003,TRUE,TRUE,25,38.3935662147257,12.4145260982519,0.398045231346591,0.68553741222496,0.289122814293304,0.0640000000000001,FALSE,3,FALSE,"restricted","coarse"
"smooth_smooth_n120_k6_s20260816","smooth_smooth",1,"cold_common","row_asc",1,-1,10,0.1,50.9072801048117,3.84786151170924,1.54257675220509,0.45280031462267,TRUE,TRUE,25,43.8412812358297,8.84078908398071,0.425768544911827,0.703280537955503,0.305228767854739,0.0629999999999997,FALSE,3,FALSE,"restricted","coarse"
"smooth_smooth_n120_k6_s20260816","smooth_smooth",1,"cold_common","row_asc",1,1,10,10,85.5038013821517,39.37150390623,40.3091358564495,1.5782999791117,TRUE,TRUE,25,77.3618654404686,5.25954326182197,0.705139479689315,0.911271436554338,0.608741976930594,0.0640000000000001,FALSE,3,FALSE,"restricted","coarse"
"smooth_smooth_n120_k6_s20260816","smooth_smooth",1,"cold_common","row_asc",1,3,10,1000,105.665105491374,-15.5027449103126,47.3172164176689,Inf,FALSE,TRUE,25,103.668987082156,4.58453246409105,0.933903645897145,1.00794141192459,0.783674680271496,0.0629999999999997,FALSE,3,FALSE,"restricted","coarse"
"smooth_smooth_n120_k6_s20260816","smooth_smooth",1,"cold_common","row_asc",1,5,10,1e+05,105.754514658451,-5.39655440694537,42.9874913580633,Inf,FALSE,TRUE,25,105.161362254077,3.79961020878125,0.934592474246939,1.00789906293117,0.784044836003362,0.0629999999999997,FALSE,3,FALSE,"restricted","coarse"
"smooth_smooth_n120_k6_s20260816","smooth_smooth",1,"cold_common","row_asc",3,-5,1000,1e-05,48.1229063927451,5.05367378899219,2.18770643546879,0.437061854376612,TRUE,TRUE,25,41.2815286507144,11.8601640499045,0.423609415002088,0.694911064290716,0.305823953187864,0.0640000000000001,FALSE,3,FALSE,"restricted","coarse"
"smooth_smooth_n120_k6_s20260816","smooth_smooth",1,"cold_common","row_asc",3,-3,1000,0.001,48.1189648651836,4.89796977506791,2.21395120565999,0.435844484319926,TRUE,TRUE,25,41.3075817128772,11.6948927281975,0.422584090837254,0.69407486027608,0.304327677203679,0.0639999999999992,FALSE,3,FALSE,"restricted","coarse"
"smooth_smooth_n120_k6_s20260816","smooth_smooth",1,"cold_common","row_asc",3,-1,1000,0.1,54.0208692697078,2.16445882043335,1.66006415247693,0.466863813202745,TRUE,TRUE,25,47.3595210033282,8.10614308487201,0.453916593630356,0.712287712468091,0.321411741529678,0.0660000000000007,FALSE,3,FALSE,"restricted","coarse"
"smooth_smooth_n120_k6_s20260816","smooth_smooth",1,"cold_common","row_asc",3,1,1000,10,88.6623291607919,38.0725990207733,38.5020922839096,1.58511956540299,TRUE,TRUE,25,81.7808658826003,4.55406411340624,0.736335353995151,0.919465782792055,0.626528509695328,0.0649999999999995,FALSE,3,FALSE,"restricted","coarse"
"smooth_smooth_n120_k6_s20260816","smooth_smooth",1,"cold_common","row_asc",3,3,1000,1000,108.672791871247,2.13189141272063,36.3186362739878,0.93866244282438,TRUE,TRUE,25,107.440674027652,3.99852243920761,0.958126667735882,1.01276901118762,0.797548543461154,0.0649999999999995,FALSE,3,FALSE,"restricted","coarse"
"smooth_smooth_n120_k6_s20260816","smooth_smooth",1,"cold_common","row_asc",3,5,1000,1e+05,108.747683451169,-5.66315044734244,30.6388086722183,Inf,FALSE,TRUE,25,107.890793213503,4.00554640732016,0.962257235165853,1.01319433024518,0.799791438865979,0.0630000000000006,FALSE,3,FALSE,"restricted","coarse"
"smooth_smooth_n120_k6_s20260816","smooth_smooth",1,"cold_common","row_asc",5,-5,1e+05,1e-05,48.154661805967,5.04378882384335,2.19211694090735,0.437275052030985,TRUE,TRUE,25,41.3118325467695,11.9965247718234,0.424991502135797,0.695006930959015,0.306004714077879,0.0670000000000002,FALSE,3,FALSE,"restricted","coarse"
"smooth_smooth_n120_k6_s20260816","smooth_smooth",1,"cold_common","row_asc",5,-3,1e+05,0.001,48.1508389991877,4.88777755445269,2.21824683093195,0.436055960455454,TRUE,TRUE,25,41.3436702486247,11.6841460814424,0.42286935998251,0.694171099974372,0.304508692607193,0.0650000000000004,FALSE,3,FALSE,"restricted","coarse"
"smooth_smooth_n120_k6_s20260816","smooth_smooth",1,"cold_common","row_asc",5,-1,1e+05,0.1,54.0598453293124,2.14648811180335,1.66045608353632,0.467058185603896,TRUE,TRUE,25,51.8372902324351,6.38462107512692,0.481891531682643,0.712387055535774,0.321604687773687,0.0630000000000006,FALSE,3,FALSE,"restricted","coarse"
"smooth_smooth_n120_k6_s20260816","smooth_smooth",1,"cold_common","row_asc",5,1,1e+05,10,88.702717964235,37.9443805792943,38.3573477462166,1.58088950731486,TRUE,TRUE,25,81.8536847971605,4.54031555709248,0.73681549164537,0.919551127371455,0.62672909972869,0.0650000000000004,FALSE,3,FALSE,"restricted","coarse"
"smooth_smooth_n120_k6_s20260816","smooth_smooth",1,"cold_common","row_asc",5,3,1e+05,1000,108.490250444985,-37.7433445423474,94.4658098704014,Inf,FALSE,TRUE,25,107.508622851739,4.00724310492245,0.95887678275693,1.01376855865961,0.797691956760755,0.0629999999999997,FALSE,3,FALSE,"restricted","coarse"
"smooth_smooth_n120_k6_s20260816","smooth_smooth",1,"cold_common","row_asc",5,5,1e+05,1e+05,108.768568487316,-21.5053836460127,79.5834998433716,Inf,FALSE,TRUE,25,107.936012136557,4.00015431853538,0.962571040296986,1.01371948053869,0.801100816501522,0.0649999999999995,FALSE,3,FALSE,"restricted","coarse"
"smooth_rough_n120_k6_s20260816","smooth_rough",6,"cold_common","row_asc",-5,-5,1e-05,1e-05,66.878914328026,40.33908718305,3.01393214044528,1.26467782391916,TRUE,TRUE,3,66.878914328028,36.8321354891478,1.16027079237954,3.75997140409809,13.839553416184,0.0180000000000007,FALSE,3,FALSE,"sufficient","coarse"
"smooth_rough_n120_k6_s20260816","smooth_rough",6,"cold_common","row_asc",-5,-3,1e-05,0.001,69.6223095050866,34.5265146385335,3.1596530629658,1.14358077158905,TRUE,TRUE,3,69.6223095050866,33.1075070874817,1.1065350050736,2.4877133300871,5.89470301437083,0.0169999999999995,FALSE,3,FALSE,"sufficient","coarse"
"smooth_rough_n120_k6_s20260816","smooth_rough",6,"cold_common","row_asc",-5,-1,1e-05,0.1,85.0963115486672,21.9236773901155,3.89957478980645,1.06160666201303,TRUE,TRUE,3,85.0963115486672,21.6758161019784,1.05626108931346,1.09643888865754,0.837020762714926,0.0230000000000006,FALSE,3,FALSE,"sufficient","coarse"
"smooth_rough_n120_k6_s20260816","smooth_rough",6,"cold_common","row_asc",-5,1,1e-05,10,93.700598212257,15.222920292052,3.32543896112301,1.0242147593549,TRUE,TRUE,3,93.7006090284897,12.866413494329,0.979653223222617,1.08941086583007,0.804657229606558,0.0179999999999998,FALSE,3,FALSE,"sufficient","coarse"
"smooth_rough_n120_k6_s20260816","smooth_rough",6,"cold_common","row_asc",-5,3,1e-05,1000,94.1994714863745,13.9518392148143,3.56773368720815,1.00513276562462,TRUE,TRUE,21,94.2009475523134,11.8459569058533,0.966386821667543,1.09074712680585,0.809502686972872,0.0519999999999996,FALSE,3,FALSE,"sufficient","coarse"
"smooth_rough_n120_k6_s20260816","smooth_rough",6,"cold_common","row_asc",-5,5,1e-05,1e+05,94.2059454940766,14.32219796815,3.0481879862371,1.01225985811526,TRUE,TRUE,3,96.5537486506862,7.25060727188403,0.911427153133546,1.09076517277411,0.809564577618412,0.0170000000000003,FALSE,3,FALSE,"sufficient","coarse"
"smooth_rough_n120_k6_s20260816","smooth_rough",6,"cold_common","row_asc",-3,-5,0.001,1e-05,70.7740259946449,35.3295829886409,3.48110545167317,1.18465461282211,TRUE,TRUE,3,70.7740259946446,33.1729267822405,1.12653534772287,1.75853600923668,2.80100882487015,0.0170000000000003,FALSE,3,FALSE,"sufficient","coarse"
"smooth_rough_n120_k6_s20260816","smooth_rough",6,"cold_common","row_asc",-3,-3,0.001,0.001,71.6750109101694,32.4360653276985,3.33408863710327,1.12175619641323,TRUE,TRUE,3,71.6750109101692,31.3968344837187,1.09559625093644,1.7854612599955,2.88138683132872,0.0209999999999999,FALSE,3,FALSE,"sufficient","coarse"
"smooth_rough_n120_k6_s20260816","smooth_rough",6,"cold_common","row_asc",-3,-1,0.001,0.1,85.2732707194145,21.051802513661,3.55419498760479,1.04514944113609,TRUE,TRUE,3,85.2732707194143,21.2989732470968,1.0503905986519,1.08482552149037,0.810978132085264,0.0230000000000006,FALSE,3,FALSE,"sufficient","coarse"
"smooth_rough_n120_k6_s20260816","smooth_rough",6,"cold_common","row_asc",-3,1,0.001,10,93.7055884128299,14.4437711914853,2.98174869267199,1.00920410055035,TRUE,TRUE,3,93.7055884128409,14.1354112498785,1.00333348988035,1.0880315084998,0.801479716489318,0.0179999999999998,FALSE,3,FALSE,"sufficient","coarse"
"smooth_rough_n120_k6_s20260816","smooth_rough",6,"cold_common","row_asc",-3,3,0.001,1000,94.2075824034241,13.5356005625301,2.75165938284496,0.997374562866975,TRUE,TRUE,8,94.2075803505871,11.6927625405141,0.963722809849178,1.08922142076491,0.806044866132853,0.0499999999999998,FALSE,3,FALSE,"sufficient","coarse"
"smooth_rough_n120_k6_s20260816","smooth_rough",6,"cold_common","row_asc",-3,5,0.001,1e+05,94.2141108439183,13.5376114744974,2.6945091995692,0.997481360121605,TRUE,TRUE,3,94.2141108080225,11.6814703631107,0.963588675852601,1.08923397618279,0.80610176762446,0.0220000000000002,FALSE,3,FALSE,"sufficient","coarse"
"smooth_rough_n120_k6_s20260816","smooth_rough",6,"cold_common","row_asc",-1,-5,0.1,1e-05,86.3802647080908,20.317933062235,3.9480060175993,1.04318589756249,TRUE,TRUE,3,86.3802647080909,21.6014704265056,1.07057860386348,1.12268891319037,0.897922345197443,0.0179999999999998,FALSE,3,FALSE,"sufficient","coarse"
"smooth_rough_n120_k6_s20260816","smooth_rough",6,"cold_common","row_asc",-1,-3,0.1,0.001,86.3999696639414,19.7474656571578,3.70358896752334,1.03158285522402,TRUE,TRUE,3,86.3999696639414,21.1964843348861,1.06206241462775,1.11321673331857,0.87649649531765,0.0170000000000003,FALSE,3,FALSE,"sufficient","coarse"
"smooth_rough_n120_k6_s20260816","smooth_rough",6,"cold_common","row_asc",-1,-1,0.1,0.1,89.6034750535703,14.0890976466425,2.55140301821429,0.95857205214253,TRUE,TRUE,3,89.6034750535705,16.4436428540709,1.00265741477657,1.06768277733121,0.763417385098352,0.0190000000000001,FALSE,3,FALSE,"sufficient","coarse"
"smooth_rough_n120_k6_s20260816","smooth_rough",6,"cold_common","row_asc",-1,1,0.1,10,95.3003324276847,8.42815253977269,1.55796001748254,0.918684550277973,TRUE,TRUE,3,95.3004946049017,8.95692574288784,0.927456281546949,1.09046118919271,0.799589195931339,0.016,FALSE,3,FALSE,"sufficient","coarse"
"smooth_rough_n120_k6_s20260816","smooth_rough",6,"cold_common","row_asc",-1,3,0.1,1000,95.7860405189352,7.40828042786083,1.1860012640009,0.906714505054978,TRUE,TRUE,3,95.7860410268162,8.07856506401129,0.917607449156706,1.09034058027194,0.801495576212252,0.0169999999999995,FALSE,3,TRUE,"sufficient","coarse"
"smooth_rough_n120_k6_s20260816","smooth_rough",6,"cold_common","row_asc",-1,5,0.1,1e+05,95.7925794622002,7.3952847311845,1.18104812601189,0.906567113120497,TRUE,TRUE,3,98.3048786727419,6.25697578192592,0.911815090014622,1.09033388206648,0.801514511978636,0.0200000000000005,FALSE,3,TRUE,"sufficient","coarse"
"smooth_rough_n120_k6_s20260816","smooth_rough",6,"cold_common","row_asc",1,-5,10,1e-05,107.079956378732,14.0011333222227,3.89036407983288,1.14363381437964,TRUE,TRUE,3,107.079956378732,14.6982931832299,1.15882701305626,1.21016011756496,1.07437096288382,0.0169999999999995,FALSE,3,FALSE,"sufficient","coarse"
"smooth_rough_n120_k6_s20260816","smooth_rough",6,"cold_common","row_asc",1,-3,10,0.001,107.104933155344,13.5819738313868,3.63933200569181,1.13490712286612,TRUE,TRUE,3,107.105140771573,12.4145260982519,1.11041236175863,1.20089300834692,1.05173529933661,0.0170000000000003,FALSE,3,FALSE,"sufficient","coarse"
"smooth_rough_n120_k6_s20260816","smooth_rough",6,"cold_common","row_asc",1,-1,10,0.1,110.043261170463,9.27362191099399,2.52941349928856,1.07706647975461,TRUE,TRUE,3,110.043417387235,8.84078908398071,1.06869654301519,1.15098275341467,0.924735612830323,0.0190000000000001,FALSE,3,FALSE,"sufficient","coarse"
"smooth_rough_n120_k6_s20260816","smooth_rough",6,"cold_common","row_asc",1,1,10,10,113.671834205192,5.47698123517919,1.47843241763488,1.04003639996498,TRUE,TRUE,3,113.67183420519,5.25954326182197,1.03609830981206,1.16370034476293,0.944250731510625,0.0170000000000003,FALSE,3,FALSE,"sufficient","coarse"
"smooth_rough_n120_k6_s20260816","smooth_rough",6,"cold_common","row_asc",1,3,10,1000,113.978144970413,4.70346401769812,1.17115554492049,1.02889323500686,TRUE,TRUE,4,113.978143835085,4.58453246409105,1.02677384120499,1.16339751003918,0.944942971686199,0.0289999999999999,FALSE,3,FALSE,"sufficient","coarse"
"smooth_rough_n120_k6_s20260816","smooth_rough",6,"cold_common","row_asc",1,5,10,1e+05,113.982787694917,4.68731475813811,1.16488832775185,1.02864696587029,TRUE,TRUE,3,115.492217238343,3.79961020878125,1.02640508596934,1.16339808244289,0.944963256480604,0.0170000000000003,FALSE,3,FALSE,"sufficient","coarse"
"smooth_rough_n120_k6_s20260816","smooth_rough",6,"cold_common","row_asc",3,-5,1000,1e-05,108.708103531953,13.6383837900805,3.81634292431486,1.15311682617854,TRUE,TRUE,3,108.71585166861,11.8601640499045,1.11558510142518,1.21395108941262,1.08390582326466,0.0169999999999995,FALSE,3,FALSE,"sufficient","coarse"
"smooth_rough_n120_k6_s20260816","smooth_rough",6,"cold_common","row_asc",3,-3,1000,0.001,108.742349162575,13.2243099283822,3.57035288416586,1.14455108957048,TRUE,TRUE,3,108.742349162488,11.6948927281975,1.1124540544578,1.20476506904069,1.06135792774257,0.0190000000000001,FALSE,3,FALSE,"sufficient","coarse"
"smooth_rough_n120_k6_s20260816","smooth_rough",6,"cold_common","row_asc",3,-1,1000,0.1,111.964775792588,8.9263680335356,2.49048898763581,1.08903218470028,TRUE,TRUE,3,111.964775793073,8.10614308487201,1.07312465493489,1.15511565433294,0.934143695704344,0.0169999999999995,FALSE,3,FALSE,"sufficient","coarse"
"smooth_rough_n120_k6_s20260816","smooth_rough",6,"cold_common","row_asc",3,1,1000,10,115.344827744576,5.10675254028321,1.3658520605397,1.04855293675179,TRUE,TRUE,3,115.344827744185,4.55406411340624,1.03853723792125,1.16629495689097,0.951672100442867,0.0170000000000003,FALSE,3,FALSE,"sufficient","coarse"
"smooth_rough_n120_k6_s20260816","smooth_rough",6,"cold_common","row_asc",3,3,1000,1000,115.614199208126,4.49288473828807,1.12974618166873,1.03986017590937,TRUE,TRUE,3,115.615182887428,3.99852243920761,1.03102471128482,1.16580680897705,0.951933191408027,0.0209999999999999,FALSE,3,FALSE,"sufficient","coarse"
"smooth_rough_n120_k6_s20260816","smooth_rough",6,"cold_common","row_asc",3,5,1000,1e+05,115.618541522486,4.48264407018439,1.12571316986824,1.03971486472127,TRUE,TRUE,3,115.618541522485,4.00554640732016,1.03117953613683,1.16579862567953,0.951937469024523,0.0179999999999998,FALSE,3,FALSE,"sufficient","coarse"
"smooth_rough_n120_k6_s20260816","smooth_rough",6,"cold_common","row_asc",5,-5,1e+05,1e-05,108.725989392478,13.6341938190561,3.81547225388598,1.15321568921026,TRUE,TRUE,3,108.725989375618,11.9965247718234,1.11850815365386,1.21398760171862,1.08400362160859,0.0170000000000003,FALSE,3,FALSE,"sufficient","coarse"
"smooth_rough_n120_k6_s20260816","smooth_rough",6,"cold_common","row_asc",5,-3,1e+05,0.001,108.760340237842,13.2201908677296,3.56947451440489,1.14465213624697,TRUE,TRUE,3,108.760340363568,11.6841460814424,1.11241733606251,1.20480252737614,1.06145690998525,0.0190000000000001,FALSE,3,FALSE,"sufficient","coarse"
"smooth_rough_n120_k6_s20260816","smooth_rough",6,"cold_common","row_asc",5,-1,1e+05,0.1,111.986676097289,8.92224996102243,2.48996879920485,1.08916443595728,TRUE,TRUE,3,115.024195427548,6.38462107512692,1.06929172930537,1.15515754953981,0.9342429992116,0.0170000000000003,FALSE,3,FALSE,"sufficient","coarse"
"smooth_rough_n120_k6_s20260816","smooth_rough",6,"cold_common","row_asc",5,1,1e+05,10,115.369047075105,5.10003651028438,1.36394728859152,1.04865050452586,TRUE,TRUE,3,115.369046792158,4.54031555709248,1.03850793209215,1.16633422909186,0.951774760989577,0.0190000000000001,FALSE,3,FALSE,"sufficient","coarse"
"smooth_rough_n120_k6_s20260816","smooth_rough",6,"cold_common","row_asc",5,3,1e+05,1000,115.633349567977,4.48797683645852,1.12811684467296,1.03994404216052,TRUE,TRUE,3,115.633349567584,4.00724310492245,1.03134177772586,1.16582567437907,0.952002455015469,0.0180000000000007,FALSE,3,FALSE,"sufficient","coarse"
"smooth_rough_n120_k6_s20260816","smooth_rough",6,"cold_common","row_asc",5,5,1e+05,1e+05,115.636926948486,4.48012641996175,1.12517002798137,1.03983487208458,TRUE,TRUE,3,115.636926934014,4.00015431853538,1.03124763322548,1.16581823175685,0.95200463832541,0.0170000000000003,FALSE,3,FALSE,"sufficient","coarse"
"smooth_rough_n120_k6_s20260816","smooth_rough",6,"continuation","serpentine",-5,-5,1e-05,1e-05,66.878914328026,40.33908718305,3.01393214044528,1.26467782391916,TRUE,TRUE,3,66.878914328028,36.8321354891478,1.16027079237954,3.75997140409809,13.839553416184,0.0199999999999996,FALSE,3,FALSE,"sufficient","coarse_serpentine"
"smooth_rough_n120_k6_s20260816","smooth_rough",6,"continuation","serpentine",-5,-3,1e-05,0.001,69.6223095050866,34.5265146388849,3.15965306249749,1.14358077159845,TRUE,TRUE,3,69.6223095050866,33.1075070874817,1.1065350050736,2.48771333008705,5.8947030143706,0.0170000000000003,FALSE,3,FALSE,"sufficient","coarse_serpentine"
"smooth_rough_n120_k6_s20260816","smooth_rough",6,"continuation","serpentine",-5,-1,1e-05,0.1,85.0963115486673,21.9236773901481,3.89957478970639,1.06160666201374,TRUE,TRUE,3,85.0963115486672,21.6758161019784,1.05626108931346,1.09643888865752,0.837020762714871,0.016,FALSE,3,FALSE,"sufficient","coarse_serpentine"
"smooth_rough_n120_k6_s20260816","smooth_rough",6,"continuation","serpentine",-5,1,1e-05,10,93.7005982122768,15.2229201911937,3.3254388213379,1.0242147573833,TRUE,TRUE,3,93.7006090284897,12.866413494329,0.979653223222617,1.08941086584042,0.804657229622934,0.0190000000000001,FALSE,3,FALSE,"sufficient","coarse_serpentine"
"smooth_rough_n120_k6_s20260816","smooth_rough",6,"continuation","serpentine",-5,3,1e-05,1000,114.236138170369,4844.3866077816,1887.91175330185,Inf,FALSE,TRUE,25,94.2009475523134,11.8459569058533,0.966386821667543,1.06270438950056,0.789294157171502,0.0500000000000007,FALSE,3,FALSE,"sufficient","coarse_serpentine"
"smooth_rough_n120_k6_s20260816","smooth_rough",6,"continuation","serpentine",-5,5,1e-05,1e+05,NA,NA,NA,Inf,FALSE,FALSE,NA,96.5537486506862,7.25060727188403,0.911427153133546,NA,NA,0.00600000000000023,FALSE,3,FALSE,"sufficient","coarse_serpentine"
"smooth_rough_n120_k6_s20260816","smooth_rough",6,"continuation","serpentine",-3,5,0.001,1e+05,94.2141104969803,13.5416675707067,2.69144940437929,0.997557366608113,TRUE,TRUE,12,94.2141108080225,11.6814703631107,0.963588675852601,1.08923406202458,0.80610192713506,0.0270000000000001,FALSE,3,FALSE,"sufficient","coarse_serpentine"
"smooth_rough_n120_k6_s20260816","smooth_rough",6,"continuation","serpentine",-3,3,0.001,1000,94.2075782793629,13.5534324261509,2.70024112662322,0.997708706328401,TRUE,TRUE,12,94.2075803505871,11.6927625405141,0.963722809849178,1.08922258076323,0.806047015000392,0.0309999999999997,FALSE,3,FALSE,"sufficient","coarse_serpentine"
"smooth_rough_n120_k6_s20260816","smooth_rough",6,"continuation","serpentine",-3,1,0.001,10,NA,NA,NA,Inf,FALSE,FALSE,NA,93.7055884128409,14.1354112498785,1.00333348988035,NA,NA,0.00300000000000011,FALSE,3,FALSE,"sufficient","coarse_serpentine"
"smooth_rough_n120_k6_s20260816","smooth_rough",6,"continuation","serpentine",-3,-1,0.001,0.1,NA,NA,NA,Inf,FALSE,FALSE,NA,85.2732707194143,21.2989732470968,1.0503905986519,NA,NA,0.00199999999999978,FALSE,3,FALSE,"sufficient","coarse_serpentine"
"smooth_rough_n120_k6_s20260816","smooth_rough",6,"continuation","serpentine",-3,-3,0.001,0.001,71.672665158683,32.8221431007514,4.55177176687413,1.13167682707833,TRUE,TRUE,25,71.6750109101692,31.3968344837187,1.09559625093644,1.7857026766085,2.88229698590022,0.116,FALSE,3,FALSE,"sufficient","coarse_serpentine"
"smooth_rough_n120_k6_s20260816","smooth_rough",6,"continuation","serpentine",-3,-5,0.001,1e-05,70.7745620786873,30.5006859503447,2.36913636718862,1.06027622547091,TRUE,TRUE,25,70.7740259946446,33.1729267822405,1.12653534772287,1.76116502474305,2.81026142665514,0.116000000000001,FALSE,3,FALSE,"sufficient","coarse_serpentine"
"smooth_rough_n120_k6_s20260816","smooth_rough",6,"continuation","serpentine",-1,-5,0.1,1e-05,86.3784312795351,14.5269389965304,4.48213191406304,0.931758703833729,TRUE,TRUE,25,86.3802647080909,21.6014704265056,1.07057860386348,1.12238296092501,0.897235053836962,0.119,FALSE,3,FALSE,"sufficient","coarse_serpentine"
"smooth_rough_n120_k6_s20260816","smooth_rough",6,"continuation","serpentine",-1,-3,0.1,0.001,86.4026917863965,16.8427640229595,7.11053661699906,0.97433684228339,TRUE,TRUE,25,86.3999696639414,21.1964843348861,1.06206241462775,1.11318927971072,0.876431784627726,0.118,FALSE,3,FALSE,"sufficient","coarse_serpentine"
"smooth_rough_n120_k6_s20260816","smooth_rough",6,"continuation","serpentine",-1,-1,0.1,0.1,89.603514063404,14.0736086664853,2.50517644510531,0.95829215737013,TRUE,TRUE,25,89.6034750535705,16.4436428540709,1.00265741477657,1.0676810571705,0.763413457184792,0.117999999999999,FALSE,3,FALSE,"sufficient","coarse_serpentine"
"smooth_rough_n120_k6_s20260816","smooth_rough",6,"continuation","serpentine",-1,1,0.1,10,95.3003324286551,8.42815384564091,1.55796034593743,0.918684571792411,TRUE,TRUE,3,95.3004946049017,8.95692574288784,0.927456281546949,1.09046118920358,0.799589195941612,0.0180000000000007,FALSE,3,FALSE,"sufficient","coarse_serpentine"
"smooth_rough_n120_k6_s20260816","smooth_rough",6,"continuation","serpentine",-1,3,0.1,1000,95.7855415956444,7.47683292004346,1.13906797236386,0.907814908413844,TRUE,TRUE,25,95.7860410268162,8.07856506401129,0.917607449156706,1.09032076932383,0.801452461855017,0.117000000000001,FALSE,3,TRUE,"sufficient","coarse_serpentine"
"smooth_rough_n120_k6_s20260816","smooth_rough",6,"continuation","serpentine",-1,5,0.1,1e+05,NA,NA,NA,Inf,FALSE,FALSE,NA,98.3048786727419,6.25697578192592,0.911815090014622,NA,NA,0.00399999999999956,FALSE,3,FALSE,"sufficient","coarse_serpentine"
"smooth_rough_n120_k6_s20260816","smooth_rough",6,"continuation","serpentine",1,5,10,1e+05,NA,NA,NA,Inf,FALSE,FALSE,NA,115.492217238343,3.79961020878125,1.02640508596934,NA,NA,0.00399999999999956,FALSE,3,FALSE,"sufficient","coarse_serpentine"
"smooth_rough_n120_k6_s20260816","smooth_rough",6,"continuation","serpentine",1,3,10,1000,NA,NA,NA,Inf,FALSE,FALSE,NA,113.978143835085,4.58453246409105,1.02677384120499,NA,NA,0.00399999999999956,FALSE,3,FALSE,"sufficient","coarse_serpentine"
"smooth_rough_n120_k6_s20260816","smooth_rough",6,"continuation","serpentine",1,1,10,10,113.671834224787,5.4769847644344,1.4784317320666,1.04003646424586,TRUE,TRUE,3,113.67183420519,5.25954326182197,1.03609830981206,1.16370034489629,0.944250731868328,0.0179999999999989,FALSE,3,FALSE,"sufficient","coarse_serpentine"
"smooth_rough_n120_k6_s20260816","smooth_rough",6,"continuation","serpentine",1,-1,10,0.1,110.043264074108,9.26953111288285,2.53127085107616,1.07698692790554,TRUE,TRUE,25,110.043417387235,8.84078908398071,1.06869654301519,1.15098270278745,0.924735367499429,0.0870000000000015,FALSE,3,FALSE,"sufficient","coarse_serpentine"
"smooth_rough_n120_k6_s20260816","smooth_rough",6,"continuation","serpentine",1,-3,10,0.001,107.104944941727,13.6080341994405,3.61242803227328,1.13546329957268,TRUE,TRUE,25,107.105140771573,12.4145260982519,1.11041236175863,1.20089287183037,1.0517352774843,0.115,FALSE,3,FALSE,"sufficient","coarse_serpentine"
"smooth_rough_n120_k6_s20260816","smooth_rough",6,"continuation","serpentine",1,-5,10,1e-05,NA,NA,NA,Inf,FALSE,FALSE,NA,107.079956378732,14.6982931832299,1.15882701305626,NA,NA,0.0169999999999995,FALSE,3,FALSE,"sufficient","coarse_serpentine"
"smooth_rough_n120_k6_s20260816","smooth_rough",6,"continuation","serpentine",3,-5,1000,1e-05,108.715436569188,10.3718369959346,1.48221566229658,1.08549589769142,FALSE,TRUE,25,108.71585166861,11.8601640499045,1.11558510142518,1.21398523402391,1.08397109731721,0.0999999999999996,FALSE,3,FALSE,"sufficient","coarse_serpentine"
"smooth_rough_n120_k6_s20260816","smooth_rough",6,"continuation","serpentine",3,-3,1000,0.001,108.742184477052,13.2034579452164,3.57544653383409,1.14410245420056,TRUE,TRUE,25,108.742349162488,11.6948927281975,1.1124540544578,1.20476445924372,1.06135716074761,0.118,FALSE,3,FALSE,"sufficient","coarse_serpentine"
"smooth_rough_n120_k6_s20260816","smooth_rough",6,"continuation","serpentine",3,-1,1000,0.1,111.964723131712,8.92631111501674,2.49333264990778,1.08903055636619,TRUE,TRUE,25,111.964775793073,8.10614308487201,1.07312465493489,1.15511545154737,0.934143268447062,0.0920000000000005,FALSE,3,FALSE,"sufficient","coarse_serpentine"
"smooth_rough_n120_k6_s20260816","smooth_rough",6,"continuation","serpentine",3,1,1000,10,115.344827475312,5.10748403885355,1.36647803285266,1.04856628621659,TRUE,TRUE,8,115.344827744185,4.55406411340624,1.03853723792125,1.16629495567045,0.951672098271699,0.0540000000000003,FALSE,3,FALSE,"sufficient","coarse_serpentine"
"smooth_rough_n120_k6_s20260816","smooth_rough",6,"continuation","serpentine",3,3,1000,1000,115.614199779579,4.49298986056901,1.12975517180254,1.03986207379182,TRUE,TRUE,4,115.615182887428,3.99852243920761,1.03102471128482,1.16580681152477,0.951933198616085,0.0220000000000002,FALSE,3,FALSE,"sufficient","coarse_serpentine"
"smooth_rough_n120_k6_s20260816","smooth_rough",6,"continuation","serpentine",3,5,1000,1e+05,115.618541528116,4.48264331952708,1.12570987104816,1.0397148512593,TRUE,TRUE,3,115.618541522485,4.00554640732016,1.03117953613683,1.16579862564912,0.951937469009286,0.0179999999999989,FALSE,3,FALSE,"sufficient","coarse_serpentine"
"smooth_rough_n120_k6_s20260816","smooth_rough",6,"continuation","serpentine",5,5,1e+05,1e+05,115.855317734103,4.12708890525523,9.44499740345548,1.0354601336626,TRUE,TRUE,15,115.636926934014,4.00015431853538,1.03124763322548,1.15773818362321,0.934194264254024,0.0560000000000009,FALSE,3,FALSE,"sufficient","coarse_serpentine"
"smooth_rough_n120_k6_s20260816","smooth_rough",6,"continuation","serpentine",5,3,1e+05,1000,115.633378617534,5.63184684195214,3.44304638741944,1.06085064576285,TRUE,TRUE,3,115.633349567584,4.00724310492245,1.03134177772586,1.16572817274519,0.951787540935774,0.0170000000000012,FALSE,3,FALSE,"sufficient","coarse_serpentine"
"smooth_rough_n120_k6_s20260816","smooth_rough",6,"continuation","serpentine",5,1,1e+05,10,115.369046763969,5.10001920640714,1.36395877634109,1.04865018584536,TRUE,TRUE,3,115.369046792158,4.54031555709248,1.03850793209215,1.16633422872954,0.951774759684688,0.0310000000000006,FALSE,3,FALSE,"sufficient","coarse_serpentine"
"smooth_rough_n120_k6_s20260816","smooth_rough",6,"continuation","serpentine",5,-1,1e+05,0.1,111.986676096151,8.92228580549295,2.48998467428751,1.08916513888701,TRUE,TRUE,3,115.024195427548,6.38462107512692,1.06929172930537,1.1551575495969,0.93424299929803,0.0169999999999995,FALSE,3,FALSE,"sufficient","coarse_serpentine"
"smooth_rough_n120_k6_s20260816","smooth_rough",6,"continuation","serpentine",5,-3,1e+05,0.001,108.760340364095,13.220160377155,3.56947568701983,1.14465148387374,TRUE,TRUE,3,108.760340363568,11.6841460814424,1.11241733606251,1.20480252652223,1.06145690836067,0.0199999999999996,FALSE,3,FALSE,"sufficient","coarse_serpentine"
"smooth_rough_n120_k6_s20260816","smooth_rough",6,"continuation","serpentine",5,-5,1e+05,1e-05,108.725989465423,13.6340863925275,3.81538551026958,1.15321336055545,TRUE,TRUE,3,108.725989375618,11.9965247718234,1.11850815365386,1.21398760075169,1.08400361735662,0.0180000000000007,FALSE,3,FALSE,"sufficient","coarse_serpentine"
"smooth_rough_n120_k6_s20260816","smooth_rough",1,"cold_common","row_asc",-5,-5,1e-05,1e-05,95.185759776078,-58.7721262054554,101.901424181706,Inf,FALSE,TRUE,25,66.878914328028,36.8321354891478,1.16027079237954,1.04610383198306,0.745173254214014,0.065999999999999,FALSE,3,FALSE,"restricted","coarse"
"smooth_rough_n120_k6_s20260816","smooth_rough",1,"cold_common","row_asc",-5,-3,1e-05,0.001,95.1938110554613,-56.85291948244,102.720190383117,Inf,FALSE,TRUE,25,69.6223095050866,33.1075070874817,1.1065350050736,1.04433910626077,0.741185879099882,0.0679999999999996,FALSE,3,FALSE,"restricted","coarse"
"smooth_rough_n120_k6_s20260816","smooth_rough",1,"cold_common","row_asc",-5,-1,1e-05,0.1,97.2418051326984,-37.2691374387806,151.369377461481,Inf,FALSE,TRUE,25,85.0963115486672,21.6758161019784,1.05626108931346,1.04583822871716,0.729843056898797,0.0679999999999996,FALSE,3,FALSE,"restricted","coarse"
"smooth_rough_n120_k6_s20260816","smooth_rough",1,"cold_common","row_asc",-5,1,1e-05,10,100.151713613188,-27.4766066815635,222.271606916861,Inf,FALSE,TRUE,25,93.7006090284897,12.866413494329,0.979653223222617,1.07805183063429,0.787593583464142,0.0670000000000002,FALSE,3,FALSE,"restricted","coarse"
"smooth_rough_n120_k6_s20260816","smooth_rough",1,"cold_common","row_asc",-5,3,1e-05,1000,100.498975242942,-26.2926019414411,220.811139358016,Inf,FALSE,TRUE,25,94.2009475523134,11.8459569058533,0.966386821667543,1.07928853227984,0.791890210528619,0.0649999999999995,FALSE,3,FALSE,"restricted","coarse"
"smooth_rough_n120_k6_s20260816","smooth_rough",1,"cold_common","row_asc",-5,5,1e-05,1e+05,100.504231667551,-26.2714516566938,220.786915687434,Inf,FALSE,TRUE,25,96.5537486506862,7.25060727188403,0.911427153133546,1.07930325373927,0.791946760723453,0.0680000000000014,FALSE,3,FALSE,"restricted","coarse"
"smooth_rough_n120_k6_s20260816","smooth_rough",1,"cold_common","row_asc",-3,-5,0.001,1e-05,95.1829993750015,-56.5535490083432,103.542904280931,Inf,FALSE,TRUE,25,70.7740259946446,33.1729267822405,1.12653534772287,1.04659418804853,0.745764874235841,0.0679999999999996,FALSE,3,FALSE,"restricted","coarse"
"smooth_rough_n120_k6_s20260816","smooth_rough",1,"cold_common","row_asc",-3,-3,0.001,0.001,95.194774467061,-55.1786347516552,104.162166395161,Inf,FALSE,TRUE,25,71.6750109101692,31.3968344837187,1.09559625093644,1.04487832883552,0.741908955353581,0.0670000000000002,FALSE,3,FALSE,"restricted","coarse"
"smooth_rough_n120_k6_s20260816","smooth_rough",1,"cold_common","row_asc",-3,-1,0.001,0.1,97.2420679111796,-37.4303347219753,150.862608882096,Inf,FALSE,TRUE,25,85.2732707194143,21.2989732470968,1.0503905986519,1.04595573740831,0.729947646265908,0.0660000000000007,FALSE,3,FALSE,"restricted","coarse"
"smooth_rough_n120_k6_s20260816","smooth_rough",1,"cold_common","row_asc",-3,1,0.001,10,100.151081556428,-27.9601703052807,220.857216627859,Inf,FALSE,TRUE,25,93.7055884128409,14.1354112498785,1.00333348988035,1.07772484758904,0.78682437167631,0.0679999999999996,FALSE,3,FALSE,"restricted","coarse"
"smooth_rough_n120_k6_s20260816","smooth_rough",1,"cold_common","row_asc",-3,3,0.001,1000,100.498064451456,-26.8730850555167,219.239246041088,Inf,FALSE,TRUE,25,94.2075803505871,11.6927625405141,0.963722809849178,1.07885997473982,0.790924531970016,0.0670000000000002,FALSE,3,FALSE,"restricted","coarse"
"smooth_rough_n120_k6_s20260816","smooth_rough",1,"cold_common","row_asc",-3,5,0.001,1e+05,100.503320099202,-26.8536744690022,219.212206585189,Inf,FALSE,TRUE,25,94.2141108080225,11.6814703631107,0.963588675852601,1.07887319979717,0.790978219183977,0.0670000000000002,FALSE,3,FALSE,"restricted","coarse"
"smooth_rough_n120_k6_s20260816","smooth_rough",1,"cold_common","row_asc",-1,-5,0.1,1e-05,96.8147934590095,-38.1851693062398,89.999114309987,Inf,FALSE,TRUE,25,86.3802647080909,21.6014704265056,1.07057860386348,1.06646408660362,0.772883472016031,0.0679999999999996,FALSE,3,FALSE,"restricted","coarse"
"smooth_rough_n120_k6_s20260816","smooth_rough",1,"cold_common","row_asc",-1,-3,0.1,0.001,96.8320254389159,-37.9884600534035,90.1333593461099,Inf,FALSE,TRUE,25,86.3999696639414,21.1964843348861,1.06206241462775,1.06500040593676,0.769716770951929,0.0680000000000014,FALSE,3,FALSE,"restricted","coarse"
"smooth_rough_n120_k6_s20260816","smooth_rough",1,"cold_common","row_asc",-1,-1,0.1,0.1,98.5959433756279,-34.1737080145707,122.279569654987,Inf,FALSE,TRUE,25,89.6034750535705,16.4436428540709,1.00265741477657,1.05692168497055,0.742888783496133,0.0679999999999996,FALSE,3,FALSE,"restricted","coarse"
"smooth_rough_n120_k6_s20260816","smooth_rough",1,"cold_common","row_asc",-1,1,0.1,10,101.525345237816,-27.7280349490841,176.655271780157,Inf,FALSE,TRUE,25,95.3004946049017,8.95692574288784,0.927456281546949,1.08001608017002,0.782575301182065,0.0670000000000002,FALSE,3,FALSE,"restricted","coarse"
"smooth_rough_n120_k6_s20260816","smooth_rough",1,"cold_common","row_asc",-1,3,0.1,1000,101.842985268439,-27.0909648710991,175.121768940284,Inf,FALSE,TRUE,25,95.7860410268162,8.07856506401129,0.917607449156706,1.08026588016129,0.784769688270627,0.0670000000000002,FALSE,3,FALSE,"restricted","coarse"
"smooth_rough_n120_k6_s20260816","smooth_rough",1,"cold_common","row_asc",-1,5,0.1,1e+05,101.847707414379,-27.0821756275108,175.090253000106,Inf,FALSE,TRUE,25,98.3048786727419,6.25697578192592,0.911815090014622,1.08026668337952,0.784796846757197,0.0700000000000003,FALSE,3,FALSE,"restricted","coarse"
"smooth_rough_n120_k6_s20260816","smooth_rough",1,"cold_common","row_asc",1,-5,10,1e-05,110.569279039308,-2.86225355845029,27.7132481197211,Inf,FALSE,TRUE,25,107.079956378732,14.6982931832299,1.15882701305626,1.198701241205,1.04586739825581,0.0679999999999996,FALSE,3,FALSE,"restricted","coarse"
"smooth_rough_n120_k6_s20260816","smooth_rough",1,"cold_common","row_asc",1,-3,10,0.001,110.546425459963,-2.10483044922025,27.532803400386,Inf,FALSE,TRUE,25,107.105140771573,12.4145260982519,1.11041236175863,1.19446161568477,1.03559680173424,0.0670000000000002,FALSE,3,FALSE,"restricted","coarse"
"smooth_rough_n120_k6_s20260816","smooth_rough",1,"cold_common","row_asc",1,-1,10,0.1,112.784219872938,2.92597199915931,44.1441858715211,0.987434880649095,TRUE,TRUE,25,110.043417387235,8.84078908398071,1.06869654301519,1.16089309589959,0.94599773202907,0.065999999999999,FALSE,3,TRUE,"restricted","coarse"
"smooth_rough_n120_k6_s20260816","smooth_rough",1,"cold_common","row_asc",1,1,10,10,116.08555013344,1.2685492892905,33.1352246082939,0.988161345775961,TRUE,TRUE,25,113.67183420519,5.25954326182197,1.03609830981206,1.17045998030719,0.959572321244963,0.0690000000000008,FALSE,3,TRUE,"restricted","coarse"
"smooth_rough_n120_k6_s20260816","smooth_rough",1,"cold_common","row_asc",1,3,10,1000,116.429361399146,2.72427804162969,7.69867796833964,1.01584519594047,TRUE,TRUE,25,113.978143835085,4.58453246409105,1.02677384120499,1.16956149254083,0.95913646964572,0.0700000000000003,FALSE,3,FALSE,"restricted","coarse"
"smooth_rough_n120_k6_s20260816","smooth_rough",1,"cold_common","row_asc",1,5,10,1e+05,116.434655339284,2.75963462322919,7.19743018423548,1.01650420965755,TRUE,TRUE,25,115.492217238343,3.79961020878125,1.02640508596934,1.16954870846172,0.959131137090323,0.0700000000000003,FALSE,3,FALSE,"restricted","coarse"
"smooth_rough_n120_k6_s20260816","smooth_rough",1,"cold_common","row_asc",3,-5,1000,1e-05,111.122162994349,-1.65488251087254,26.5344415414779,Inf,FALSE,TRUE,25,108.71585166861,11.8601640499045,1.11558510142518,1.20319630898577,1.05671726150958,0.0969999999999995,FALSE,3,FALSE,"restricted","coarse"
"smooth_rough_n120_k6_s20260816","smooth_rough",1,"cold_common","row_asc",3,-3,1000,0.001,111.109579978524,-0.923733225859193,26.3865390370299,Inf,FALSE,TRUE,25,108.742349162488,11.6948927281975,1.1124540544578,1.1988381952228,1.0461215766751,0.0640000000000001,FALSE,3,FALSE,"restricted","coarse"
"smooth_rough_n120_k6_s20260816","smooth_rough",1,"cold_common","row_asc",3,-1,1000,0.1,113.591778697368,4.25491461033556,42.9151603509025,1.01747331238029,TRUE,TRUE,25,111.964775793073,8.10614308487201,1.07312465493489,1.16421113417293,0.953957539255119,0.0649999999999995,FALSE,3,FALSE,"restricted","coarse"
"smooth_rough_n120_k6_s20260816","smooth_rough",1,"cold_common","row_asc",3,1,1000,10,116.987715044393,0.600409343536566,57.761245126343,0.98472696140111,TRUE,TRUE,25,115.344827744185,4.55406411340624,1.03853723792125,1.17312935830771,0.966512381267088,0.0680000000000014,FALSE,3,TRUE,"restricted","coarse"
"smooth_rough_n120_k6_s20260816","smooth_rough",1,"cold_common","row_asc",3,3,1000,1000,117.40735100146,2.96757538548482,4.56667094067997,1.02864170969054,TRUE,TRUE,25,115.615182887428,3.99852243920761,1.03102471128482,1.172230506849,0.966166917073254,0.0630000000000006,FALSE,3,FALSE,"restricted","coarse"
"smooth_rough_n120_k6_s20260816","smooth_rough",1,"cold_common","row_asc",3,5,1000,1e+05,117.458336908148,4.08011079844658,14.0437161953496,1.04893645369499,TRUE,TRUE,25,115.618541522485,4.00554640732016,1.03117953613683,1.17223582841166,0.966233410641795,0.0640000000000001,FALSE,3,FALSE,"restricted","coarse"
"smooth_rough_n120_k6_s20260816","smooth_rough",1,"cold_common","row_asc",5,-5,1e+05,1e-05,111.12782864683,-1.64181789354096,26.5225355680605,Inf,FALSE,TRUE,25,108.725989375618,11.9965247718234,1.11850815365386,1.20324041173889,1.0568249918268,0.0640000000000001,FALSE,3,FALSE,"restricted","coarse"
"smooth_rough_n120_k6_s20260816","smooth_rough",1,"cold_common","row_asc",5,-3,1e+05,0.001,111.115362686224,-0.910975864879845,26.3751025432745,Inf,FALSE,TRUE,25,108.760340363568,11.6841460814424,1.11241733606251,1.19888105215917,1.04622597020422,0.0640000000000001,FALSE,3,FALSE,"restricted","coarse"
"smooth_rough_n120_k6_s20260816","smooth_rough",1,"cold_common","row_asc",5,-1,1e+05,0.1,113.600404601825,4.26971843680935,42.9036326308508,1.01781091692883,TRUE,TRUE,25,115.024195427548,6.38462107512692,1.06929172930537,1.16424167299554,0.954033877657414,0.0630000000000006,FALSE,3,FALSE,"restricted","coarse"
"smooth_rough_n120_k6_s20260816","smooth_rough",1,"cold_common","row_asc",5,1,1e+05,10,116.986790384642,0.35692687698814,62.8099235215345,0.980715304330512,TRUE,TRUE,25,115.369046792158,4.54031555709248,1.03850793209215,1.17314141209191,0.966549769787532,0.0630000000000006,FALSE,3,TRUE,"restricted","coarse"
"smooth_rough_n120_k6_s20260816","smooth_rough",1,"cold_common","row_asc",5,3,1e+05,1000,117.392704819789,2.35843482065387,14.7486130593755,1.01788981128355,TRUE,TRUE,25,115.633349567584,4.00724310492245,1.03134177772586,1.17224203480197,0.966191094799638,0.0640000000000001,FALSE,3,FALSE,"restricted","coarse"
"smooth_rough_n120_k6_s20260816","smooth_rough",1,"cold_common","row_asc",5,5,1e+05,1e+05,117.375762037218,1.84533419879765,23.231025489158,1.0089227585224,TRUE,TRUE,25,115.636926934014,4.00015431853538,1.03124763322548,1.17221813648468,0.966147173845165,0.0630000000000006,FALSE,3,FALSE,"restricted","coarse"
"strong_aniso_n120_k6_s20260816","strong_aniso",6,"cold_common","row_asc",-5,-5,1e-05,1e-05,32.7633798226208,40.3390872075246,3.01393215423991,0.619554314541348,TRUE,TRUE,3,32.7633798226208,36.8321354891478,0.568406246569299,1.5140396209618,2.07330335006116,0.0180000000000007,FALSE,3,FALSE,"sufficient","coarse"
"strong_aniso_n120_k6_s20260816","strong_aniso",6,"cold_common","row_asc",-5,-3,1e-05,0.001,33.204782650555,34.5265146385988,3.15965306219352,0.545404931751827,TRUE,TRUE,3,33.204782650555,33.1075070874817,0.527736792988965,0.997937834547719,0.795491297574129,0.0220000000000002,FALSE,3,FALSE,"sufficient","coarse"
"strong_aniso_n120_k6_s20260816","strong_aniso",6,"cold_common","row_asc",-5,-1,1e-05,0.1,36.0611312456269,21.9236773901944,3.89957478996866,0.449875399690517,TRUE,TRUE,3,36.0611312456269,21.6758161019784,0.447610114682794,0.743352044510828,0.35057693514404,0.0169999999999995,FALSE,3,FALSE,"sufficient","coarse"
"strong_aniso_n120_k6_s20260816","strong_aniso",6,"cold_common","row_asc",-5,1,1e-05,10,39.0347609943012,15.2229208643008,3.32543920623287,0.426677945901658,TRUE,TRUE,3,39.0347822749986,12.866413494329,0.408114212596723,0.759928865000671,0.380078435997339,0.0179999999999989,FALSE,3,FALSE,"sufficient","coarse"
"strong_aniso_n120_k6_s20260816","strong_aniso",6,"cold_common","row_asc",-5,3,1e-05,1000,39.2717120886043,14.3364994428478,3.05157154200953,0.422095859782453,TRUE,TRUE,3,39.2769145158323,11.8459569058533,0.402933235494093,0.761398475617672,0.381151755561609,0.0220000000000002,FALSE,3,FALSE,"sufficient","coarse"
"strong_aniso_n120_k6_s20260816","strong_aniso",6,"cold_common","row_asc",-5,5,1e-05,1e+05,39.2746337093076,14.2977471100776,3.03536967467853,0.421817799580811,TRUE,TRUE,4,41.7775800029732,7.25060727188403,0.394362946431787,0.761414717317079,0.38115870165888,0.0199999999999996,FALSE,3,FALSE,"sufficient","coarse"
"strong_aniso_n120_k6_s20260816","strong_aniso",6,"cold_common","row_asc",-3,-5,0.001,1e-05,33.0822368322027,35.3295829886344,3.48110545164933,0.553748694029386,TRUE,TRUE,3,33.0822368322027,33.1729267822405,0.52658173177877,1.06648798491927,0.931240758740827,0.0180000000000007,FALSE,3,FALSE,"sufficient","coarse"
"strong_aniso_n120_k6_s20260816","strong_aniso",6,"cold_common","row_asc",-3,-3,0.001,0.001,33.4077044523641,32.4360653276011,3.33408863693862,0.522850279356995,TRUE,TRUE,3,33.4077044523641,31.3968344837187,0.510657135389564,0.881291254933466,0.57673744202205,0.0210000000000008,FALSE,3,FALSE,"sufficient","coarse"
"strong_aniso_n120_k6_s20260816","strong_aniso",6,"cold_common","row_asc",-3,-1,0.001,0.1,36.0778116041849,21.0518025135818,3.5541949877309,0.442186681915108,TRUE,TRUE,3,36.0778116041849,21.2989732470968,0.444404135191008,0.741523841396315,0.347222614242397,0.0210000000000008,FALSE,3,FALSE,"sufficient","coarse"
"strong_aniso_n120_k6_s20260816","strong_aniso",6,"cold_common","row_asc",-3,1,0.001,10,39.0779800388967,14.4437707911562,2.98174864437262,0.420867720541837,TRUE,TRUE,3,39.0779800388954,14.1354112498785,0.418419506819154,0.756731083175004,0.375365701081324,0.0190000000000001,FALSE,3,FALSE,"sufficient","coarse"
"strong_aniso_n120_k6_s20260816","strong_aniso",6,"cold_common","row_asc",-3,3,0.001,1000,39.3098953331994,13.5479485386974,2.6995629695795,0.416269952090759,TRUE,TRUE,3,39.3098953097837,11.6927625405141,0.40213157605619,0.758139862589818,0.376480551890874,0.0169999999999995,FALSE,3,FALSE,"sufficient","coarse"
"strong_aniso_n120_k6_s20260816","strong_aniso",6,"cold_common","row_asc",-3,5,0.001,1e+05,39.312711035061,13.5352045743568,2.70259120783545,0.416200111605815,TRUE,TRUE,20,39.312711396644,11.6814703631107,0.402076538153157,0.75815594627853,0.376489053896227,0.0510000000000002,FALSE,3,FALSE,"sufficient","coarse"
"strong_aniso_n120_k6_s20260816","strong_aniso",6,"cold_common","row_asc",-1,-5,0.1,1e-05,35.885138591687,20.3179330622901,3.94800601767813,0.433372954313934,TRUE,TRUE,3,35.885138591687,21.6014704265056,0.444752765029872,0.750630842247182,0.348668058929659,0.0169999999999995,FALSE,3,FALSE,"sufficient","coarse"
"strong_aniso_n120_k6_s20260816","strong_aniso",6,"cold_common","row_asc",-1,-3,0.1,0.001,35.9349002573521,19.7474656570378,3.70358896745281,0.42904907436619,TRUE,TRUE,3,35.9349002573521,21.1964843348861,0.44172592982586,0.750377373056362,0.348791543875299,0.0190000000000001,FALSE,3,FALSE,"sufficient","coarse"
"strong_aniso_n120_k6_s20260816","strong_aniso",6,"cold_common","row_asc",-1,-1,0.1,0.1,37.59123588138,14.0890976466172,2.55140301815701,0.402148556178518,TRUE,TRUE,3,37.59123588138,16.4436428540709,0.420643634240152,0.743266670239043,0.346317960006445,0.0180000000000007,FALSE,3,FALSE,"sufficient","coarse"
"strong_aniso_n120_k6_s20260816","strong_aniso",6,"cold_common","row_asc",-1,1,0.1,10,40.8743510081391,8.42815247189371,1.55795995880912,0.394024173594772,TRUE,TRUE,3,40.8743805118399,8.95692574288784,0.397785983348887,0.743827300738596,0.356518499570745,0.0169999999999995,FALSE,3,FALSE,"sufficient","coarse"
"strong_aniso_n120_k6_s20260816","strong_aniso",6,"cold_common","row_asc",-1,3,0.1,1000,41.0928334522361,7.40914427319216,1.18617470194444,0.388992380168552,TRUE,TRUE,3,41.0928334300968,8.07856506401129,0.393659552667555,0.744445478770716,0.357312128301419,0.0199999999999996,FALSE,3,FALSE,"sufficient","coarse"
"strong_aniso_n120_k6_s20260816","strong_aniso",6,"cold_common","row_asc",-1,5,0.1,1e+05,41.0952112898253,7.38887212360756,1.17872809586273,0.38887484163604,TRUE,TRUE,6,42.246188048612,6.25697578192592,0.391849441028819,0.744453148803357,0.357319741690892,0.0259999999999998,FALSE,3,FALSE,"sufficient","coarse"
"strong_aniso_n120_k6_s20260816","strong_aniso",6,"cold_common","row_asc",1,-5,10,1e-05,37.436440675311,14.0011333200282,3.89036407977538,0.399828136771951,TRUE,TRUE,3,37.436440675311,14.6982931832299,0.405139861785049,0.760418006732954,0.356280884096579,0.0190000000000001,FALSE,3,FALSE,"sufficient","coarse"
"strong_aniso_n120_k6_s20260816","strong_aniso",6,"cold_common","row_asc",1,-3,10,0.001,37.4451475483589,13.5819738334772,3.63933200550135,0.396776912314934,TRUE,TRUE,3,37.4452033131933,12.4145260982519,0.388213080604725,0.758940646876401,0.354435704489779,0.0180000000000007,FALSE,3,FALSE,"sufficient","coarse"
"strong_aniso_n120_k6_s20260816","strong_aniso",6,"cold_common","row_asc",1,-1,10,0.1,39.0194260064486,9.2736219102925,2.52941349950448,0.381909036166944,TRUE,TRUE,3,39.0195181320218,8.84078908398071,0.378941558958232,0.746937548224723,0.346239844652856,0.0180000000000007,FALSE,3,FALSE,"sufficient","coarse"
"strong_aniso_n120_k6_s20260816","strong_aniso",6,"cold_common","row_asc",1,1,10,10,41.655696385591,5.47698123732885,1.47843241920291,0.381127311012916,TRUE,TRUE,3,41.6556963855912,5.25954326182197,0.379684175248268,0.73285376076687,0.343236388605217,0.0190000000000001,FALSE,3,TRUE,"sufficient","coarse"
"strong_aniso_n120_k6_s20260816","strong_aniso",6,"cold_common","row_asc",1,3,10,1000,41.8377890413538,4.70331277240996,1.17104221929827,0.377673326646183,TRUE,TRUE,3,41.8377890393799,4.58453246409105,0.37689635849522,0.732592958974777,0.343349190553083,0.0169999999999995,FALSE,3,TRUE,"sufficient","coarse"
"strong_aniso_n120_k6_s20260816","strong_aniso",6,"cold_common","row_asc",1,5,10,1e+05,41.8403326701839,4.68670628761335,1.16455374573743,0.377587510527142,TRUE,TRUE,3,42.8723004252485,3.79961020878125,0.381015693142924,0.732599002789498,0.343354752154901,0.0199999999999996,FALSE,3,TRUE,"sufficient","coarse"
"strong_aniso_n120_k6_s20260816","strong_aniso",6,"cold_common","row_asc",3,-5,1000,1e-05,37.6695827230574,13.6383837331861,3.81634296216257,0.399578579841967,TRUE,TRUE,3,37.6709699772375,11.8601640499045,0.386559753870516,0.757159520057028,0.353315077056006,0.0170000000000012,FALSE,3,FALSE,"sufficient","coarse"
"strong_aniso_n120_k6_s20260816","strong_aniso",6,"cold_common","row_asc",3,-3,1000,0.001,37.6773412609979,13.2243099386408,3.57035279033188,0.39656713628844,TRUE,TRUE,3,37.677341261017,11.6948927281975,0.385446069262107,0.755671664686722,0.351425187350129,0.0169999999999995,FALSE,3,FALSE,"sufficient","coarse"
"strong_aniso_n120_k6_s20260816","strong_aniso",6,"cold_common","row_asc",3,-1,1000,0.1,39.2625149909353,8.92636783474591,2.49048887492697,0.381889232766961,TRUE,TRUE,3,39.2625149909392,8.10614308487201,0.376310965239608,0.744108825591973,0.34325112931791,0.0190000000000001,FALSE,3,FALSE,"sufficient","coarse"
"strong_aniso_n120_k6_s20260816","strong_aniso",6,"cold_common","row_asc",3,1,1000,10,41.9016048704558,5.10675246593515,1.3658519481168,0.380910454710295,TRUE,TRUE,3,41.9016048704545,4.55406411340624,0.377272027170056,0.729639858996372,0.340469141759848,0.0169999999999995,FALSE,3,TRUE,"sufficient","coarse"
"strong_aniso_n120_k6_s20260816","strong_aniso",6,"cold_common","row_asc",3,3,1000,1000,42.0354037615304,4.49285750070883,1.12974336021878,0.378075721100379,TRUE,TRUE,3,42.0361949101688,3.99852243920761,0.374867336956675,0.728878487568395,0.340196480455575,0.0170000000000012,FALSE,3,TRUE,"sufficient","coarse"
"strong_aniso_n120_k6_s20260816","strong_aniso",6,"cold_common","row_asc",3,5,1000,1e+05,42.0373932402914,4.4422171559135,1.1008550206403,0.377762307141635,TRUE,TRUE,12,42.0373932662267,4.00554640732016,0.374923425930252,0.728873528075216,0.340195883778075,0.0410000000000004,FALSE,3,TRUE,"sufficient","coarse"
"strong_aniso_n120_k6_s20260816","strong_aniso",6,"cold_common","row_asc",5,-5,1e+05,1e-05,37.6728597147778,13.6341928814641,3.81540540466776,0.399581851196185,TRUE,TRUE,3,37.6728597201365,11.9965247718234,0.387555919338271,0.757117735854422,0.353279269254912,0.0190000000000001,FALSE,3,FALSE,"sufficient","coarse"
"strong_aniso_n120_k6_s20260816","strong_aniso",6,"cold_common","row_asc",5,-3,1e+05,0.001,37.6806008406153,13.2201610084073,3.56947173870273,0.396570625202472,TRUE,TRUE,3,37.6806008393153,11.6841460814424,0.3854029278208,0.755629816247861,0.351388932666768,0.0169999999999995,FALSE,3,FALSE,"sufficient","coarse"
"strong_aniso_n120_k6_s20260816","strong_aniso",6,"cold_common","row_asc",5,-1,1e+05,0.1,39.2658352899473,8.92225345362653,2.48996974998345,0.381893235211704,TRUE,TRUE,3,41.024845380397,6.38462107512692,0.381376524288939,0.744071562171566,0.343213559557707,0.0170000000000012,FALSE,3,FALSE,"sufficient","coarse"
"strong_aniso_n120_k6_s20260816","strong_aniso",6,"cold_common","row_asc",5,1,1e+05,10,41.9069984298432,5.10001467459714,1.36395617444906,0.380914807374828,TRUE,TRUE,3,41.9069984291581,4.54031555709248,0.377230734663677,0.72960122974974,0.34043598763741,0.0190000000000001,FALSE,3,TRUE,"sufficient","coarse"
"strong_aniso_n120_k6_s20260816","strong_aniso",6,"cold_common","row_asc",5,3,1e+05,1000,42.0387831042929,4.48902578975397,1.12718338510756,0.378081031125653,TRUE,TRUE,8,42.0387830746878,4.00724310492245,0.374946790279911,0.72883549137536,0.340161812346075,0.0220000000000002,FALSE,3,TRUE,"sufficient","coarse"
"strong_aniso_n120_k6_s20260816","strong_aniso",6,"cold_common","row_asc",5,5,1e+05,1e+05,42.0402391259439,-90.0271782974516,148.113212465361,Inf,FALSE,TRUE,3,42.0402390602016,4.00015431853538,0.374913949899456,0.728826401437259,0.34015792498563,0.032,FALSE,3,FALSE,"sufficient","coarse"
"strong_aniso_n120_k6_s20260816","strong_aniso",6,"continuation","serpentine",-5,-5,1e-05,1e-05,32.7633798226208,40.3390872075246,3.01393215423991,0.619554314541348,TRUE,TRUE,3,32.7633798226208,36.8321354891478,0.568406246569299,1.5140396209618,2.07330335006116,0.0210000000000008,FALSE,3,FALSE,"sufficient","coarse_serpentine"
"strong_aniso_n120_k6_s20260816","strong_aniso",6,"continuation","serpentine",-5,-3,1e-05,0.001,33.204782650555,34.52651463854,3.15965306234104,0.545404931751078,TRUE,TRUE,3,33.204782650555,33.1075070874817,0.527736792988965,0.997937834547731,0.795491297574152,0.0190000000000001,FALSE,3,FALSE,"sufficient","coarse_serpentine"
"strong_aniso_n120_k6_s20260816","strong_aniso",6,"continuation","serpentine",-5,-1,1e-05,0.1,36.0611312456269,21.9236773901303,3.89957478992482,0.449875399689929,TRUE,TRUE,3,36.0611312456269,21.6758161019784,0.447610114682794,0.743352044510827,0.35057693514404,0.0169999999999995,FALSE,3,FALSE,"sufficient","coarse_serpentine"
"strong_aniso_n120_k6_s20260816","strong_aniso",6,"continuation","serpentine",-5,1,1e-05,10,39.0347609942986,15.2229207328437,3.32543932329516,0.426677944830977,TRUE,TRUE,3,39.0347822749986,12.866413494329,0.408114212596723,0.759928864997828,0.380078435994654,0.0169999999999995,FALSE,3,FALSE,"sufficient","coarse_serpentine"
"strong_aniso_n120_k6_s20260816","strong_aniso",6,"continuation","serpentine",-5,3,1e-05,1000,39.2717120906037,14.3354716206371,3.05174792822419,0.422087648204527,TRUE,TRUE,3,39.2769145158323,11.8459569058533,0.402933235494093,0.761398457308464,0.381151730954642,0.0230000000000015,FALSE,3,FALSE,"sufficient","coarse_serpentine"
"strong_aniso_n120_k6_s20260816","strong_aniso",6,"continuation","serpentine",-5,5,1e-05,1e+05,39.2746337346861,14.290357526046,3.08721695380492,0.421758827955325,TRUE,TRUE,3,41.7775800029732,7.25060727188403,0.394362946431787,0.761416090344186,0.381160878322165,0.0229999999999997,FALSE,3,FALSE,"sufficient","coarse_serpentine"
"strong_aniso_n120_k6_s20260816","strong_aniso",6,"continuation","serpentine",-3,5,0.001,1e+05,39.3127116941552,13.5224231674463,2.69143598666199,0.416100204518101,TRUE,TRUE,16,39.312711396644,11.6814703631107,0.402076538153157,0.758155702309189,0.376488672208104,0.0440000000000005,FALSE,3,FALSE,"sufficient","coarse_serpentine"
"strong_aniso_n120_k6_s20260816","strong_aniso",6,"continuation","serpentine",-3,3,0.001,1000,39.3098722234742,13.2730238787892,2.64001817259397,0.414127879471902,TRUE,TRUE,25,39.3098953097837,11.6927625405141,0.40213157605619,0.758146765447325,0.376494376430603,0.122999999999999,FALSE,3,FALSE,"sufficient","coarse_serpentine"
"strong_aniso_n120_k6_s20260816","strong_aniso",6,"continuation","serpentine",-3,1,0.001,10,39.0779800197729,14.44406880312,2.98175135057509,0.42087009677823,TRUE,TRUE,7,39.0779800388954,14.1354112498785,0.418419506819154,0.75673108457054,0.375365703121203,0.0229999999999997,FALSE,3,FALSE,"sufficient","coarse_serpentine"
"strong_aniso_n120_k6_s20260816","strong_aniso",6,"continuation","serpentine",-3,-1,0.001,0.1,36.0778116544751,21.05183133186,3.55422091979263,0.442186940101908,TRUE,TRUE,3,36.0778116041849,21.2989732470968,0.444404135191008,0.741523841105143,0.347222611443037,0.0179999999999989,FALSE,3,FALSE,"sufficient","coarse_serpentine"
"strong_aniso_n120_k6_s20260816","strong_aniso",6,"continuation","serpentine",-3,-3,0.001,0.001,33.4077040119522,32.4386068398324,3.33326047408288,0.522880624874173,TRUE,TRUE,5,33.4077044523641,31.3968344837187,0.510657135389564,0.881291238258255,0.576737368562924,0.0229999999999997,FALSE,3,FALSE,"sufficient","coarse_serpentine"
"strong_aniso_n120_k6_s20260816","strong_aniso",6,"continuation","serpentine",-3,-5,0.001,1e-05,33.0822372668017,35.3232943154545,3.47452340516448,0.553666454001886,TRUE,TRUE,25,33.0822368322027,33.1729267822405,0.52658173177877,1.06648980024838,0.931244641174522,0.0630000000000006,FALSE,3,FALSE,"sufficient","coarse_serpentine"
"strong_aniso_n120_k6_s20260816","strong_aniso",6,"continuation","serpentine",-1,-5,0.1,1e-05,35.8851376797769,20.3127060950577,3.94908809617606,0.433327497854674,TRUE,TRUE,8,35.885138591687,21.6014704265056,0.444752765029872,0.750630880077202,0.34866808632413,0.0370000000000008,FALSE,3,FALSE,"sufficient","coarse_serpentine"
"strong_aniso_n120_k6_s20260816","strong_aniso",6,"continuation","serpentine",-1,-3,0.1,0.001,35.9349001500438,19.7488090495642,3.70444433237238,0.429060571904577,TRUE,TRUE,3,35.9349002573521,21.1964843348861,0.44172592982586,0.750377379052941,0.348791556601689,0.032,FALSE,3,FALSE,"sufficient","coarse_serpentine"
"strong_aniso_n120_k6_s20260816","strong_aniso",6,"continuation","serpentine",-1,-1,0.1,0.1,37.591235837074,14.0889797830593,2.55138872899123,0.402147660639355,TRUE,TRUE,3,37.59123588138,16.4436428540709,0.420643634240152,0.743266670226697,0.346317959575014,0.0199999999999996,FALSE,3,FALSE,"sufficient","coarse_serpentine"
"strong_aniso_n120_k6_s20260816","strong_aniso",6,"continuation","serpentine",-1,1,0.1,10,40.8743509616965,8.42813589614618,1.55789025130991,0.394024056070158,TRUE,TRUE,3,40.8743805118399,8.95692574288784,0.397785983348887,0.743827300487966,0.356518499798857,0.0180000000000007,FALSE,3,FALSE,"sufficient","coarse_serpentine"
"strong_aniso_n120_k6_s20260816","strong_aniso",6,"continuation","serpentine",-1,3,0.1,1000,41.0928453696137,7.38687641872,1.18646730235503,0.388838671267087,TRUE,TRUE,6,41.0928334300968,8.07856506401129,0.393659552667555,0.74444552191574,0.357312208830961,0.0820000000000007,FALSE,3,FALSE,"sufficient","coarse_serpentine"
"strong_aniso_n120_k6_s20260816","strong_aniso",6,"continuation","serpentine",-1,5,0.1,1e+05,41.0952118428551,7.39591173294141,1.18220202038997,0.388923470549143,TRUE,TRUE,10,42.246188048612,6.25697578192592,0.391849441028819,0.744453187579958,0.357319797879508,0.0389999999999997,FALSE,3,FALSE,"sufficient","coarse_serpentine"
"strong_aniso_n120_k6_s20260816","strong_aniso",6,"continuation","serpentine",1,5,10,1e+05,41.8403320622124,4.68699965937236,1.16501790865833,0.377589426309599,TRUE,TRUE,6,42.8723004252485,3.79961020878125,0.381015693142924,0.732599024440248,0.343354777057502,0.0350000000000001,FALSE,3,TRUE,"sufficient","coarse_serpentine"
"strong_aniso_n120_k6_s20260816","strong_aniso",6,"continuation","serpentine",1,3,10,1000,41.8377837660954,4.69935229804673,1.17180376630999,0.377647333991316,TRUE,TRUE,12,41.8377890393799,4.58453246409105,0.37689635849522,0.732593066152307,0.343349228109953,0.0999999999999996,FALSE,3,TRUE,"sufficient","coarse_serpentine"
"strong_aniso_n120_k6_s20260816","strong_aniso",6,"continuation","serpentine",1,1,10,10,41.6556963865198,5.47638348037369,1.47799684914144,0.381123332437549,TRUE,TRUE,3,41.6556963855912,5.25954326182197,0.379684175248268,0.732853761434243,0.343236394180086,0.0190000000000001,FALSE,3,TRUE,"sufficient","coarse_serpentine"
"strong_aniso_n120_k6_s20260816","strong_aniso",6,"continuation","serpentine",1,-1,10,0.1,39.0194260088362,9.27359811173847,2.52940724769556,0.381908872022026,TRUE,TRUE,3,39.0195181320218,8.84078908398071,0.378941558958232,0.746937546999462,0.346239843192944,0.0169999999999995,FALSE,3,FALSE,"sufficient","coarse_serpentine"
"strong_aniso_n120_k6_s20260816","strong_aniso",6,"continuation","serpentine",1,-3,10,0.001,37.4451476021876,13.5816350782295,3.63940977891757,0.396774386816669,TRUE,TRUE,3,37.4452033131933,12.4145260982519,0.388213080604725,0.758940642583635,0.354435698586459,0.0169999999999995,FALSE,3,FALSE,"sufficient","coarse_serpentine"
"strong_aniso_n120_k6_s20260816","strong_aniso",6,"continuation","serpentine",1,-5,10,1e-05,37.436440690657,14.0011616351502,3.89047444066307,0.399828350545435,TRUE,TRUE,3,37.436440675311,14.6982931832299,0.405139861785049,0.76041799687326,0.356280871748842,0.0200000000000014,FALSE,3,FALSE,"sufficient","coarse_serpentine"
"strong_aniso_n120_k6_s20260816","strong_aniso",6,"continuation","serpentine",3,-5,1000,1e-05,37.6695827205934,13.6384141720665,3.81638216945535,0.399578808521076,TRUE,TRUE,4,37.6709699772375,11.8601640499045,0.386559753870516,0.757159519899076,0.353315076578913,0.0190000000000001,FALSE,3,FALSE,"sufficient","coarse_serpentine"
"strong_aniso_n120_k6_s20260816","strong_aniso",6,"continuation","serpentine",3,-3,1000,0.001,37.6773412623966,13.2243026941099,3.57034891220163,0.39656708249049,TRUE,TRUE,3,37.677341261017,11.6948927281975,0.385446069262107,0.755671664889789,0.351425187694209,0.0169999999999995,FALSE,3,FALSE,"sufficient","coarse_serpentine"
"strong_aniso_n120_k6_s20260816","strong_aniso",6,"continuation","serpentine",3,-1,1000,0.1,39.2625149911293,8.92636736051805,2.49048933401849,0.381889229507902,TRUE,TRUE,3,39.2625149909392,8.10614308487201,0.376310965239608,0.74410882559228,0.343251129315751,0.0199999999999996,FALSE,3,FALSE,"sufficient","coarse_serpentine"
"strong_aniso_n120_k6_s20260816","strong_aniso",6,"continuation","serpentine",3,1,1000,10,41.9016048702415,5.10675269527236,1.36585261080064,0.380910456229009,TRUE,TRUE,3,41.9016048704545,4.55406411340624,0.377272027170056,0.729639858999033,0.340469141767567,0.0180000000000007,FALSE,3,TRUE,"sufficient","coarse_serpentine"
"strong_aniso_n120_k6_s20260816","strong_aniso",6,"continuation","serpentine",3,3,1000,1000,42.0354037478063,4.49400507954929,1.12946916367922,0.378083233554157,TRUE,TRUE,3,42.0361949101688,3.99852243920761,0.374867336956675,0.728878488348004,0.340196489160758,0.0199999999999996,FALSE,3,TRUE,"sufficient","coarse_serpentine"
"strong_aniso_n120_k6_s20260816","strong_aniso",6,"continuation","serpentine",3,5,1000,1e+05,42.0373932897671,4.4113017756253,1.18331115587516,0.377560261819004,TRUE,TRUE,9,42.0373932662267,4.00554640732016,0.374923425930252,0.728873635030615,0.340196486882356,0.0709999999999997,FALSE,3,TRUE,"sufficient","coarse_serpentine"
"strong_aniso_n120_k6_s20260816","strong_aniso",6,"continuation","serpentine",5,5,1e+05,1e+05,42.0911982885602,4.33469819525268,1.09763381487363,0.377542932732309,TRUE,TRUE,6,42.0402390602016,4.00015431853538,0.374913949899456,0.720381034032455,0.327493684893333,0.0310000000000006,FALSE,3,TRUE,"sufficient","coarse_serpentine"
"strong_aniso_n120_k6_s20260816","strong_aniso",6,"continuation","serpentine",5,3,1e+05,1000,42.038783075403,4.48870233165998,1.12860307259078,0.378078913441803,TRUE,TRUE,4,42.0387830746878,4.00724310492245,0.374946790279911,0.728835491138045,0.340161790194484,0.0210000000000008,FALSE,3,TRUE,"sufficient","coarse_serpentine"
"strong_aniso_n120_k6_s20260816","strong_aniso",6,"continuation","serpentine",5,1,1e+05,10,41.9069984292766,5.10001588853786,1.36395550700859,0.380914815418557,TRUE,TRUE,3,41.9069984291581,4.54031555709248,0.377230734663677,0.729601229765147,0.340435987680281,0.0169999999999995,FALSE,3,TRUE,"sufficient","coarse_serpentine"
"strong_aniso_n120_k6_s20260816","strong_aniso",6,"continuation","serpentine",5,-1,1e+05,0.1,39.2658353215314,8.9217704512511,2.4897862592032,0.381889914347138,TRUE,TRUE,5,41.024845380397,6.38462107512692,0.381376524288939,0.744071553659483,0.343213547446243,0.0229999999999997,FALSE,3,FALSE,"sufficient","coarse_serpentine"
"strong_aniso_n120_k6_s20260816","strong_aniso",6,"continuation","serpentine",5,-3,1e+05,0.001,37.6806008513999,13.2201886089403,3.56952492495446,0.396570830327802,TRUE,TRUE,4,37.6806008393153,11.6841460814424,0.3854029278208,0.755629813735584,0.351388926495121,0.0190000000000001,FALSE,3,FALSE,"sufficient","coarse_serpentine"
"strong_aniso_n120_k6_s20260816","strong_aniso",6,"continuation","serpentine",5,-5,1e+05,1e-05,37.6728597010232,13.6342307489468,3.81543055333828,0.399582135562158,TRUE,TRUE,3,37.6728597201365,11.9965247718234,0.387555919338271,0.757117734505781,0.353279265579406,0.0190000000000001,FALSE,3,FALSE,"sufficient","coarse_serpentine"
"strong_aniso_n120_k6_s20260816","strong_aniso",1,"cold_common","row_asc",-5,-5,1e-05,1e-05,40.1130938931186,20.498879487193,5.03102938513264,0.486196091367725,TRUE,TRUE,9,32.7633798226208,36.8321354891478,0.568406246569299,0.702336015690596,0.299120700653585,0.0210000000000008,FALSE,3,FALSE,"restricted","coarse"
"strong_aniso_n120_k6_s20260816","strong_aniso",1,"cold_common","row_asc",-5,-3,1e-05,0.001,40.1154374003717,19.8692342693739,4.86226869447776,0.480128740090006,TRUE,TRUE,11,33.204782650555,33.1075070874817,0.527736792988965,0.702082228267612,0.299147037269726,0.0259999999999998,FALSE,3,FALSE,"restricted","coarse"
"strong_aniso_n120_k6_s20260816","strong_aniso",1,"cold_common","row_asc",-5,-1,1e-05,0.1,40.9008354500714,14.3615441742674,4.6969111403914,0.439814290716291,TRUE,TRUE,13,36.0611312456269,21.6758161019784,0.447610114682794,0.706153970963674,0.309144111386131,0.020999999999999,FALSE,3,FALSE,"restricted","coarse"
"strong_aniso_n120_k6_s20260816","strong_aniso",1,"cold_common","row_asc",-5,1,1e-05,10,41.8044336857836,12.3417278427407,5.97240226668816,0.432821454126941,TRUE,TRUE,8,39.0347822749986,12.866413494329,0.408114212596723,0.715894001909724,0.326858965230784,0.0229999999999997,FALSE,3,FALSE,"restricted","coarse"
"strong_aniso_n120_k6_s20260816","strong_aniso",1,"cold_common","row_asc",-5,3,1e-05,1000,41.8260443240302,12.1074631444607,6.02671320611495,0.431166717968959,TRUE,TRUE,8,39.2769145158323,11.8459569058533,0.402933235494093,0.716090598477841,0.327293462533202,0.0179999999999989,FALSE,3,FALSE,"restricted","coarse"
"strong_aniso_n120_k6_s20260816","strong_aniso",1,"cold_common","row_asc",-5,5,1e-05,1e+05,41.826263710278,12.1046930502236,6.02732269613053,0.431146840225872,TRUE,TRUE,8,41.7775800029732,7.25060727188403,0.394362946431787,0.716092618447028,0.327298016165676,0.0210000000000008,FALSE,3,FALSE,"restricted","coarse"
"strong_aniso_n120_k6_s20260816","strong_aniso",1,"cold_common","row_asc",-3,-5,0.001,1e-05,40.1171202068788,19.3785120570909,5.11555369201733,0.475477012702559,TRUE,TRUE,12,33.0822368322027,33.1729267822405,0.52658173177877,0.70396066866789,0.300942190063136,0.0259999999999998,FALSE,3,FALSE,"restricted","coarse"
"strong_aniso_n120_k6_s20260816","strong_aniso",1,"cold_common","row_asc",-3,-3,0.001,0.001,40.120266021304,18.7835927405946,4.84249270897443,0.469940867948647,TRUE,TRUE,12,33.4077044523641,31.3968344837187,0.510657135389564,0.703565454691941,0.300793162286807,0.0229999999999997,FALSE,3,FALSE,"restricted","coarse"
"strong_aniso_n120_k6_s20260816","strong_aniso",1,"cold_common","row_asc",-3,-1,0.001,0.1,40.8995905623384,13.6062189163748,4.27004269117024,0.433578481166412,TRUE,TRUE,13,36.0778116041849,21.2989732470968,0.444404135191008,0.706964430386801,0.309933835602968,0.0249999999999986,FALSE,3,FALSE,"restricted","coarse"
"strong_aniso_n120_k6_s20260816","strong_aniso",1,"cold_common","row_asc",-3,1,0.001,10,41.808638516263,11.3881446103358,5.1612911673798,0.425297476433442,TRUE,TRUE,11,39.0779800388954,14.1354112498785,0.418419506819154,0.71772545851001,0.328742944184669,0.027000000000001,FALSE,3,FALSE,"restricted","coarse"
"strong_aniso_n120_k6_s20260816","strong_aniso",1,"cold_common","row_asc",-3,3,0.001,1000,41.8310073133178,11.1311089325068,5.18709344115175,0.42351809482951,TRUE,TRUE,11,39.3098953097837,11.6927625405141,0.40213157605619,0.717962709745141,0.329198456510845,0.0280000000000005,FALSE,3,FALSE,"restricted","coarse"
"strong_aniso_n120_k6_s20260816","strong_aniso",1,"cold_common","row_asc",-3,5,0.001,1e+05,41.8312343240901,11.1280975050441,5.18741281123218,0.423496964137906,TRUE,TRUE,11,39.312711396644,11.6814703631107,0.402076538153157,0.717965124756219,0.329203147632934,0.0239999999999991,FALSE,3,FALSE,"restricted","coarse"
"strong_aniso_n120_k6_s20260816","strong_aniso",1,"cold_common","row_asc",-1,-5,0.1,1e-05,40.2818444330665,14.238578608811,5.47107326536849,0.432151511263589,TRUE,TRUE,11,35.885138591687,21.6014704265056,0.444752765029872,0.711872534449418,0.313492962789235,0.0259999999999998,FALSE,3,FALSE,"restricted","coarse"
"strong_aniso_n120_k6_s20260816","strong_aniso",1,"cold_common","row_asc",-1,-3,0.1,0.001,40.28383197132,13.7024522898285,5.03276147219971,0.427824381301034,TRUE,TRUE,11,35.9349002573521,21.1964843348861,0.44172592982586,0.711727923552787,0.313474695310692,0.0250000000000004,FALSE,3,FALSE,"restricted","coarse"
"strong_aniso_n120_k6_s20260816","strong_aniso",1,"cold_common","row_asc",-1,-1,0.1,0.1,40.9974601256878,9.0635359738868,2.61072182490219,0.399751001031884,TRUE,TRUE,12,37.59123588138,16.4436428540709,0.420643634240152,0.716063652114086,0.321450187396783,0.0249999999999986,FALSE,3,FALSE,"restricted","coarse"
"strong_aniso_n120_k6_s20260816","strong_aniso",1,"cold_common","row_asc",-1,1,0.1,10,41.9844349605516,6.06692996952952,1.50205266377411,0.388123517568994,TRUE,TRUE,7,40.8743805118399,8.95692574288784,0.397785983348887,0.729086431022833,0.341276342903816,0.0200000000000014,FALSE,3,FALSE,"restricted","coarse"
"strong_aniso_n120_k6_s20260816","strong_aniso",1,"cold_common","row_asc",-1,3,0.1,1000,42.0135762265751,5.72596399800844,1.34086329846898,0.386078630426559,TRUE,TRUE,7,41.0928334300968,8.07856506401129,0.393659552667555,0.729436638046605,0.341660612434364,0.0219999999999985,FALSE,3,FALSE,"restricted","coarse"
"strong_aniso_n120_k6_s20260816","strong_aniso",1,"cold_common","row_asc",-1,5,0.1,1e+05,42.0138768803353,5.72193721253988,1.33895161105474,0.386054185233813,TRUE,TRUE,7,42.246188048612,6.25697578192592,0.391849441028819,0.729440152674514,0.341664129475947,0.0190000000000001,FALSE,3,FALSE,"restricted","coarse"
"strong_aniso_n120_k6_s20260816","strong_aniso",1,"cold_common","row_asc",1,-5,10,1e-05,40.3806187455078,12.5992030540226,4.56977932355979,0.42008696644131,TRUE,TRUE,7,37.436440675311,14.6982931832299,0.405139861785049,0.718107727021343,0.322863704069287,0.0200000000000014,FALSE,3,FALSE,"restricted","coarse"
"strong_aniso_n120_k6_s20260816","strong_aniso",1,"cold_common","row_asc",1,-3,10,0.001,40.3825546637157,12.1379870052865,4.2146687305077,0.416522046376367,TRUE,TRUE,8,37.4452033131933,12.4145260982519,0.388213080604725,0.718221029913728,0.323217363310027,0.020999999999999,FALSE,3,FALSE,"restricted","coarse"
"strong_aniso_n120_k6_s20260816","strong_aniso",1,"cold_common","row_asc",1,-1,10,0.1,41.0467103079882,7.56223715724384,2.18014349066723,0.389614588942128,TRUE,TRUE,7,39.0195181320218,8.84078908398071,0.378941558958232,0.720859202285123,0.328706876066565,0.0149999999999988,FALSE,3,FALSE,"restricted","coarse"
"strong_aniso_n120_k6_s20260816","strong_aniso",1,"cold_common","row_asc",1,1,10,10,42.0083207642498,4.93213439875658,1.30604126173235,0.380722420289664,TRUE,TRUE,7,41.6556963855912,5.25954326182197,0.379684175248268,0.728641610372293,0.340090632208432,0.0170000000000012,FALSE,3,TRUE,"restricted","coarse"
"strong_aniso_n120_k6_s20260816","strong_aniso",1,"cold_common","row_asc",1,3,10,1000,42.0391053861198,4.51409350814389,1.16743773976496,0.378248083492358,TRUE,TRUE,5,41.8377890393799,4.58453246409105,0.37689635849522,0.728903043951311,0.340305995069999,0.0120000000000005,FALSE,3,TRUE,"restricted","coarse"
"strong_aniso_n120_k6_s20260816","strong_aniso",1,"cold_common","row_asc",1,5,10,1e+05,42.0394243615927,4.50979154389999,1.16525769116737,0.378222774613785,TRUE,TRUE,5,42.8723004252485,3.79961020878125,0.381015693142924,0.728905716819387,0.340307839921853,0.0129999999999999,FALSE,3,TRUE,"restricted","coarse"
"strong_aniso_n120_k6_s20260816","strong_aniso",1,"cold_common","row_asc",3,-5,1000,1e-05,40.3828934827038,12.3458471882772,4.40202896747921,0.418135560901417,TRUE,TRUE,6,37.6709699772375,11.8601640499045,0.386559753870516,0.718291594751281,0.323124418219728,0.0169999999999995,FALSE,3,FALSE,"restricted","coarse"
"strong_aniso_n120_k6_s20260816","strong_aniso",1,"cold_common","row_asc",3,-3,1000,0.001,40.3848740589481,12.0888538644163,4.20149036063766,0.416166739919369,TRUE,TRUE,8,37.677341261017,11.6948927281975,0.385446069262107,0.718412508894782,0.323490785227541,0.0220000000000002,FALSE,3,FALSE,"restricted","coarse"
"strong_aniso_n120_k6_s20260816","strong_aniso",1,"cold_common","row_asc",3,-1,1000,0.1,41.0478889315909,7.50169206846053,2.17822590015432,0.38920650647615,TRUE,TRUE,8,39.2625149909392,8.10614308487201,0.376310965239608,0.720986140749193,0.328898175484093,0.016,FALSE,3,FALSE,"restricted","coarse"
"strong_aniso_n120_k6_s20260816","strong_aniso",1,"cold_common","row_asc",3,1,1000,10,42.0090094148328,4.8484196744926,1.31119814468553,0.380175286434991,TRUE,TRUE,7,41.9016048704545,4.55406411340624,0.377272027170056,0.728569230240707,0.339957942137874,0.0180000000000007,FALSE,3,TRUE,"restricted","coarse"
"strong_aniso_n120_k6_s20260816","strong_aniso",1,"cold_common","row_asc",3,3,1000,1000,42.0399539386466,4.45258754085071,1.14885701822426,0.377853133985897,TRUE,TRUE,5,42.0361949101688,3.99852243920761,0.374867336956675,0.728824118492692,0.34015777730466,0.0120000000000005,FALSE,3,TRUE,"restricted","coarse"
"strong_aniso_n120_k6_s20260816","strong_aniso",1,"cold_common","row_asc",3,5,1000,1e+05,42.0402748970506,4.44099277341102,1.15183706805977,0.377780197171673,TRUE,TRUE,5,42.0373932662267,4.00554640732016,0.374923425930252,0.728826724573098,0.340159322452417,0.0119999999999987,FALSE,3,TRUE,"restricted","coarse"
"strong_aniso_n120_k6_s20260816","strong_aniso",1,"cold_common","row_asc",5,-5,1e+05,1e-05,40.3829170149206,12.3453569747979,4.40192529469742,0.418131996543717,TRUE,TRUE,6,37.6728597201365,11.9965247718234,0.387555919338271,0.71829352192987,0.323127158118755,0.0150000000000006,FALSE,3,FALSE,"restricted","coarse"
"strong_aniso_n120_k6_s20260816","strong_aniso",1,"cold_common","row_asc",5,-3,1e+05,0.001,40.3848980794099,12.0883335598396,4.20136074094066,0.416162974296625,TRUE,TRUE,8,37.6806008393153,11.6841460814424,0.3854029278208,0.718414512479955,0.32349363970154,0.0220000000000002,FALSE,3,FALSE,"restricted","coarse"
"strong_aniso_n120_k6_s20260816","strong_aniso",1,"cold_common","row_asc",5,-1,1e+05,0.1,41.0479011061549,7.50101861278952,2.17822023097347,0.389201962090384,TRUE,TRUE,8,41.024845380397,6.38462107512692,0.381376524288939,0.720987465203956,0.328900168116291,0.016,FALSE,3,FALSE,"restricted","coarse"
"strong_aniso_n120_k6_s20260816","strong_aniso",1,"cold_common","row_asc",5,1,1e+05,10,42.0090172886147,4.84712209087859,1.31150182844787,0.38016678983733,TRUE,TRUE,7,41.9069984291581,4.54031555709248,0.377230734663677,0.728568417324674,0.339956445737729,0.0180000000000007,FALSE,3,TRUE,"restricted","coarse"
"strong_aniso_n120_k6_s20260816","strong_aniso",1,"cold_common","row_asc",5,3,1e+05,1000,42.0399637334855,4.41193580814807,1.1782407497687,0.377587490655417,TRUE,TRUE,5,42.0387830746878,4.00724310492245,0.374946790279911,0.728823251892848,0.340155461293305,0.0119999999999987,FALSE,3,TRUE,"restricted","coarse"
"strong_aniso_n120_k6_s20260816","strong_aniso",1,"cold_common","row_asc",5,5,1e+05,1e+05,42.0402847176888,4.4934452064392,1.11409809148683,0.378123469309822,TRUE,TRUE,4,42.0402390602016,4.00015431853538,0.374913949899456,0.72882580974979,0.340158512692514,0.0129999999999999,FALSE,3,TRUE,"restricted","coarse"
"weak_signal_n120_k6_s20260816","weak_signal",6,"cold_common","row_asc",-5,-5,1e-05,1e-05,94.7801967167924,40.3390872249245,3.01393214273483,1.79229005531584,TRUE,TRUE,3,94.7801967167924,36.8321354891478,1.64432534605895,2.75128965820146,6.25888785232012,0.0179999999999989,FALSE,3,FALSE,"sufficient","coarse"
"weak_signal_n120_k6_s20260816","weak_signal",6,"cold_common","row_asc",-5,-3,1e-05,0.001,95.6087539210607,34.526514638726,3.15965306194747,1.57042093773431,TRUE,TRUE,3,95.6087539210607,33.1075070874817,1.51954788281465,1.66589069796575,1.53108136818178,0.0179999999999989,FALSE,3,FALSE,"sufficient","coarse"
"weak_signal_n120_k6_s20260816","weak_signal",6,"cold_common","row_asc",-5,-1,1e-05,0.1,99.5041464658762,21.9236773892893,3.89957478968163,1.24134951165189,TRUE,TRUE,3,99.5041464658761,21.6758161019784,1.2350988688522,1.22239745919474,0.264352017901518,0.0240000000000009,FALSE,3,FALSE,"sufficient","coarse"
"weak_signal_n120_k6_s20260816","weak_signal",6,"cold_common","row_asc",-5,1,1e-05,10,108.253753980886,15.2229198041677,3.32543960963895,1.18329118133353,TRUE,TRUE,3,108.253729565442,12.866413494329,1.13180817279864,1.14845534341972,0.1325262783166,0.0180000000000007,FALSE,3,FALSE,"sufficient","coarse"
"weak_signal_n120_k6_s20260816","weak_signal",6,"cold_common","row_asc",-5,3,1e-05,1000,109.48821128787,14.3673407090222,3.03221303160724,1.1774763157341,TRUE,TRUE,5,109.49759057154,11.8459569058533,1.12331172118964,1.14419602534087,0.126438303415933,0.0250000000000004,FALSE,3,FALSE,"sufficient","coarse"
"weak_signal_n120_k6_s20260816","weak_signal",6,"cold_common","row_asc",-5,5,1e-05,1e+05,109.503685129469,14.3215998397374,3.04910843984582,1.17662350756552,TRUE,TRUE,3,112.470967974098,7.25060727188403,1.06167907081128,1.14414325270349,0.126366826122814,0.0190000000000001,FALSE,3,FALSE,"sufficient","coarse"
"weak_signal_n120_k6_s20260816","weak_signal",6,"cold_common","row_asc",-3,-5,0.001,1e-05,95.7374214240443,35.3295829886427,3.48110545167809,1.60250566949907,TRUE,TRUE,3,95.7374214240443,33.1729267822405,1.52388659283262,1.67564849694685,1.53075588402056,0.0169999999999995,FALSE,3,FALSE,"sufficient","coarse"
"weak_signal_n120_k6_s20260816","weak_signal",6,"cold_common","row_asc",-3,-3,0.001,0.001,96.1730725497101,32.4360653269373,3.33408863701171,1.50516531059995,TRUE,TRUE,3,96.1730725497101,31.3968344837187,1.47006406261393,1.43600010437941,0.806507539976526,0.0229999999999997,FALSE,3,FALSE,"sufficient","coarse"
"weak_signal_n120_k6_s20260816","weak_signal",6,"cold_common","row_asc",-3,-1,0.001,0.1,99.59685859285,21.0518025133871,3.55419498797054,1.22070609252416,TRUE,TRUE,3,99.5968585928501,21.2989732470968,1.22682762181625,1.21072429183214,0.232163089110416,0.0180000000000007,FALSE,3,FALSE,"sufficient","coarse"
"weak_signal_n120_k6_s20260816","weak_signal",6,"cold_common","row_asc",-3,1,0.001,10,108.300941632911,14.4437681534012,2.98175020341123,1.16639519530396,TRUE,TRUE,3,108.300941632817,14.1354112498785,1.15961025981767,1.14328730116473,0.119677947896823,0.0180000000000007,FALSE,3,FALSE,"sufficient","coarse"
"weak_signal_n120_k6_s20260816","weak_signal",6,"cold_common","row_asc",-3,3,0.001,1000,109.555958789961,57.8240690104075,44.086109324644,3.40073394373938,TRUE,TRUE,16,109.555956662725,11.6927625405141,1.12073332101091,1.13886017981992,0.113673688751383,0.100000000000001,FALSE,3,FALSE,"sufficient","coarse"
"weak_signal_n120_k6_s20260816","weak_signal",6,"cold_common","row_asc",-3,5,0.001,1e+05,109.571756931272,-1764.41611115406,1023.67033991907,Inf,FALSE,TRUE,5,109.571757067212,11.6814703631107,1.12066126186107,1.13880752835777,0.113608494134849,0.077,FALSE,3,FALSE,"sufficient","coarse"
"weak_signal_n120_k6_s20260816","weak_signal",6,"cold_common","row_asc",-1,-5,0.1,1e-05,99.5244898115198,20.317933062173,3.94800601761177,1.20192435834971,TRUE,TRUE,3,99.5244898115198,21.6014704265056,1.23348533039008,1.21755545985234,0.190562463330548,0.0199999999999996,FALSE,3,FALSE,"sufficient","coarse"
"weak_signal_n120_k6_s20260816","weak_signal",6,"cold_common","row_asc",-1,-3,0.1,0.001,99.5765888235716,19.7474656570435,3.70358896760445,1.18890668840969,TRUE,TRUE,3,99.5765888235717,21.1964843348861,1.22403460067989,1.21392496494492,0.182347985730441,0.0180000000000007,FALSE,3,FALSE,"sufficient","coarse"
"weak_signal_n120_k6_s20260816","weak_signal",6,"cold_common","row_asc",-1,-1,0.1,0.1,101.633583985478,14.0890976465291,2.55140301819618,1.08726936214367,TRUE,TRUE,3,101.633583985478,16.4436428540709,1.13727359918165,1.18262590804085,0.129940920087366,0.0199999999999996,FALSE,3,FALSE,"sufficient","coarse"
"weak_signal_n120_k6_s20260816","weak_signal",6,"cold_common","row_asc",-1,1,0.1,10,111.051688242328,8.42815250292315,1.55795992851808,1.07052585866411,TRUE,TRUE,3,111.051772507097,8.95692574288784,1.08074637404172,1.12887335102231,0.0708065214875498,0.0180000000000007,FALSE,3,FALSE,"sufficient","coarse"
"weak_signal_n120_k6_s20260816","weak_signal",6,"cold_common","row_asc",-1,3,0.1,1000,112.578056452092,7.18708864362383,1.08844595374947,1.06149359600788,TRUE,TRUE,3,112.578056826939,8.07856506401129,1.07847095932345,1.12347970595333,0.0657210410813421,0.0679999999999996,FALSE,3,FALSE,"sufficient","coarse"
"weak_signal_n120_k6_s20260816","weak_signal",6,"cold_common","row_asc",-1,5,0.1,1e+05,112.598150405657,7.4032136895825,1.18027628508273,1.0657626892953,TRUE,TRUE,3,113.399822939814,6.25697578192592,1.05182643178603,1.12340944884164,0.065660157537449,0.0650000000000013,FALSE,3,FALSE,"sufficient","coarse"
"weak_signal_n120_k6_s20260816","weak_signal",6,"cold_common","row_asc",1,-5,10,1e-05,104.01233533585,14.001133321045,3.89036407997887,1.11087105208846,TRUE,TRUE,3,104.012335335849,14.6982931832299,1.12562899682119,1.20668990583758,0.159784958174591,0.020999999999999,FALSE,3,FALSE,"sufficient","coarse"
"weak_signal_n120_k6_s20260816","weak_signal",6,"cold_common","row_asc",1,-3,10,0.001,104.028046572837,13.5819738335518,3.63933200594184,1.10230376472882,TRUE,TRUE,3,104.02815330354,12.4145260982519,1.07851169950408,1.20415945384408,0.153811643337694,0.0180000000000007,FALSE,3,FALSE,"sufficient","coarse"
"weak_signal_n120_k6_s20260816","weak_signal",6,"cold_common","row_asc",1,-1,10,0.1,105.827431516713,9.27362191047815,2.52941349940222,1.03580335507825,TRUE,TRUE,3,105.827553264165,8.84078908398071,1.02775379949522,1.17287982184513,0.100021172905359,0.0169999999999995,FALSE,3,TRUE,"sufficient","coarse"
"weak_signal_n120_k6_s20260816","weak_signal",6,"cold_common","row_asc",1,1,10,10,115.323422727923,5.47698123617204,1.47843241744794,1.05514755036996,TRUE,TRUE,3,115.323422727923,5.25954326182197,1.05115224193935,1.11853146095044,0.0530171844772798,0.0210000000000008,FALSE,3,FALSE,"sufficient","coarse"
"weak_signal_n120_k6_s20260816","weak_signal",6,"cold_common","row_asc",1,3,10,1000,116.839522587241,4.70327662552764,1.17104640080066,1.05471977658489,TRUE,TRUE,3,116.839522632572,4.58453246409105,1.05255061559508,1.11322979983118,0.0472467993509941,0.0169999999999995,FALSE,3,FALSE,"sufficient","coarse"
"weak_signal_n120_k6_s20260816","weak_signal",6,"cold_common","row_asc",1,5,10,1e+05,116.861387849638,4.68509369116085,1.16579509739295,1.05458450216049,TRUE,TRUE,17,117.188769725965,3.79961020878125,1.04148272620821,1.11315164928598,0.0471713783485535,0.0789999999999988,FALSE,3,FALSE,"sufficient","coarse"
"weak_signal_n120_k6_s20260816","weak_signal",6,"cold_common","row_asc",3,-5,1000,1e-05,104.735256102087,13.638383631546,3.8163429675288,1.11097500390033,TRUE,TRUE,3,104.738101438548,11.8601640499045,1.07476751295267,1.20258490730285,0.157011604528143,0.0190000000000001,FALSE,3,FALSE,"sufficient","coarse"
"weak_signal_n120_k6_s20260816","weak_signal",6,"cold_common","row_asc",3,-3,1000,0.001,104.753436895938,13.2243098517997,3.57035285007238,1.10256639742317,TRUE,TRUE,3,104.75343689594,11.6948927281975,1.0716467548365,1.20011197697294,0.151112642187203,0.0170000000000012,FALSE,3,FALSE,"sufficient","coarse"
"weak_signal_n120_k6_s20260816","weak_signal",6,"cold_common","row_asc",3,-1,1000,0.1,106.650023684927,8.92636784664866,2.49048887593577,1.03733792238595,TRUE,TRUE,3,106.65002368493,8.10614308487201,1.02218549588494,1.1695489642163,0.0974925235489897,0.0199999999999996,FALSE,3,TRUE,"sufficient","coarse"
"weak_signal_n120_k6_s20260816","weak_signal",6,"cold_common","row_asc",3,1,1000,10,116.149485084681,5.10675245356067,1.36585193453697,1.05586774791142,TRUE,TRUE,3,116.149485084678,4.55406411340624,1.0457821801368,1.11360717025039,0.0507366318362476,0.0169999999999995,FALSE,3,FALSE,"sufficient","coarse"
"weak_signal_n120_k6_s20260816","weak_signal",6,"cold_common","row_asc",3,3,1000,1000,117.619531682391,4.49288538106501,1.12974600704923,1.05789660011134,TRUE,TRUE,3,117.61971243101,3.99852243920761,1.04890055978774,1.10833294902793,0.0449637500461389,0.0190000000000001,FALSE,3,FALSE,"sufficient","coarse"
"weak_signal_n120_k6_s20260816","weak_signal",6,"cold_common","row_asc",3,5,1000,1e+05,117.640999462618,4.48299232769772,1.1256558181548,1.05790846108902,TRUE,TRUE,3,117.640999500152,4.00554640732016,1.0492174498815,1.10826031401256,0.0448905643485144,0.0169999999999995,FALSE,3,FALSE,"sufficient","coarse"
"weak_signal_n120_k6_s20260816","weak_signal",6,"cold_common","row_asc",5,-5,1e+05,1e-05,104.744828338052,13.6341780100151,3.81541022161577,1.11098868054678,TRUE,TRUE,3,104.744828337276,11.9965247718234,1.07755234255509,1.20253271462733,0.156983405501715,0.0169999999999995,FALSE,3,FALSE,"sufficient","coarse"
"weak_signal_n120_k6_s20260816","weak_signal",6,"cold_common","row_asc",5,-3,1e+05,0.001,104.763036969133,13.2201590010486,3.56947683655436,1.10258171526101,TRUE,TRUE,3,104.763036968792,11.6841460814424,1.07153230776097,1.20006051352559,0.151085458125303,0.0199999999999996,FALSE,3,FALSE,"sufficient","coarse"
"weak_signal_n120_k6_s20260816","weak_signal",6,"cold_common","row_asc",5,-1,1e+05,0.1,106.660987609952,8.92225249631518,2.48997000524319,1.03736769194773,TRUE,TRUE,3,107.971181835595,6.38462107512692,1.00372527111349,1.16950734631612,0.0974682105781136,0.0170000000000012,FALSE,3,TRUE,"sufficient","coarse"
"weak_signal_n120_k6_s20260816","weak_signal",6,"cold_common","row_asc",5,1,1e+05,10,116.166332379691,5.10001681292059,1.36395603563352,1.0558970918168,TRUE,TRUE,3,116.166332379375,4.54031555709248,1.04568479130603,1.11354422571839,0.0507130699720529,0.0199999999999996,FALSE,3,FALSE,"sufficient","coarse"
"weak_signal_n120_k6_s20260816","weak_signal",6,"cold_common","row_asc",5,3,1e+05,1000,117.630960967033,4.48797808465158,1.12811741876678,1.05790950562315,TRUE,TRUE,3,117.630960968184,4.00724310492245,1.04915861085234,1.10826453184612,0.044940048254746,0.0170000000000012,FALSE,3,FALSE,"sufficient","coarse"
"weak_signal_n120_k6_s20260816","weak_signal",6,"cold_common","row_asc",5,5,1e+05,1e+05,117.651548475505,4.48013569730508,1.12515236679857,1.05795100006348,TRUE,TRUE,3,117.651548464457,4.00015431853538,1.04921398480709,1.10819813947362,0.0448684480572628,0.0169999999999995,FALSE,3,FALSE,"sufficient","coarse"
"weak_signal_n120_k6_s20260816","weak_signal",6,"continuation","serpentine",-5,-5,1e-05,1e-05,94.7801967167924,40.3390872249245,3.01393214273483,1.79229005531584,TRUE,TRUE,3,94.7801967167924,36.8321354891478,1.64432534605895,2.75128965820146,6.25888785232012,0.0179999999999989,FALSE,3,FALSE,"sufficient","coarse_serpentine"
"weak_signal_n120_k6_s20260816","weak_signal",6,"continuation","serpentine",-5,-3,1e-05,0.001,95.6087539210606,34.5265146388657,3.15965306200618,1.57042093773944,TRUE,TRUE,3,95.6087539210607,33.1075070874817,1.51954788281465,1.66589069796574,1.53108136818171,0.0170000000000012,FALSE,3,FALSE,"sufficient","coarse_serpentine"
"weak_signal_n120_k6_s20260816","weak_signal",6,"continuation","serpentine",-5,-1,1e-05,0.1,99.5041464658762,21.923677389235,3.89957478991385,1.24134951165051,TRUE,TRUE,3,99.5041464658761,21.6758161019784,1.2350988688522,1.22239745919473,0.264352017901521,0.0210000000000008,FALSE,3,FALSE,"sufficient","coarse_serpentine"
"weak_signal_n120_k6_s20260816","weak_signal",6,"continuation","serpentine",-5,1,1e-05,10,108.253753980901,15.2229207015811,3.32543951785784,1.18329120160342,TRUE,TRUE,3,108.253729565442,12.866413494329,1.13180817279864,1.14845534344317,0.132526278355697,0.0199999999999996,FALSE,3,FALSE,"sufficient","coarse_serpentine"
"weak_signal_n120_k6_s20260816","weak_signal",6,"continuation","serpentine",-5,3,1e-05,1000,109.488211345715,14.3230042507858,3.0454003961309,1.17648851048786,TRUE,TRUE,3,109.49759057154,11.8459569058533,1.12331172118964,1.14419381306273,0.126434835854665,0.0220000000000002,FALSE,3,FALSE,"sufficient","coarse_serpentine"
"weak_signal_n120_k6_s20260816","weak_signal",6,"continuation","serpentine",-5,5,1e-05,1e+05,109.503685069388,14.2715998228045,3.08961919910806,1.17551089603695,TRUE,TRUE,10,112.470967974098,7.25060727188403,1.06167907081128,1.1441439486472,0.126367841964129,0.0419999999999998,FALSE,3,FALSE,"sufficient","coarse_serpentine"
"weak_signal_n120_k6_s20260816","weak_signal",6,"continuation","serpentine",-3,5,0.001,1e+05,124.066578106553,-2756.8652028796,6049.68468245606,Inf,FALSE,TRUE,25,109.571757067212,11.6814703631107,1.12066126186107,1.12371922868053,0.0676017219929481,0.0809999999999995,FALSE,3,FALSE,"sufficient","coarse_serpentine"
"weak_signal_n120_k6_s20260816","weak_signal",6,"continuation","serpentine",-3,3,0.001,1000,NA,NA,NA,Inf,FALSE,FALSE,NA,109.555956662725,11.6927625405141,1.12073332101091,NA,NA,0.0140000000000011,FALSE,3,FALSE,"sufficient","coarse_serpentine"
"weak_signal_n120_k6_s20260816","weak_signal",6,"continuation","serpentine",-3,1,0.001,10,108.300955355172,14.99088228796,3.04444221552283,1.17858121470969,TRUE,TRUE,25,108.300941632817,14.1354112498785,1.15961025981767,1.14328664978907,0.119677363575428,0.113,FALSE,3,FALSE,"sufficient","coarse_serpentine"
"weak_signal_n120_k6_s20260816","weak_signal",6,"continuation","serpentine",-3,-1,0.001,0.1,99.5968996750253,20.8435986180973,3.57255673619078,1.21558561479761,TRUE,TRUE,25,99.5968585928501,21.2989732470968,1.22682762181625,1.21070595227434,0.232122609155086,0.119000000000002,FALSE,3,FALSE,"sufficient","coarse_serpentine"
"weak_signal_n120_k6_s20260816","weak_signal",6,"continuation","serpentine",-3,-3,0.001,0.001,96.1727535327692,38.6270311235547,2.19492576432846,1.74290202199977,TRUE,TRUE,25,96.1730725497101,31.3968344837187,1.47006406261393,1.43597536806905,0.806440755703782,0.0990000000000002,FALSE,3,FALSE,"sufficient","coarse_serpentine"
"weak_signal_n120_k6_s20260816","weak_signal",6,"continuation","serpentine",-3,-5,0.001,1e-05,111.793880006695,-114.24829541829,3346.52134150776,Inf,FALSE,TRUE,25,95.7374214240443,33.1729267822405,1.52388659283262,1.42799520241644,0.854102875908181,0.0469999999999988,FALSE,3,FALSE,"sufficient","coarse_serpentine"
"weak_signal_n120_k6_s20260816","weak_signal",6,"continuation","serpentine",-1,-5,0.1,1e-05,99.5244895454317,20.3179398191292,3.94810020506831,1.20192451808133,TRUE,TRUE,3,99.5244898115198,21.6014704265056,1.23348533039008,1.2175554444173,0.190562443740014,0.0169999999999995,FALSE,3,FALSE,"sufficient","coarse_serpentine"
"weak_signal_n120_k6_s20260816","weak_signal",6,"continuation","serpentine",-1,-3,0.1,0.001,99.576589079528,19.7471554314365,3.7031845050307,1.18889933349535,TRUE,TRUE,3,99.5765888235717,21.1964843348861,1.22403460067989,1.21392496805641,0.182347989138251,0.0190000000000019,FALSE,3,FALSE,"sufficient","coarse_serpentine"
"weak_signal_n120_k6_s20260816","weak_signal",6,"continuation","serpentine",-1,-1,0.1,0.1,101.633584170449,14.0884766788267,2.55170187881397,1.08725661466597,TRUE,TRUE,3,101.633583985478,16.4436428540709,1.13727359918165,1.18262590549216,0.129940902432433,0.0199999999999996,FALSE,3,FALSE,"sufficient","coarse_serpentine"
"weak_signal_n120_k6_s20260816","weak_signal",6,"continuation","serpentine",-1,1,0.1,10,111.051319887351,7.82128558538874,1.53407901121009,1.05897096682527,TRUE,TRUE,25,111.051772507097,8.95692574288784,1.08074637404172,1.12887784860606,0.0708085427915321,0.119999999999997,FALSE,3,FALSE,"sufficient","coarse_serpentine"
"weak_signal_n120_k6_s20260816","weak_signal",6,"continuation","serpentine",-1,3,0.1,1000,112.578147842325,7.35752647378153,1.14783918083158,1.06470915426371,TRUE,TRUE,25,112.578056826939,8.07856506401129,1.07847095932345,1.12347950562497,0.0657212341284482,0.119,FALSE,3,FALSE,"sufficient","coarse_serpentine"
"weak_signal_n120_k6_s20260816","weak_signal",6,"continuation","serpentine",-1,5,0.1,1e+05,112.59813945721,7.3918065119624,1.18191635215335,1.06554667371571,TRUE,TRUE,12,113.399822939814,6.25697578192592,1.05182643178603,1.12340944426662,0.0656601112826083,0.0519999999999996,FALSE,3,FALSE,"sufficient","coarse_serpentine"
"weak_signal_n120_k6_s20260816","weak_signal",6,"continuation","serpentine",1,5,10,1e+05,116.861387656595,4.68725856999413,1.16489679273869,1.05462409828186,TRUE,TRUE,3,117.188769725965,3.79961020878125,1.04148272620821,1.1131516504937,0.0471713698660697,0.0200000000000031,FALSE,3,FALSE,"sufficient","coarse_serpentine"
"weak_signal_n120_k6_s20260816","weak_signal",6,"continuation","serpentine",1,3,10,1000,116.839522530914,4.70354647006693,1.17079941429647,1.05472471310087,TRUE,TRUE,3,116.839522632572,4.58453246409105,1.05255061559508,1.11322980484412,0.0472468036023368,0.0189999999999984,FALSE,3,FALSE,"sufficient","coarse_serpentine"
"weak_signal_n120_k6_s20260816","weak_signal",6,"continuation","serpentine",1,1,10,10,115.323426359333,5.47837896807163,1.48321623028292,1.05517333982246,TRUE,TRUE,7,115.323422727923,5.25954326182197,1.05115224193935,1.11853141373569,0.0530169780122333,0.0599999999999987,FALSE,3,FALSE,"sufficient","coarse_serpentine"
"weak_signal_n120_k6_s20260816","weak_signal",6,"continuation","serpentine",1,-1,10,0.1,105.827434742989,9.27066679274743,2.5290049951652,1.0357481008519,TRUE,TRUE,6,105.827553264165,8.84078908398071,1.02775379949522,1.17287981245758,0.100021161715795,0.0570000000000022,FALSE,3,TRUE,"sufficient","coarse_serpentine"
"weak_signal_n120_k6_s20260816","weak_signal",6,"continuation","serpentine",1,-3,10,0.001,104.028762193678,13.5144747663537,3.40847905200868,1.10091432381675,TRUE,TRUE,25,104.02815330354,12.4145260982519,1.07851169950408,1.204153336699,0.153807589061091,0.123000000000001,FALSE,3,FALSE,"sufficient","coarse_serpentine"
"weak_signal_n120_k6_s20260816","weak_signal",6,"continuation","serpentine",1,-5,10,1e-05,104.014764606153,13.1379444147187,3.85503342223725,1.0930227180636,TRUE,TRUE,25,104.012335335849,14.6982931832299,1.12562899682119,1.20668253520528,0.159770558172955,0.195,FALSE,3,FALSE,"sufficient","coarse_serpentine"
"weak_signal_n120_k6_s20260816","weak_signal",6,"continuation","serpentine",3,-5,1000,1e-05,104.73525617459,13.6379578235043,3.81609258673624,1.11096610936926,TRUE,TRUE,3,104.738101438548,11.8601640499045,1.07476751295267,1.202584898335,0.157011582986545,0.0199999999999996,FALSE,3,FALSE,"sufficient","coarse_serpentine"
"weak_signal_n120_k6_s20260816","weak_signal",6,"continuation","serpentine",3,-3,1000,0.001,104.753436410118,13.2261768628666,3.5699675408355,1.10260495085515,TRUE,TRUE,3,104.75343689594,11.6948927281975,1.0716467548365,1.20011200360017,0.151112705530652,0.0180000000000007,FALSE,3,FALSE,"sufficient","coarse_serpentine"
"weak_signal_n120_k6_s20260816","weak_signal",6,"continuation","serpentine",3,-1,1000,0.1,106.65002327575,8.92829311815555,2.49145583041261,1.03737388029955,TRUE,TRUE,5,106.65002368493,8.10614308487201,1.02218549588494,1.16954896344112,0.0974925258864459,0.0700000000000003,FALSE,3,TRUE,"sufficient","coarse_serpentine"
"weak_signal_n120_k6_s20260816","weak_signal",6,"continuation","serpentine",3,1,1000,10,116.149485082157,5.10673996242286,1.36586783133714,1.05586751830165,TRUE,TRUE,3,116.149485084678,4.55406411340624,1.0457821801368,1.11360717037569,0.0507366319858756,0.0169999999999995,FALSE,3,FALSE,"sufficient","coarse_serpentine"
"weak_signal_n120_k6_s20260816","weak_signal",6,"continuation","serpentine",3,3,1000,1000,117.619528116331,4.48874225503151,1.13192517142862,1.0578206807119,TRUE,TRUE,8,117.61971243101,3.99852243920761,1.04890055978774,1.10833299078545,0.0449638018195079,0.0359999999999978,FALSE,3,FALSE,"sufficient","coarse_serpentine"
"weak_signal_n120_k6_s20260816","weak_signal",6,"continuation","serpentine",3,5,1000,1e+05,NA,NA,NA,Inf,FALSE,FALSE,NA,117.640999500152,4.00554640732016,1.0492174498815,NA,NA,0.00400000000000134,FALSE,3,FALSE,"sufficient","coarse_serpentine"
"weak_signal_n120_k6_s20260816","weak_signal",6,"continuation","serpentine",5,5,1e+05,1e+05,117.670049912395,5.78932914194834,7.18028608328775,1.08251474012028,TRUE,TRUE,25,117.651548464457,4.00015431853538,1.04921398480709,1.10805820498516,0.044811641574966,0.129999999999999,FALSE,3,FALSE,"sufficient","coarse_serpentine"
"weak_signal_n120_k6_s20260816","weak_signal",6,"continuation","serpentine",5,3,1e+05,1000,117.630959874614,4.48723897258802,1.12839564856027,1.05789595770694,TRUE,TRUE,3,117.630960968184,4.00724310492245,1.04915861085234,1.10826453277725,0.0449400512463954,0.0210000000000008,FALSE,3,FALSE,"sufficient","coarse_serpentine"
"weak_signal_n120_k6_s20260816","weak_signal",6,"continuation","serpentine",5,1,1e+05,10,NA,NA,NA,Inf,FALSE,FALSE,NA,116.166332379375,4.54031555709248,1.04568479130603,NA,NA,0.00399999999999778,FALSE,3,FALSE,"sufficient","coarse_serpentine"
"weak_signal_n120_k6_s20260816","weak_signal",6,"continuation","serpentine",5,-1,1e+05,0.1,NA,NA,NA,Inf,FALSE,FALSE,NA,107.971181835595,6.38462107512692,1.00372527111349,NA,NA,0.00400000000000134,FALSE,3,FALSE,"sufficient","coarse_serpentine"
"weak_signal_n120_k6_s20260816","weak_signal",6,"continuation","serpentine",5,-3,1e+05,0.001,NA,NA,NA,Inf,FALSE,FALSE,NA,104.763036968792,11.6841460814424,1.07153230776097,NA,NA,0.004999999999999,FALSE,3,FALSE,"sufficient","coarse_serpentine"
"weak_signal_n120_k6_s20260816","weak_signal",6,"continuation","serpentine",5,-5,1e+05,1e-05,NA,NA,NA,Inf,FALSE,FALSE,NA,104.744828337276,11.9965247718234,1.07755234255509,NA,NA,0.004999999999999,FALSE,3,FALSE,"sufficient","coarse_serpentine"
"weak_signal_n120_k6_s20260816","weak_signal",1,"cold_common","row_asc",-5,-5,1e-05,1e-05,105.774239975727,24.254374942006,45.8545372072994,1.38459666779153,TRUE,TRUE,25,94.7801967167924,36.8321354891478,1.64432534605895,1.21096790627645,0.14685890448637,0.0700000000000003,FALSE,3,FALSE,"restricted","coarse"
"weak_signal_n120_k6_s20260816","weak_signal",1,"cold_common","row_asc",-5,-3,1e-05,0.001,105.769816337103,22.0344950271601,41.5387290104225,1.32250290112471,TRUE,TRUE,25,95.6087539210607,33.1075070874817,1.51954788281465,1.20966910151523,0.144208044321566,0.0679999999999978,FALSE,3,FALSE,"restricted","coarse"
"weak_signal_n120_k6_s20260816","weak_signal",1,"cold_common","row_asc",-5,-1,1e-05,0.1,106.770921605055,8.85370074160491,10.3624392553791,1.03715633300345,TRUE,TRUE,25,99.5041464658761,21.6758161019784,1.2350988688522,1.17668784651943,0.0982838835095994,0.065999999999999,FALSE,3,FALSE,"restricted","coarse"
"weak_signal_n120_k6_s20260816","weak_signal",1,"cold_common","row_asc",-5,1,1e-05,10,110.584369620226,10.0610931085747,1.48949972394214,1.09792370929712,TRUE,TRUE,25,108.253729565442,12.866413494329,1.13180817279864,1.13733677980672,0.101924509212509,0.0720000000000027,FALSE,3,FALSE,"restricted","coarse"
"weak_signal_n120_k6_s20260816","weak_signal",1,"cold_common","row_asc",-5,3,1e-05,1000,110.630379907977,9.82129579646259,1.3378677010768,1.09360460180387,TRUE,TRUE,19,109.49759057154,11.8459569058533,1.12331172118964,1.13720331672658,0.102062581775776,0.0499999999999972,FALSE,3,FALSE,"restricted","coarse"
"weak_signal_n120_k6_s20260816","weak_signal",1,"cold_common","row_asc",-5,5,1e-05,1e+05,110.630842684086,9.87781950874927,1.44624228781595,1.09473212396176,TRUE,TRUE,18,112.470967974098,7.25060727188403,1.06167907081128,1.13719684625758,0.102061882582739,0.0530000000000008,FALSE,3,FALSE,"restricted","coarse"
"weak_signal_n120_k6_s20260816","weak_signal",1,"cold_common","row_asc",-3,-5,0.001,1e-05,105.774228046405,19.5968197503719,54.9729181233438,1.25911724496022,TRUE,TRUE,25,95.7374214240443,33.1729267822405,1.52388659283262,1.20875337940921,0.140644132978615,0.0700000000000003,FALSE,3,FALSE,"restricted","coarse"
"weak_signal_n120_k6_s20260816","weak_signal",1,"cold_common","row_asc",-3,-3,0.001,0.001,105.7773471571,18.1383321409644,51.5709070086632,1.22335457685434,TRUE,TRUE,25,96.1730725497101,31.3968344837187,1.47006406261393,1.2077060437764,0.138745790384767,0.0670000000000002,FALSE,3,FALSE,"restricted","coarse"
"weak_signal_n120_k6_s20260816","weak_signal",1,"cold_common","row_asc",-3,-1,0.001,0.1,106.777218527825,10.5947573821286,8.68729567812808,1.07049238562199,TRUE,TRUE,25,99.5968585928501,21.2989732470968,1.22682762181625,1.17687549973112,0.0977288307648334,0.0689999999999991,FALSE,3,FALSE,"restricted","coarse"
"weak_signal_n120_k6_s20260816","weak_signal",1,"cold_common","row_asc",-3,1,0.001,10,110.634090629461,9.72872822092311,1.55841774228274,1.09180593231579,TRUE,TRUE,16,108.300941632817,14.1354112498785,1.15961025981767,1.1329293744343,0.0922989467923481,0.0500000000000007,FALSE,3,FALSE,"restricted","coarse"
"weak_signal_n120_k6_s20260816","weak_signal",1,"cold_common","row_asc",-3,3,0.001,1000,110.688057171528,9.24704582744892,1.32149668353832,1.08285765810325,TRUE,TRUE,25,109.555956662725,11.6927625405141,1.12073332101091,1.13277517620798,0.0923923010968033,0.0719999999999992,FALSE,3,FALSE,"restricted","coarse"
"weak_signal_n120_k6_s20260816","weak_signal",1,"cold_common","row_asc",-3,5,0.001,1e+05,110.688601152999,9.2446079179481,1.32066707861675,1.08281530916786,TRUE,TRUE,25,109.571757067212,11.6814703631107,1.12066126186107,1.13277317514152,0.0923929608472086,0.0680000000000014,FALSE,3,FALSE,"restricted","coarse"
"weak_signal_n120_k6_s20260816","weak_signal",1,"cold_common","row_asc",-1,-5,0.1,1e-05,106.598367328435,-20.7649077308551,28.1341161408276,Inf,FALSE,TRUE,25,99.5244898115198,21.6014704265056,1.23348533039008,1.1973382325625,0.117484348937795,0.0719999999999992,FALSE,3,FALSE,"restricted","coarse"
"weak_signal_n120_k6_s20260816","weak_signal",1,"cold_common","row_asc",-1,-3,0.1,0.001,106.59299126848,-19.4562347198329,27.8852882018638,Inf,FALSE,TRUE,25,99.5765888235717,21.1964843348861,1.22403460067989,1.19681977147907,0.116737703360877,0.0679999999999978,FALSE,3,FALSE,"restricted","coarse"
"weak_signal_n120_k6_s20260816","weak_signal",1,"cold_common","row_asc",-1,-1,0.1,0.1,107.192741547173,2.55571342345813,21.4846256904181,0.932572997521563,TRUE,TRUE,25,101.633583985478,16.4436428540709,1.13727359918165,1.17555232269534,0.0905482780393999,0.0670000000000002,FALSE,3,TRUE,"restricted","coarse"
"weak_signal_n120_k6_s20260816","weak_signal",1,"cold_common","row_asc",-1,1,0.1,10,113.037176915228,6.02356662837409,1.31899679119057,1.04417291402691,TRUE,TRUE,25,111.051772507097,8.95692574288784,1.08074637404172,1.11850714872373,0.0582451844997957,0.0670000000000002,FALSE,3,FALSE,"restricted","coarse"
"weak_signal_n120_k6_s20260816","weak_signal",1,"cold_common","row_asc",-1,3,0.1,1000,113.357790153356,5.63600255288266,1.17628344173324,1.04004938785192,TRUE,TRUE,25,112.578056826939,8.07856506401129,1.07847095932345,1.11702387945503,0.0576186175141756,0.065999999999999,FALSE,3,FALSE,"restricted","coarse"
"weak_signal_n120_k6_s20260816","weak_signal",1,"cold_common","row_asc",-1,5,0.1,1e+05,113.361291196932,5.63032126853188,1.17461954906456,1.03997818067321,TRUE,TRUE,25,113.399822939814,6.25697578192592,1.05182643178603,1.11701068349352,0.0576117715804189,0.0889999999999986,FALSE,3,FALSE,"restricted","coarse"
"weak_signal_n120_k6_s20260816","weak_signal",1,"cold_common","row_asc",1,-5,10,1e-05,107.704965614193,16.237094973117,1.45484727099267,1.20041863386404,TRUE,TRUE,25,104.012335335849,14.6982931832299,1.12562899682119,1.19026114163588,0.111011834741652,0.0969999999999978,FALSE,3,FALSE,"restricted","coarse"
"weak_signal_n120_k6_s20260816","weak_signal",1,"cold_common","row_asc",1,-3,10,0.001,107.704610395938,15.6444175769041,1.60251881357441,1.18681811777624,TRUE,TRUE,25,104.02815330354,12.4145260982519,1.07851169950408,1.18964134381706,0.110204421154237,0.0740000000000016,FALSE,3,FALSE,"restricted","coarse"
"weak_signal_n120_k6_s20260816","weak_signal",1,"cold_common","row_asc",1,-1,10,0.1,108.367409609361,5.48873200117838,3.76697471047615,0.991707256066075,TRUE,TRUE,25,105.827553264165,8.84078908398071,1.02775379949522,1.16593275653497,0.0818137130618944,0.0679999999999978,FALSE,3,FALSE,"restricted","coarse"
"weak_signal_n120_k6_s20260816","weak_signal",1,"cold_common","row_asc",1,1,10,10,116.243498252919,4.76356716094042,1.32536065354812,1.05043771169535,TRUE,TRUE,25,115.323422727923,5.25954326182197,1.05115224193935,1.1117873301839,0.0476564500333308,0.070999999999998,FALSE,3,FALSE,"restricted","coarse"
"weak_signal_n120_k6_s20260816","weak_signal",1,"cold_common","row_asc",1,3,10,1000,117.17593349206,4.51467121947475,1.19689235973527,1.05430444589772,TRUE,TRUE,25,116.839522632572,4.58453246409105,1.05255061559508,1.11014602120448,0.0455694073421654,0.0700000000000003,FALSE,3,FALSE,"restricted","coarse"
"weak_signal_n120_k6_s20260816","weak_signal",1,"cold_common","row_asc",1,5,10,1e+05,117.188175272041,4.51107464481796,1.19627214102728,1.05434892029959,TRUE,TRUE,25,117.188769725965,3.79961020878125,1.04148272620821,1.1101332464553,0.0455495087710196,0.0710000000000015,FALSE,3,FALSE,"restricted","coarse"
"weak_signal_n120_k6_s20260816","weak_signal",1,"cold_common","row_asc",3,-5,1000,1e-05,107.800880347253,20.9876545920565,1.4075631091624,1.31954698011395,TRUE,TRUE,25,104.738101438548,11.8601640499045,1.07476751295267,1.19007613408762,0.111140936886631,0.070999999999998,FALSE,3,FALSE,"restricted","coarse"
"weak_signal_n120_k6_s20260816","weak_signal",1,"cold_common","row_asc",3,-3,1000,0.001,107.801789201109,20.2862126814133,1.37396307107347,1.30105840071313,TRUE,TRUE,25,104.75343689594,11.6948927281975,1.0716467548365,1.18943999251813,0.110328811284339,0.0689999999999991,FALSE,3,FALSE,"restricted","coarse"
"weak_signal_n120_k6_s20260816","weak_signal",1,"cold_common","row_asc",3,-1,1000,0.1,108.528773910547,8.14221743526717,2.67423928706887,1.04086338450877,TRUE,TRUE,25,106.65002368493,8.10614308487201,1.02218549588494,1.16473300178986,0.081568157247922,0.0670000000000002,FALSE,3,FALSE,"restricted","coarse"
"weak_signal_n120_k6_s20260816","weak_signal",1,"cold_common","row_asc",3,1,1000,10,116.624350700514,4.65701889093686,1.23470531129927,1.05193314958038,TRUE,TRUE,25,116.149485084678,4.55406411340624,1.0457821801368,1.10998210570745,0.0475707140509175,0.0689999999999991,FALSE,3,FALSE,"restricted","coarse"
"weak_signal_n120_k6_s20260816","weak_signal",1,"cold_common","row_asc",3,3,1000,1000,117.633149507785,4.48386004061149,1.12516214915017,1.05785376112122,TRUE,TRUE,25,117.61971243101,3.99852243920761,1.04890055978774,1.10823291739231,0.0449048146101113,0.0689999999999991,FALSE,3,FALSE,"restricted","coarse"
"weak_signal_n120_k6_s20260816","weak_signal",1,"cold_common","row_asc",3,5,1000,1e+05,117.646401574881,4.47843703909967,1.12538685136786,1.05787360672909,TRUE,TRUE,24,117.640999500152,4.00554640732016,1.0492174498815,1.10821943122138,0.0448805794886079,0.065999999999999,FALSE,3,FALSE,"restricted","coarse"
"weak_signal_n120_k6_s20260816","weak_signal",1,"cold_common","row_asc",5,-5,1e+05,1e-05,107.80193370389,21.0384782555353,1.40872202207595,1.32091559445484,TRUE,TRUE,25,104.744828337276,11.9965247718234,1.07755234255509,1.1900749633353,0.111143468778109,0.0680000000000014,FALSE,3,FALSE,"restricted","coarse"
"weak_signal_n120_k6_s20260816","weak_signal",1,"cold_common","row_asc",5,-3,1e+05,0.001,107.80285716914,20.3358603897521,1.37304113940316,1.30236787064611,TRUE,TRUE,25,104.763036968792,11.6841460814424,1.07153230776097,1.18943866205331,0.110331323444046,0.0700000000000003,FALSE,3,FALSE,"restricted","coarse"
"weak_signal_n120_k6_s20260816","weak_signal",1,"cold_common","row_asc",5,-1,1e+05,0.1,108.530628633193,8.17301651213148,2.66834247827751,1.04145460468951,TRUE,TRUE,25,107.971181835595,6.38462107512692,1.00372527111349,1.16472143614349,0.0815686103847312,0.0700000000000003,FALSE,3,FALSE,"restricted","coarse"
"weak_signal_n120_k6_s20260816","weak_signal",1,"cold_common","row_asc",5,1,1e+05,10,116.628630446098,4.65517997606518,1.23452639288602,1.05193820980631,TRUE,TRUE,25,116.166332379375,4.54031555709248,1.04568479130603,1.10996479015157,0.0475741943063957,0.0679999999999978,FALSE,3,FALSE,"restricted","coarse"
"weak_signal_n120_k6_s20260816","weak_signal",1,"cold_common","row_asc",5,3,1e+05,1000,117.638422356703,4.50190671713935,1.11902711066845,1.05823180067161,TRUE,TRUE,23,117.630960968184,4.00724310492245,1.04915861085234,1.10821535187851,0.0449055161662746,0.0599999999999987,FALSE,3,FALSE,"restricted","coarse"
"weak_signal_n120_k6_s20260816","weak_signal",1,"cold_common","row_asc",5,5,1e+05,1e+05,117.651686462499,4.462418097323,1.12955202082606,1.05762779341752,TRUE,TRUE,22,117.651548464457,4.00015431853538,1.04921398480709,1.1082029305868,0.0448842413371308,0.0600000000000023,FALSE,3,FALSE,"restricted","coarse"
