"scenario","rep","test_mse_a","ise_a","global_gcv_a","log10_l1_a","log10_l2_a","log_ratio_a","gdf_a","gdf_se_a","dist_to_oracle","test_mse_b","ise_b","global_gcv_b","log10_l1_b","log10_l2_b","log_ratio_b","gdf_b","gdf_se_b","pair","delta_test_mse","delta_ise","delta_gcv","dist_log10","gcv_diff_within_mc"
"smooth_smooth",1,0.162917047686095,0.0398863990557732,0.15961220947439,-1.11941948508999,-1.13914561046684,0.0197261253768444,26.3857045694005,1.35250552994139,0.380101175826267,0.159496534089629,0.0384850459981696,0.160836930831158,-1,-1.5,0.5,27.6097389896578,1.36999337332409,"cGCV_default vs tt_grid_oracle",0.003420513596466,0.0014013530576036,-0.00122472135676799,0.380101175826263,TRUE
"smooth_smooth",10,0.144509126989813,0.0182251803771285,0.149517692257418,-1.09420063658853,-1.4060816451963,0.311881008607769,27.5799915957775,1.48528501600844,0.133020364240661,0.144797972057603,0.0189668420494839,0.149619278089144,-1,-1.5,0.5,27.4112829025214,1.50198968145988,"cGCV_default vs tt_grid_oracle",-0.000288845067790006,-0.000741661672355402,-0.000101585831725981,0.13302036424066,TRUE
"smooth_smooth",11,0.145871980157583,0.0155924756147332,0.141505467442766,-0.996084415711333,-1.36313911356808,0.367054697856743,26.3523604636474,0.982393448496769,0.136916887326778,0.145728418390899,0.015224716349981,0.141567198082658,-1,-1.5,0.5,27.2114037492649,0.991616798582556,"cGCV_default vs tt_grid_oracle",0.000143561766683981,0.0003677592647522,-6.17306398920103e-05,0.136916887326774,TRUE
"smooth_smooth",12,0.149155302939362,0.027121428088996,0.147815324700068,-1.44726407583861,-1.20347625851722,-0.243787817321395,24.7518668810237,0.966750157444532,0.627250612691202,0.156168566112582,0.0333465623995043,0.148330498671419,-2,-1.5,-0.5,30.3413518161553,1.03507684047009,"cGCV_default vs tt_grid_oracle",-0.00701326317322001,-0.0062251343105083,-0.000515173971351007,0.627250612691205,TRUE
"smooth_smooth",13,0.13949387483036,0.019623838527833,0.126672343631703,-1.49037098006157,-1.29872598174878,-0.191644998312782,31.6175691271249,1.24023035685944,0.201504214467007,0.139073708283087,0.0193662157721572,0.127160733282656,-1.5,-1.5,0,33.3192005796509,1.28187814674272,"cGCV_default vs tt_grid_oracle",0.000420166547273004,0.000257622755675802,-0.000488389650953019,0.201504214467011,TRUE
"smooth_smooth",14,0.152733883115946,0.0299591815589925,0.137272965481521,-1.49175303560215,-1.31547683786666,-0.176276197735493,27.9512965549544,0.717869499394261,0.184707362564322,0.151712579737484,0.0291244050467327,0.137265793564617,-1.5,-1.5,0,29.2323133659268,0.736492145446837,"cGCV_default vs tt_grid_oracle",0.00102130337846199,0.000834776512259799,7.17191690399743e-06,0.184707362564318,TRUE
"smooth_smooth",15,0.152579447333772,0.0305785183633479,0.149631956689997,-1.23811651589795,-1.54929419851002,0.311177682612072,30.2416459557226,0.88567787815754,0.266482414527067,0.156652750006651,0.0327281703322465,0.150217690449895,-1.5,-1.5,0,32.009820349128,0.858168099017801,"cGCV_default vs tt_grid_oracle",-0.004073302672879,-0.0021496519688986,-0.000585733759898011,0.266482414527064,TRUE
"smooth_smooth",16,0.160667210963225,0.0239158985292861,0.139221964543823,-1.22628628834558,-1.17723927310487,-0.0490470152407099,27.2276915652102,1.19834850860612,0.423194615718955,0.158713096439937,0.0241560045593004,0.139899943232999,-1.5,-1.5,0,31.2614080349224,1.27072554356061,"cGCV_default vs tt_grid_oracle",0.001954114523288,-0.0002401060300143,-0.000677978689176018,0.423194615718952,TRUE
"smooth_smooth",17,0.149812633850766,0.0263623448993758,0.155169860981108,-1.04557624564629,-2.36435342415443,1.31877717850813,32.5534898147537,1.83974880104484,0.143098524471219,0.151110582585315,0.0281424182138497,0.155432015988515,-1,-2.5,1.5,32.6776559100989,1.83179909206766,"cGCV_default vs tt_grid_oracle",-0.001297948734549,-0.0017800733144739,-0.000262155007407006,0.143098524471215,TRUE
"smooth_smooth",18,0.147010847582765,0.0251055158109579,0.145800610268965,-0.978962098396969,-1.33329160092339,0.354329502526418,28.2182483356598,1.31061347144288,0.16803060324401,0.145986146338732,0.0243975397997693,0.146000944425556,-1,-1.5,0.5,29.4511515815763,1.34445281418818,"cGCV_default vs tt_grid_oracle",0.001024701244033,0.000707976011188601,-0.000200334156591014,0.168030603244008,TRUE
"smooth_smooth",19,0.131810235012086,0.0262977994720351,0.153559458628449,-0.934953811869959,-1.27668448101419,0.341730669144234,26.8800728005998,1.20838972945814,0.284227564856652,0.134270570030583,0.0284197985936068,0.154817541485282,-1,-1,0,25.5357997442811,1.19416263060388,"cGCV_default vs tt_grid_oracle",-0.00246033501849699,-0.0021219991215717,-0.00125808285683301,0.284227564856649,TRUE
"smooth_smooth",2,0.114561659199777,0.0173672333853063,0.156813781835295,-1.22749756375625,-1.32036385010266,0.0928662863464129,28.7610422947975,1.1354375245722,0.289869432443243,0.110209362902318,0.0135155208974737,0.157691869807743,-1,-1.5,0.5,28.2082142354779,1.11846853340339,"cGCV_default vs tt_grid_oracle",0.00435229629745899,0.0038517124878326,-0.000878087972447983,0.289869432443244,TRUE
"smooth_smooth",20,0.154333070185953,0.0242079968645445,0.151403325023522,-0.900125213508459,-1.38608973939405,0.48596452588559,27.7264736967151,1.37528263646069,0.151494291800209,0.153573210572928,0.0231638823052515,0.151605688475132,-1,-1.5,0.5,29.2333122584441,1.39083623978453,"cGCV_default vs tt_grid_oracle",0.000759859613024993,0.001044114559293,-0.00020236345161001,0.151494291800207,TRUE
"smooth_smooth",21,0.144650409113517,0.0256313363874821,0.147611583969472,-0.99291905388989,-1.11037105320547,0.117451999315581,25.0551473470844,1.2701063639195,0.110597961931941,0.14473514293788,0.0262244662422742,0.14783747771519,-1,-1,0,24.4431499446873,1.25760320701841,"cGCV_default vs tt_grid_oracle",-8.4733824362998e-05,-0.0005931298547921,-0.00022589374571802,0.110597961931941,TRUE
"smooth_smooth",22,0.153056112700698,0.0250559374220354,0.112927198658056,-1.35374842097873,-1.81014620381266,0.456397782833927,31.1312040251366,1.19305539682371,0.239653892713973,0.155350649179926,0.0275515429864594,0.113240722950753,-1.5,-2,0.5,33.6208430007536,1.25290193551696,"cGCV_default vs tt_grid_oracle",-0.002294536479228,-0.002495605564424,-0.000313524292697001,0.23965389271397,TRUE
"smooth_smooth",23,0.159385435268328,0.0242515630588419,0.133872859200709,-1.17328428800722,-1.72724691487948,0.553962626872266,30.6493513242164,1.36012440911214,0.425602398848636,0.160297298938538,0.0258833867842565,0.134885394292893,-1.5,-2,0.5,35.3259496408584,1.39938687697587,"cGCV_default vs tt_grid_oracle",-0.000911863670210011,-0.0016318237254146,-0.00101253509218402,0.425602398848633,TRUE
"smooth_smooth",24,0.165593696405182,0.0203703813213915,0.145801163024315,-1.21460850262362,-1.58863536100347,0.374026858379847,28.655789789752,1.27290178502523,0.298838642071182,0.167224252293068,0.0206595659518596,0.146424056439144,-1.5,-1.5,0,30.1828117810371,1.29611023579911,"cGCV_default vs tt_grid_oracle",-0.00163055588788599,-0.000289184630468099,-0.00062289341482899,0.298838642071182,TRUE
"smooth_smooth",25,0.14592786066941,0.0250433001222668,0.144110813854034,-1.16239470198654,-1.27389555588231,0.111500853895763,25.7838208038065,0.994757290134241,0.278379702713882,0.145811959018091,0.0251464597389115,0.14477843722233,-1,-1.5,0.5,25.8696867446284,0.974855144082169,"cGCV_default vs tt_grid_oracle",0.000115901651319,-0.000103159616644703,-0.000667623368296011,0.278379702713877,TRUE
"smooth_smooth",26,0.182980705428984,0.029688050343364,0.114635826311701,-1.47482429811415,-1.22220716999618,-0.252617128117968,30.77171265699,1.24432734682404,0.278931304028382,0.183592507618061,0.0288115601280769,0.115108422265624,-1.5,-1.5,0,33.1058893018087,1.30332959045661,"cGCV_default vs tt_grid_oracle",-0.000611802189076999,0.000876490215287101,-0.000472595953923002,0.278931304028387,TRUE
"smooth_smooth",27,0.143353874498324,0.0230021683984092,0.127572665512158,-1.82332059014763,-1.75292303302487,-0.0703975571227537,32.4933794381148,1.35348739125142,0.406919195446759,0.14262131964135,0.0242589030452089,0.128142596581721,-1.5,-2,0.5,31.7752861062905,1.35099211543073,"cGCV_default vs tt_grid_oracle",0.000732554856974016,-0.0012567346467997,-0.00056993106956299,0.406919195446763,TRUE
"smooth_smooth",28,0.126934208820268,0.0162552743533276,0.137723508393693,-1.20289354704384,-1.29346921744089,0.0905756703970506,28.7818999242168,1.12965832090594,0.361838649860217,0.126687919531846,0.0157393255074555,0.138406856078586,-1.5,-1.5,0,32.3399763664052,1.26040284060767,"cGCV_default vs tt_grid_oracle",0.000246289288422019,0.0005159488458721,-0.000683347684893004,0.361838649860223,TRUE
"smooth_smooth",29,0.138731107784053,0.02712765289154,0.139319320787263,-1.50163354193617,-1.22474364287337,-0.276889899062796,26.8773800131574,1.5906350894472,0.569328717580374,0.13474580601979,0.0251511270665594,0.13994959161374,-2,-1.5,-0.5,32.2034642101735,1.782524654829,"cGCV_default vs tt_grid_oracle",0.00398530176426301,0.0019765258249806,-0.000630270826476986,0.569328717580371,TRUE
"smooth_smooth",3,0.156762865899563,0.0323703421697562,0.138482179258764,-1.49735578929523,-1.14289482337912,-0.354460965916115,28.536636542576,1.15593310601078,0.142919286308042,0.15923347873078,0.0348833009936836,0.13879212443295,-1.5,-1,-0.5,27.4956027400304,1.13551292102353,"cGCV_default vs tt_grid_oracle",-0.002470612831217,-0.0025129588239274,-0.000309945174186005,0.142919286308046,TRUE
"smooth_smooth",30,0.1374999392123,0.0242677110304123,0.143805432230979,-1.58479555171007,-1.32647575594129,-0.258319795768782,28.4552822932797,1.35375929105571,0.45000599679992,0.142826050038328,0.0290030672263317,0.144056891436353,-2,-1.5,-0.5,32.4053570802117,1.50730279192641,"cGCV_default vs tt_grid_oracle",-0.00532611082602799,-0.0047353561959194,-0.000251459205374005,0.450005996799922,TRUE
"smooth_smooth",31,0.151957785745949,0.0237142095567374,0.136406599952806,-1.69154866719101,-1.11797961572764,-0.573569051463373,28.3295485960762,1.38860190931412,0.330244476772712,0.158103409202222,0.0295445024379487,0.136662143861935,-2,-1,-1,28.884362244967,1.3978475391866,"cGCV_default vs tt_grid_oracle",-0.00614562345627298,-0.0058302928812113,-0.000255543909129019,0.330244476772714,TRUE
"smooth_smooth",32,0.14158977262193,0.0235832594255214,0.151361070533925,-1.02984672299398,-1.35370558188849,0.323858858894511,25.1681537949162,1.32347566815714,0.149308016007394,0.141492933747591,0.0238448921389296,0.151387590296888,-1,-1.5,0.5,25.8023117686039,1.33700616110825,"cGCV_default vs tt_grid_oracle",9.68388743390058e-05,-0.000261632713408198,-2.6519762963001e-05,0.149308016007396,TRUE
"smooth_smooth",33,0.160032375325323,0.0270902950649585,0.153898012843649,-1.14245573601864,-1.78288393089853,0.640428194879891,30.0934110293754,1.38066482132774,0.455917995988947,0.162737859772266,0.0311528726326772,0.15412224363869,-1.5,-1.5,0,30.7225689968975,1.39136653265939,"cGCV_default vs tt_grid_oracle",-0.00270548444694302,-0.0040625775677187,-0.000224230795040997,0.455917995988946,TRUE
"smooth_smooth",34,0.130174393668283,0.0239740657236117,0.161691013236769,-0.951601704388501,-1.5829593960707,0.6313576916822,28.8781807241771,1.21465841052822,0.0960450749102397,0.129948140542088,0.0237085463358497,0.161520193554738,-1,-1.5,0.5,28.6743679810057,1.19468948996647,"cGCV_default vs tt_grid_oracle",0.000226253126195008,0.000265519387762002,0.000170819682030976,0.0960450749102385,TRUE
"smooth_smooth",35,0.15368019539652,0.0201107246247373,0.13618270208039,-1.3552383292855,-1.26689333294775,-0.0883449963377492,27.9040096718497,1.16943822127208,0.27439872363454,0.150777500447421,0.0176335257707266,0.13676191909206,-1.5,-1.5,0,30.7289160643029,1.22512885465823,"cGCV_default vs tt_grid_oracle",0.002902694949099,0.0024771988540107,-0.000579217011670019,0.274398723634535,TRUE
"smooth_smooth",36,0.137894674621747,0.0203171409848536,0.139268882066799,-1.47436124823656,-1.6738489461337,0.199487697897138,29.2018224401401,1.12256347918941,0.32715723365086,0.143670293785982,0.0237596584860362,0.138958449680284,-1.5,-2,0.5,31.253919446155,1.16806354373548,"cGCV_default vs tt_grid_oracle",-0.005775619164235,-0.0034425175011826,0.000310432386514986,0.327157233650863,TRUE
"smooth_smooth",37,0.140716181774522,0.0142244218171052,0.160978124465738,-1.08448406701869,-1.37481792625876,0.290333859240071,26.5239448073345,1.44550701926931,0.151023538450718,0.143075854103811,0.0159562228435249,0.161318579797323,-1,-1.5,0.5,26.7679419025563,1.43953472869497,"cGCV_default vs tt_grid_oracle",-0.00235967232928899,-0.0017318010264197,-0.000340455331584999,0.151023538450719,TRUE
"smooth_smooth",38,0.147279727033525,0.0285156010553723,0.144449318572177,-0.985332266389237,-1.90568453362519,0.920352267235956,30.373871105132,1.72390551893678,0.0954491990892212,0.148314167623453,0.0295330274065462,0.144375181892495,-1,-2,1,30.9360339151774,1.74444347722049,"cGCV_default vs tt_grid_oracle",-0.00103444058992802,-0.0010174263511739,7.41366796819798e-05,0.0954491990892235,TRUE
"smooth_smooth",39,0.150604969889523,0.0274524014287779,0.105330920210241,-1.1283311512053,-1.17070551612966,0.0423743649243605,23.7963221185685,1.68009248594716,0.213563240298438,0.153680942026704,0.0303271976022157,0.106010713737029,-1,-1,0,21.883953801598,1.58531734547028,"cGCV_default vs tt_grid_oracle",-0.003075972137181,-0.0028747961734378,-0.000679793526788,0.213563240298445,TRUE
"smooth_smooth",4,0.15640131379254,0.0221082915650849,0.142696616742249,-1.65154775356612,-1.43805965146917,-0.213488102096948,34.8291946037068,1.5643356672219,0.163717220801777,0.155784284010921,0.0211028847873649,0.142907861120799,-1.5,-1.5,0,34.2650705282491,1.58086397020163,"cGCV_default vs tt_grid_oracle",0.000617029781618983,0.00100540677772,-0.000211244378549996,0.163717220801778,TRUE
"smooth_smooth",40,0.150347730513491,0.0256766674805919,0.140634088775393,-1.13117761119178,-1.2713764960378,0.140198884846015,26.767421893177,1.20403894918595,0.263583520429365,0.151992695560947,0.0263796982703549,0.140447272180459,-1,-1.5,0.5,26.9274960465667,1.18618604300031,"cGCV_default vs tt_grid_oracle",-0.00164496504745598,-0.000703030789763002,0.000186816594933997,0.263583520429362,TRUE
"smooth_smooth",41,0.141581890338796,0.0226440456280116,0.167503491861786,-0.989187591504302,-1.32872686293637,0.339539271432066,27.8139156451225,0.945422441764451,0.171614089331545,0.140872251043452,0.022267597869576,0.167799671036829,-1,-1.5,0.5,29.1158935330443,0.994043985987676,"cGCV_default vs tt_grid_oracle",0.000709639295344011,0.000376447758435598,-0.000296179175042988,0.171614089331543,TRUE
"smooth_smooth",42,0.199402096731284,0.0745456544180053,0.149797363050478,-1.35272487737786,-1.43127260141138,0.0785477240335203,27.9593034455655,1.16333891269311,0.162522050996549,0.198012203674585,0.0731898714407098,0.149750246481469,-1.5,-1.5,0,29.4910434348211,1.17211141327532,"cGCV_default vs tt_grid_oracle",0.00138989305669901,0.00135578297729549,4.71165690089925e-05,0.162522050996551,TRUE
"smooth_smooth",43,0.142630816929987,0.0238316772118865,0.127430683105401,-1.37093338024746,-1.23037988651844,-0.140553493729021,28.2511127353839,1.25561830994922,0.298920052736778,0.142786220931266,0.0237615574267121,0.128257568604293,-1.5,-1.5,0,31.3530691444519,1.33742288309926,"cGCV_default vs tt_grid_oracle",-0.000155404001279003,7.01197851744016e-05,-0.000826885498891983,0.298920052736774,TRUE
"smooth_smooth",44,0.155583862505001,0.0344892043351645,0.145269591956021,-1.04986443614954,-1.45039026996628,0.400525833816734,25.1617556360524,0.829199943673146,0.0703390880416479,0.156533588008741,0.0352691190472487,0.145336733965778,-1,-1.5,0.5,25.094944425176,0.814073173946605,"cGCV_default vs tt_grid_oracle",-0.000949725503740007,-0.000779914712084197,-6.71420097570208e-05,0.0703390880416438,TRUE
"smooth_smooth",45,0.135702470983591,0.0276435555321593,0.116092242817117,-0.933007028312858,-1.33963602586033,0.406628997547476,26.4943075928312,1.11603979494081,0.17379488616568,0.134894147414581,0.0271209099990963,0.116237135830221,-1,-1.5,0.5,28.0614857760667,1.15564306280448,"cGCV_default vs tt_grid_oracle",0.000808323569010005,0.000522645533062999,-0.000144893013103997,0.173794886165684,TRUE
"smooth_smooth",46,0.134542974306969,0.0286946615039084,0.140633049739981,-1.13006218251976,-1.47139559942564,0.341333416905872,25.7948610029168,0.969508671611826,0.371042046854881,0.135516454880343,0.0299674590682718,0.141286187433516,-1.5,-1.5,0,28.7601408546091,1.04407094303858,"cGCV_default vs tt_grid_oracle",-0.000973480573374014,-0.0012727975643634,-0.000653137693535005,0.371042046854884,TRUE
"smooth_smooth",47,0.13904737754442,0.0126541249913313,0.142020950917203,-1.20298640853426,-1.48889726180083,0.28591085326657,27.7332895483553,0.827776670169626,0.297221036117733,0.137890303192647,0.0118465586416221,0.142122257050707,-1.5,-1.5,0,29.8626043549051,0.872609020617459,"cGCV_default vs tt_grid_oracle",0.00115707435177301,0.0008075663497092,-0.000101306133504009,0.29722103611773,TRUE
"smooth_smooth",48,0.122340421564974,0.0238839045369061,0.145488155076808,-0.993337081198525,-1.20506002708172,0.211722945883192,25.599577048505,1.0148617832929,0.295015223525826,0.122504803364259,0.0244702743088695,0.146298252342247,-1,-1.5,0.5,27.5739242163305,1.10333759803857,"cGCV_default vs tt_grid_oracle",-0.000164381799284991,-0.000586369771963399,-0.000810097265438986,0.295015223525822,TRUE
"smooth_smooth",49,0.141172558240804,0.0282355428868414,0.121839470061215,-1.0309388873811,-1.39980269149627,0.368863804115172,24.1593340008326,1.16997406424336,0.104865224854437,0.140965286804412,0.0280502521286027,0.121928723459476,-1,-1.5,0.5,24.5488639910454,1.18720982893617,"cGCV_default vs tt_grid_oracle",0.000207271436391987,0.000185290758238702,-8.9253398261005e-05,0.104865224854439,TRUE
"smooth_smooth",5,0.159820482305798,0.0209863986333199,0.167123534760969,-0.918744405147037,-1.27406009906535,0.355315693918313,23.4578349305726,1.18447508312304,0.240106873140417,0.156255281929852,0.0190868513018405,0.167247206563924,-1,-1.5,0.5,25.3653358400625,1.21815194816136,"cGCV_default vs tt_grid_oracle",0.00356520037594601,0.0018995473314794,-0.000123671802955,0.240106873140417,TRUE
"smooth_smooth",50,0.158716868212942,0.0436702879939842,0.134214256468956,-1.15453191824056,-1.36545864502602,0.210926726785454,28.6357073399245,1.54729941210178,0.370741920630485,0.15949570720475,0.0462254372003514,0.134653008999083,-1.5,-1.5,0,31.8507091612226,1.55058162047985,"cGCV_default vs tt_grid_oracle",-0.000778838991808001,-0.0025551492063672,-0.000438752530127012,0.370741920630486,TRUE
"smooth_smooth",6,0.17080568308211,0.030261028813531,0.145078783984444,-1.36844721171614,-1.34189937443772,-0.0265478372784206,29.8138436188636,1.10456020785707,0.205674363760883,0.173700225036726,0.0323440852790267,0.145410313891905,-1.5,-1.5,0,31.9931769346982,1.13916417235056,"cGCV_default vs tt_grid_oracle",-0.002894541954616,-0.0020830564654957,-0.00033152990746102,0.205674363760879,TRUE
"smooth_smooth",7,0.159722478694349,0.0231962901838096,0.145759514300439,-1.43030645264223,-1.61864368728776,0.188337234645533,35.1131974986229,1.52033068851687,0.137599110013642,0.159690952663659,0.0223559054712467,0.145679593096435,-1.5,-1.5,0,34.7025416884559,1.50534533177561,"cGCV_default vs tt_grid_oracle",3.15260306899823e-05,0.000840384712562901,7.99212040040187e-05,0.137599110013639,TRUE
"smooth_smooth",8,0.141330644366027,0.0222488283330584,0.145812707985237,-1.28074293654318,-1.38316176247918,0.102418825935998,27.0266692919847,1.33551483617022,0.248444830138768,0.140235832045184,0.021804190905618,0.146176945755118,-1.5,-1.5,0,29.4534358504278,1.35029647994097,"cGCV_default vs tt_grid_oracle",0.00109481232084299,0.0004446374274404,-0.00036423776988101,0.248444830138765,TRUE
"smooth_smooth",9,0.151790655097925,0.0167286611640373,0.120209004700664,-1.14069240934632,-1.58962127245404,0.448928863107722,29.674658637581,1.38912019902174,0.166812249322269,0.153510335157066,0.0184041407699268,0.120646572959594,-1,-1.5,0.5,28.0453596997721,1.35990074626594,"cGCV_default vs tt_grid_oracle",-0.001719680059141,-0.0016754796058895,-0.000437568258930002,0.166812249322266,TRUE
"strong_aniso",1,0.47704254663275,0.246486227825635,0.307303135806715,1.9616717187445,-0.552524402015717,2.51419612076022,10.1997601003139,0.977452243145319,5.63518763925506,0.473220206840252,0.24234566210591,0.326499431852754,1,5,-4,6.06280080223451,0.67676171575005,"cGCV_default vs tt_grid_oracle",0.00382233979249796,0.00414056571972501,-0.019196296046039,5.63518763925506,TRUE
"strong_aniso",10,0.518877373184715,0.281364805422159,0.406510124588779,1.23280050610958,-0.761708872856151,1.99450937896573,12.0524663516716,1.03547564234473,1.78185681866849,0.508532765602609,0.274700111498632,0.440813444828266,1.5,1,0.5,6.28428904524185,0.605801546046455,"cGCV_default vs tt_grid_oracle",0.0103446075821061,0.00666469392352703,-0.034303320239487,1.78185681866849,TRUE
"strong_aniso",11,0.401711604828645,0.211476050684325,0.443609492715941,1.79548598200787,-0.608516722470813,2.40400270447868,10.0738173073553,0.971331962099138,1.63543205668453,0.387264785871372,0.216471354877719,0.462921366976424,1.5,1,0.5,6.35947597505282,0.654357881287002,"cGCV_default vs tt_grid_oracle",0.014446818957273,-0.004995304193394,-0.019311874260483,1.63543205668453,TRUE
"strong_aniso",12,0.472605694143029,0.277678053263558,0.428362309313497,3.8732774786863,-1.71285597611226,5.58613345479856,13.6656443876799,1.05522595218091,6.80675686329852,0.47182725269762,0.257459838272739,0.454697613658899,5,5,0,4.97648827921866,0.551477247309238,"cGCV_default vs tt_grid_oracle",0.000778441445409006,0.020218214990819,-0.026335304345402,6.80675686329853,TRUE
"strong_aniso",13,0.392481280931317,0.207307698157409,0.461997902565747,3.87327100478716,0.161643229016355,3.7116277757708,7.7133400855072,0.733716333231063,4.00031260403601,0.395920753165369,0.208773181712938,0.472348853238501,5,4,1,6.70774617694375,3.94358549214552,"cGCV_default vs tt_grid_oracle",-0.003439472234052,-0.001465483555529,-0.010350950672754,4.00031260403601,TRUE
"strong_aniso",14,0.549344904401393,0.346876559881581,0.468515618565472,0.270680728090532,-1.73032144324497,2.00100217133551,19.6162932288144,0.790537181221227,7.82197967664276,0.470796997827093,0.256337151100275,0.531872553353151,5,4.5,0.5,5.34818110660539,6.89879511556883,"cGCV_default vs tt_grid_oracle",0.0785479065743,0.090539408781306,-0.063356934787679,7.82197967664276,TRUE
"strong_aniso",15,0.47020058070848,0.292887912347958,0.420850021882401,0.290492686148421,-1.68167957589698,1.9721722620454,19.2355547644701,1.10872424328315,3.18022335754819,0.44248892778063,0.235898050962732,0.454470558057346,2,1,1,6.14781212285006,0.536526160251012,"cGCV_default vs tt_grid_oracle",0.02771165292785,0.056989861385226,-0.033620536174945,3.18022335754818,TRUE
"strong_aniso",16,0.471491116353384,0.250305322929218,0.398726162496963,3.87327341621128,-0.486615218317208,4.35988863452849,7.68058523596503,0.66123739619618,1.86535187081379,0.476819201118681,0.255487386055005,0.41002701468446,5,1,4,4.49027722885222,0.615379836654691,"cGCV_default vs tt_grid_oracle",-0.005328084765297,-0.00518206312578701,-0.011300852187497,1.86535187081379,TRUE
"strong_aniso",17,0.433826800039161,0.24414517114871,0.455930678808135,3.87327109934045,-0.75709825865154,4.63036935799199,9.6764082945718,0.644608910131009,4.00020759929359,0.443873956232117,0.254947068006534,0.474662464879398,2.5,3,-0.5,4.21333196623147,0.747638215954993,"cGCV_default vs tt_grid_oracle",-0.010047156192956,-0.010801896857824,-0.018731786071263,4.00020759929359,TRUE
"strong_aniso",18,0.433528928934536,0.220483182512952,0.334834068696193,1.3210496625208,-0.531622467763543,1.85267213028434,9.91770655125948,0.668683849086505,1.67536292919511,0.432709332389155,0.216698457655581,0.347956976440438,2,1,1,5.43908596096476,0.545751457251818,"cGCV_default vs tt_grid_oracle",0.000819596545380996,0.003784724857371,-0.013122907744245,1.67536292919511,TRUE
"strong_aniso",19,0.465880418771099,0.271199069609011,0.463196556652284,0.954141634140374,2.16393187032875,-1.20979023618838,6.60128238913448,0.880723013887807,2.55949878450924,0.466968908495949,0.271591878354048,Inf,2,4.5,-2.5,277.302671424418,272.364687056782,"cGCV_default vs tt_grid_oracle",-0.00108848972485004,-0.000392808745036999,-Inf,2.55949878450924,FALSE
"strong_aniso",2,0.536127819920583,0.341582237827343,0.474642602781777,3.87326732829303,-1.42502756452279,5.29829489281581,9.7655244723236,0.799424415976033,6.52307486683769,0.460365460934254,0.266162910454977,0.485995397764916,5,5,0,3.15412200835022,0.521128331466436,"cGCV_default vs tt_grid_oracle",0.075762358986329,0.075419327372366,-0.011352794983139,6.52307486683769,TRUE
"strong_aniso",20,0.778220580067312,0.51042475415628,0.409536061055237,-0.0725451628851119,-2.20604168814729,2.13349652526218,23.0330658748622,1.14065099957231,3.38068875121129,0.505526134015077,0.227041353518008,0.493807001665363,1,1,0,5.83490992385998,0.588204840564258,"cGCV_default vs tt_grid_oracle",0.272694446052235,0.283383400638272,-0.084270940610126,3.38068875121129,TRUE
"strong_aniso",21,0.424615595284146,0.199802028790075,0.468168344533354,1.43010788601905,-0.591950898555191,2.02205878457424,10.630764717076,0.744466394310177,4.1144932798344,0.441117247791118,0.224405477896602,0.485952984156018,1,3.5,-2.5,4.95400080690178,0.564681194844715,"cGCV_default vs tt_grid_oracle",-0.016501652506972,-0.024603449106527,-0.017784639622664,4.1144932798344,TRUE
"strong_aniso",22,0.406397808206268,0.221595724420801,0.40675616262217,3.87326974934759,-0.537446443045545,4.41071619239314,9.79745808191873,0.924437031507,4.58052519156805,0.401304305427065,0.216411539801642,0.417250629101335,4.5,4,0.5,1.79507262505056,3.78736620223049,"cGCV_default vs tt_grid_oracle",0.00509350277920295,0.00518418461915901,-0.010494466479165,4.58052519156805,TRUE
"strong_aniso",23,0.46202743065422,0.259337682403632,0.398531952483273,1.28969267665362,-0.386838277140026,1.67653095379365,7.99210236361358,0.69609066365907,1.41677177196874,0.455930088619523,0.249996797141591,0.40516839094104,1,1,0,5.04478438797519,0.473022125369049,"cGCV_default vs tt_grid_oracle",0.00609734203469697,0.00934088526204097,-0.00663643845776701,1.41677177196874,TRUE
"strong_aniso",24,0.491084502349412,0.247165742915997,0.415518051409389,-0.0879046568737012,-0.237999370626617,0.150094713752916,16.4748850883544,1.00111254196739,6.59526399597633,0.487147192901238,0.24669835356299,0.454267057026179,4.5,4.5,0,10.5340980066064,6.20023001381483,"cGCV_default vs tt_grid_oracle",0.003937309448174,0.000467389353006997,-0.03874900561679,6.59526399597633,TRUE
"strong_aniso",25,0.974039472928439,0.796052380672219,0.506681095875704,3.87327079216326,-2.89211121778723,6.76538200995049,16.0462086788414,0.822680879602268,7.90093352447704,0.462907104491936,0.255437983557952,0.541026121461363,3.5,5,-1.5,3.54113714225339,0.548066148811339,"cGCV_default vs tt_grid_oracle",0.511132368436503,0.540614397114267,-0.034345025585659,7.90093352447704,TRUE
"strong_aniso",26,0.450411306584608,0.247348449713313,0.390341020785685,-0.452429276536649,-0.919635536918168,0.46720626038152,19.723334749789,1.32303285634731,8.0480475834564,0.456775451637609,0.245758720457779,0.405434608627167,5,5,0,2.9822124042795,0.595691738181418,"cGCV_default vs tt_grid_oracle",-0.00636414505300104,0.00158972925553399,-0.015093587841482,8.0480475834564,TRUE
"strong_aniso",27,0.461870348724037,0.245805410402181,0.468124543162342,0.476815991128807,-0.000562392133931002,0.477378383262738,12.0958580329803,1.16864178453359,5.10416788062794,0.45303859690941,0.243314866658886,0.502667234269153,1.5,5,-3.5,9.89919875733068,5.69427611782854,"cGCV_default vs tt_grid_oracle",0.00883175181462698,0.00249054374329502,-0.0345426911068111,5.10416788062794,TRUE
"strong_aniso",28,0.429280275332513,0.232372867956814,0.418386288165343,3.87327361034214,-1.30075824085702,5.17403185119915,12.9536962199787,1.45750164161764,3.6809224010783,0.408342980102972,0.230780218853795,0.461140022873809,1,1,0,8.25389569259412,1.15777640133878,"cGCV_default vs tt_grid_oracle",0.020937295229541,0.00159264910301901,-0.042753734708466,3.6809224010783,TRUE
"strong_aniso",29,0.437192039511381,0.23808977737151,0.390579657180919,3.82271520584287,-0.676240145547253,4.49895535139012,9.64250556814753,1.53235840212603,2.04836044486752,0.44840572920415,0.237972447824365,0.408572421251508,5,1,4,6.14855204448487,1.09799250097979,"cGCV_default vs tt_grid_oracle",-0.011213689692769,0.000117329547144995,-0.017992764070589,2.04836044486752,TRUE
"strong_aniso",3,0.392877452562718,0.231567429189275,0.461204907225415,2.18974030211957,2.72185674594394,-0.532116443824366,3.40278573170797,0.381087229839382,3.6176644752564,0.391149896305584,0.229603844152612,0.460589780785221,5,5,0,3.09464863358832,0.366840415460046,"cGCV_default vs tt_grid_oracle",0.001727556257134,0.001963585036663,0.000615126440194014,3.6176644752564,TRUE
"strong_aniso",30,0.443179743563185,0.232539511892018,0.431079280126759,3.87327784377003,-0.377936285342063,4.2512141291121,8.96807295922611,0.621919854252657,5.8783200332177,0.438109719442263,0.227027092714939,Inf,1.5,5,-3.5,-19.2622203095768,23.6711044670477,"cGCV_default vs tt_grid_oracle",0.005070024120922,0.00551241917707898,-Inf,5.8783200332177,FALSE
"strong_aniso",31,0.429594188059129,0.235731337311946,0.451140996606366,3.87327870461235,-1.83144901726352,5.70472772187587,14.1862330642711,0.81804885823422,5.89647465328845,0.436173838755535,0.235842678921267,0.448620238088446,3,4,-1,2.87394767453809,0.648584416054159,"cGCV_default vs tt_grid_oracle",-0.00657965069640598,-0.000111341609320997,0.00252075851792,5.89647465328845,TRUE
"strong_aniso",32,0.434551850194847,0.224836221316978,0.406433690431743,3.87327727605338,-0.349544822575566,4.22282209862895,8.13081413568994,0.782765229300946,5.38613137432203,0.446921057091495,0.239798749527174,0.416508039324063,4.5,5,-0.5,4.06373064448836,0.506511283523101,"cGCV_default vs tt_grid_oracle",-0.012369206896648,-0.014962528210196,-0.01007434889232,5.38613137432203,TRUE
"strong_aniso",33,0.404584564460347,0.21815908230789,0.45683719584385,3.87327402821237,-0.450138296236998,4.32341232444937,8.65727354996102,0.776385784177138,1.83641294204596,0.404103987352693,0.219171520579213,0.461693898091452,5,1,4,4.90401721470798,0.593770370837679,"cGCV_default vs tt_grid_oracle",0.000480577107654034,-0.001012438271323,-0.00485670224760198,1.83641294204597,TRUE
"strong_aniso",34,0.485587331550902,0.260012177913059,0.440833422441492,0.0548167446412298,-1.10152973790479,1.15634648254602,19.9879655990851,1.17008674262301,2.30430002940346,0.4694275547374,0.239714848013531,0.471165783759076,1,1,0,7.5437647966766,0.798450364982409,"cGCV_default vs tt_grid_oracle",0.016159776813502,0.020297329899528,-0.030332361317584,2.30430002940346,TRUE
"strong_aniso",35,0.527737423036654,0.273249106895199,0.389636589670076,0.826778112938402,-1.07733863455228,1.90411674749068,14.1924914064318,0.991511416380661,2.08454830233331,0.496413606288569,0.259389446476237,0.425018620769272,1,1,0,6.88083175066777,0.754738683946013,"cGCV_default vs tt_grid_oracle",0.031323816748085,0.013859660418962,-0.035382031099196,2.08454830233332,TRUE
"strong_aniso",36,0.43580928953242,0.270857357823104,0.409917293427908,0.42113329854985,-2.56227207987323,2.98340537842308,19.5069883206447,1.38473882196449,3.60899834151972,0.424306729696138,0.260721154408773,0.453242603381517,1,1,0,6.20166727522535,0.69502050342882,"cGCV_default vs tt_grid_oracle",0.011502559836282,0.010136203414331,-0.043325309953609,3.60899834151972,TRUE
"strong_aniso",37,0.477257669992874,0.307439641726759,0.391780737113665,0.74280110936456,-0.693841587999406,1.43664269736397,12.347197399345,0.913201574479385,1.71325730542159,0.462011507916606,0.29212789476903,0.42153342257304,1,1,0,7.30080466906626,0.86775129388853,"cGCV_default vs tt_grid_oracle",0.015246162076268,0.015311746957729,-0.029752685459375,1.71325730542159,TRUE
"strong_aniso",38,0.429236243043917,0.236444178610646,0.416154943116011,1.19332418329392,-2.26530857348323,3.45863275677715,17.5769514036841,0.9657947287575,4.46097062498668,0.411185852166801,0.229626258441629,0.437126157953538,2.5,2,0.5,4.30906308733524,0.444117672599319,"cGCV_default vs tt_grid_oracle",0.018050390877116,0.006817920169017,-0.020971214837527,4.46097062498668,TRUE
"strong_aniso",39,0.479706661878392,0.261064330953773,0.424335029067032,3.8732692162966,3.87327714815806,-7.93186145917854e-06,4.23801257779491,0.504303839752745,1.2893005313364,0.478806013845752,0.259523766203238,0.416401486359126,4.5,5,-0.5,2.35024934042815,1.74719083186953,"cGCV_default vs tt_grid_oracle",0.000900648032640006,0.00154056475053499,0.00793354270790603,1.2893005313364,TRUE
"strong_aniso",4,0.476314807398974,0.250410396135982,0.448382414253553,1.08423616212251,1.73331901591318,-0.649082853790672,6.03524851781967,0.77791455889749,4.79455212733543,0.478362772083754,0.249826017354716,0.438600139905592,5,4.5,0.5,1.68160861421354,2.01010016915981,"cGCV_default vs tt_grid_oracle",-0.00204796468477997,0.000584378781265993,0.00978227434796103,4.79455212733543,TRUE
"strong_aniso",40,0.442196617850138,0.254205007117943,0.395141168859003,3.87327038006015,-0.341378630706484,4.21464901076663,7.30998971974168,0.424279488622293,5.37802154077853,0.45663790121195,0.270896338027957,0.40935403981974,4.5,5,-0.5,3.63112150564289,0.841362512296442,"cGCV_default vs tt_grid_oracle",-0.0144412833618121,-0.016691330910014,-0.014212870960737,5.37802154077853,TRUE
"strong_aniso",41,0.437488731318284,0.279606134198656,0.426802267706535,0.0718613631285319,-1.23796280180511,1.30982416493364,18.0382632052666,1.29170224987112,7.94976291098858,0.38123365041989,0.22809648934425,0.430519915952125,5,5,0,3.37960056650609,0.363980872742005,"cGCV_default vs tt_grid_oracle",0.056255080898394,0.051509644854406,-0.00371764824559001,7.94976291098858,TRUE
"strong_aniso",42,0.40992778055095,0.212685104602186,0.472802419749216,3.87326784157805,-0.111425753588635,3.98469359516668,8.52603367951104,0.78337072962794,2.17816427572177,0.419864802527476,0.221398666071254,0.478900199845744,2,1,1,6.79542489769406,0.749778597276637,"cGCV_default vs tt_grid_oracle",-0.00993702197652596,-0.00871356146906799,-0.006097780096528,2.17816427572177,TRUE
"strong_aniso",43,0.494226702436547,0.311336198621377,0.508650777120772,2.56587252142013,-1.18234457465241,3.74821709607254,9.4142638702842,0.574712084381707,3.26919017869753,0.476602021373474,0.284315868376772,0.534211775055354,5,1,4,4.60240813508201,0.397265155593335,"cGCV_default vs tt_grid_oracle",0.017624681063073,0.027020330244605,-0.025560997934582,3.26919017869753,TRUE
"strong_aniso",44,0.471099473029481,0.248578511231402,0.511144587396379,3.8732746218455,3.87327073196311,3.88988238707637e-06,3.7777933513938,0.785542389499277,0.886326280235986,0.470767650472461,0.24815227540246,0.496297552210899,4.5,4.5,0,0.859214978521512,2.66269637085307,"cGCV_default vs tt_grid_oracle",0.000331822557020023,0.000426235828942023,0.01484703518548,0.886326280235985,TRUE
"strong_aniso",45,0.473893916271159,0.25579693716095,0.473904470468928,3.87327321528763,-0.560489903383363,4.43376311867099,8.96614109133027,0.747893830677004,3.26968312046454,0.486237907908077,0.266092240853519,0.486121741335787,1,1,0,7.2552838930487,0.697540249677762,"cGCV_default vs tt_grid_oracle",-0.012343991636918,-0.010295303692569,-0.012217270866859,3.26968312046454,TRUE
"strong_aniso",46,0.459904500960228,0.250557524490134,0.406998852990441,-0.517540022305809,-0.736893941344735,0.219353919038926,21.4344801411094,1.33841168259619,6.26497883940157,0.437007117490249,0.232205401429523,0.429401223970331,2,5,-3,5.44986526243755,1.26999814459123,"cGCV_default vs tt_grid_oracle",0.022897383469979,0.018352123060611,-0.02240237097989,6.26497883940157,TRUE
"strong_aniso",47,0.485932907347508,0.272171627582792,0.445884413838084,3.87327100760984,0.860720480667633,3.01255052694221,4.9404623614193,0.643652413845767,1.13530480788112,0.48590819356246,0.271939082982935,0.446077687473291,5,1,4,4.70388919546797,0.64860990411661,"cGCV_default vs tt_grid_oracle",2.47137850479806e-05,0.000232544599856999,-0.000193273635206992,1.13530480788113,TRUE
"strong_aniso",48,0.512664815740643,0.298536855273741,0.482013333186275,-1.63515041373759,-0.3773128249429,-1.25783758879469,25.3291645393043,1.19851602596207,6.22452097225597,0.478439399576264,0.255594886198738,0.491866420343404,1.5,5,-3.5,5.26710112187467,0.589055354505297,"cGCV_default vs tt_grid_oracle",0.034225416164379,0.042941969075003,-0.00985308715712901,6.22452097225597,TRUE
"strong_aniso",49,0.591646799528033,0.366278410526564,0.436739966529492,0.636027655138067,-2.67557362617441,3.31160128131248,18.8995191515565,1.03385888574627,3.69355077794434,0.522710709621824,0.292785209876125,0.490733100164808,1,1,0,6.87736049772035,0.639869423082099,"cGCV_default vs tt_grid_oracle",0.068936089906209,0.073493200650439,-0.053993133635316,3.69355077794433,TRUE
"strong_aniso",5,0.4347850065945,0.235859415006046,0.42655964662945,0.759998532409571,2.62549694479823,-1.86549841238866,5.26467149263131,0.550907046547217,1.3952990192803,0.431521302280932,0.232576199092831,0.426903953752539,1,4,-3,4.76953716929655,0.5271174483678,"cGCV_default vs tt_grid_oracle",0.00326370431356798,0.00328321591321501,-0.000344307123088972,1.3952990192803,TRUE
"strong_aniso",50,0.51040860051507,0.302652075140778,0.440700175555524,3.87327073934997,-2.25537568064244,6.12864641999241,14.4721240032982,0.98113421171153,4.34202205933168,0.489731310216942,0.290979887553496,0.472595598182586,1,1,0,7.1618984823125,0.79303772592914,"cGCV_default vs tt_grid_oracle",0.020677290298128,0.011672187587282,-0.031895422627062,4.34202205933168,TRUE
"strong_aniso",6,0.49077535211072,0.28724198693571,0.43535310089934,3.87327043468585,0.762574722874443,3.11069571181141,6.26780407999633,0.704660573940092,1.1514730893821,0.488808476130138,0.28626653508062,0.435749245353429,5,1,4,5.84020552365527,0.704065914923415,"cGCV_default vs tt_grid_oracle",0.00196687598058198,0.000975451855090015,-0.000396144454089031,1.1514730893821,TRUE
"strong_aniso",7,0.455081841632298,0.254848573902164,0.502161274878208,-0.399950085719189,0.0633612554603577,-0.463311341179547,16.8439499850119,1.22217964020867,1.68438486702949,0.450242265263437,0.242286017623778,0.509742950630139,1,1,0,8.68240342932513,0.989749613138978,"cGCV_default vs tt_grid_oracle",0.00483957636886095,0.012562556278386,-0.00758167575193092,1.68438486702949,TRUE
"strong_aniso",8,0.424782569826345,0.23548975691596,0.459435898708452,3.87327871950749,-0.514519858818293,4.38779857832578,8.55670695771928,0.757637755748518,5.55001881408735,0.438849331633755,0.243979082748899,0.483089810249914,4.5,5,-0.5,4.40632328630612,0.685480295465418,"cGCV_default vs tt_grid_oracle",-0.01406676180741,-0.00848932583293902,-0.023653911541462,5.55001881408734,TRUE
"strong_aniso",9,0.41368535371297,0.222229408925253,0.457320155587384,3.87327965022372,1.63880589918236,2.23447375104137,4.56393611472907,0.659922270334777,3.54501403804996,0.413774520695733,0.222298045084967,0.45712596356087,5,5,0,3.97300998687991,0.647975265805874,"cGCV_default vs tt_grid_oracle",-8.91669827630115e-05,-6.86361597140028e-05,0.000194192026513995,3.54501403804996,TRUE
"smooth_smooth",1,0.162917047686095,0.0398863990557732,0.15961220947439,-1.11941948508999,-1.13914561046684,0.0197261253768444,26.3857045694005,1.35250552994139,0.380101175826267,0.159496534089629,0.0384850459981696,0.160836930831158,-1,-1.5,0.5,27.6097389896578,1.36999337332409,"cGCV_best_global vs tt_grid_oracle",0.003420513596466,0.0014013530576036,-0.00122472135676799,0.380101175826263,TRUE
"smooth_smooth",10,0.144509126989813,0.0182251803771285,0.149517692257418,-1.09420063658853,-1.4060816451963,0.311881008607769,27.5799915957775,1.48528501600844,0.133020364240661,0.144797972057603,0.0189668420494839,0.149619278089144,-1,-1.5,0.5,27.4112829025214,1.50198968145988,"cGCV_best_global vs tt_grid_oracle",-0.000288845067790006,-0.000741661672355402,-0.000101585831725981,0.13302036424066,TRUE
"smooth_smooth",11,0.145871980157583,0.0155924756147332,0.141505467442766,-0.996084415711333,-1.36313911356808,0.367054697856743,26.3523604636474,0.982393448496769,0.136916887326778,0.145728418390899,0.015224716349981,0.141567198082658,-1,-1.5,0.5,27.2114037492649,0.991616798582556,"cGCV_best_global vs tt_grid_oracle",0.000143561766683981,0.0003677592647522,-6.17306398920103e-05,0.136916887326774,TRUE
"smooth_smooth",12,0.150406719907599,0.0278541215206175,0.147743972399779,-1.61552832989263,-1.35776793102914,-0.257760398863498,26.8758783539439,0.98251666652385,0.409937100734833,0.156168566112582,0.0333465623995043,0.148330498671419,-2,-1.5,-0.5,30.3413518161553,1.03507684047009,"cGCV_best_global vs tt_grid_oracle",-0.00576184620498302,-0.0054924408788868,-0.00058652627164002,0.409937100734835,TRUE
"smooth_smooth",13,0.13949387483036,0.019623838527833,0.126672343631703,-1.49037098006157,-1.29872598174878,-0.191644998312782,31.6175691271249,1.24023035685944,0.201504214467007,0.139073708283087,0.0193662157721572,0.127160733282656,-1.5,-1.5,0,33.3192005796509,1.28187814674272,"cGCV_best_global vs tt_grid_oracle",0.000420166547273004,0.000257622755675802,-0.000488389650953019,0.201504214467011,TRUE
"smooth_smooth",14,0.153050788627977,0.0301339277230426,0.137182496623395,-1.53333214084914,-1.3756801558909,-0.157651984958236,28.6261827973578,0.726600066997943,0.12871074256991,0.151712579737484,0.0291244050467327,0.137265793564617,-1.5,-1.5,0,29.2323133659268,0.736492145446837,"cGCV_best_global vs tt_grid_oracle",0.00133820889049299,0.0010095226763099,-8.32969412219997e-05,0.128710742569911,TRUE
"smooth_smooth",15,0.152579447333772,0.0305785183633479,0.149631956689997,-1.23811651589795,-1.54929419851002,0.311177682612072,30.2416459557226,0.88567787815754,0.266482414527067,0.156652750006651,0.0327281703322465,0.150217690449895,-1.5,-1.5,0,32.009820349128,0.858168099017801,"cGCV_best_global vs tt_grid_oracle",-0.004073302672879,-0.0021496519688986,-0.000585733759898011,0.266482414527064,TRUE
"smooth_smooth",16,0.159950062815211,0.0237558620028358,0.139134897272407,-1.29065621103112,-1.25079395789458,-0.0398622531365411,28.1450322172357,1.21428978574261,0.325466547285122,0.158713096439937,0.0241560045593004,0.139899943232999,-1.5,-1.5,0,31.2614080349224,1.27072554356061,"cGCV_best_global vs tt_grid_oracle",0.00123696637527401,-0.000400142556464599,-0.000765045960592015,0.325466547285117,TRUE
"smooth_smooth",17,0.148234298104273,0.0244530516403056,0.154963311058644,-1.15280311232873,-2.22011001712415,1.06730690479542,32.8445723320218,1.8634465069218,0.318884295084583,0.151110582585315,0.0281424182138497,0.155432015988515,-1,-2.5,1.5,32.6776559100989,1.83179909206766,"cGCV_best_global vs tt_grid_oracle",-0.00287628448104202,-0.0036893665735441,-0.000468704929871,0.318884295084581,TRUE
"smooth_smooth",18,0.146329322849426,0.024278670394184,0.145785482724881,-1.04281447594301,-1.39030888526908,0.347494409326067,29.0493913053433,1.33165073299816,0.117750668792951,0.145986146338732,0.0243975397997693,0.146000944425556,-1,-1.5,0.5,29.4511515815763,1.34445281418818,"cGCV_best_global vs tt_grid_oracle",0.000343176510694015,-0.000118869405585299,-0.00021546170067499,0.117750668792948,TRUE
"smooth_smooth",19,0.131810235012086,0.0262977994720351,0.153559458628449,-0.934953811869959,-1.27668448101419,0.341730669144234,26.8800728005998,1.20838972945814,0.284227564856652,0.134270570030583,0.0284197985936068,0.154817541485282,-1,-1,0,25.5357997442811,1.19416263060388,"cGCV_best_global vs tt_grid_oracle",-0.00246033501849699,-0.0021219991215717,-0.00125808285683301,0.284227564856649,TRUE
"smooth_smooth",2,0.114561659199777,0.0173672333853063,0.156813781835295,-1.22749756375625,-1.32036385010266,0.0928662863464129,28.7610422947975,1.1354375245722,0.289869432443243,0.110209362902318,0.0135155208974737,0.157691869807743,-1,-1.5,0.5,28.2082142354779,1.11846853340339,"cGCV_best_global vs tt_grid_oracle",0.00435229629745899,0.0038517124878326,-0.000878087972447983,0.289869432443244,TRUE
"smooth_smooth",20,0.154333070185953,0.0242079968645445,0.151403325023522,-0.900125213508459,-1.38608973939405,0.48596452588559,27.7264736967151,1.37528263646069,0.151494291800209,0.153573210572928,0.0231638823052515,0.151605688475132,-1,-1.5,0.5,29.2333122584441,1.39083623978453,"cGCV_best_global vs tt_grid_oracle",0.000759859613024993,0.001044114559293,-0.00020236345161001,0.151494291800207,TRUE
"smooth_smooth",21,0.144650409113517,0.0256313363874821,0.147611583969472,-0.99291905388989,-1.11037105320547,0.117451999315581,25.0551473470844,1.2701063639195,0.110597961931941,0.14473514293788,0.0262244662422742,0.14783747771519,-1,-1,0,24.4431499446873,1.25760320701841,"cGCV_best_global vs tt_grid_oracle",-8.4733824362998e-05,-0.0005931298547921,-0.00022589374571802,0.110597961931941,TRUE
"smooth_smooth",22,0.153056112700698,0.0250559374220354,0.112927198658056,-1.35374842097873,-1.81014620381266,0.456397782833927,31.1312040251366,1.19305539682371,0.239653892713973,0.155350649179926,0.0275515429864594,0.113240722950753,-1.5,-2,0.5,33.6208430007536,1.25290193551696,"cGCV_best_global vs tt_grid_oracle",-0.002294536479228,-0.002495605564424,-0.000313524292697001,0.23965389271397,TRUE
"smooth_smooth",23,0.159385435268328,0.0242515630588419,0.133872859200709,-1.17328428800722,-1.72724691487948,0.553962626872266,30.6493513242164,1.36012440911214,0.425602398848636,0.160297298938538,0.0258833867842565,0.134885394292893,-1.5,-2,0.5,35.3259496408584,1.39938687697587,"cGCV_best_global vs tt_grid_oracle",-0.000911863670210011,-0.0016318237254146,-0.00101253509218402,0.425602398848633,TRUE
"smooth_smooth",24,0.166636175468013,0.0209936035046462,0.145755893791136,-1.28307282859793,-1.64393501400013,0.3608621854022,29.4979290064591,1.27751563760663,0.260335717771727,0.167224252293068,0.0206595659518596,0.146424056439144,-1.5,-1.5,0,30.1828117810371,1.29611023579911,"cGCV_best_global vs tt_grid_oracle",-0.000588076825055017,0.0003340375527866,-0.000668162648008008,0.260335717771728,TRUE
"smooth_smooth",25,0.14592786066941,0.0250433001222668,0.144110813854034,-1.16239470198654,-1.27389555588231,0.111500853895763,25.7838208038065,0.994757290134241,0.278379702713882,0.145811959018091,0.0251464597389115,0.14477843722233,-1,-1.5,0.5,25.8696867446284,0.974855144082169,"cGCV_best_global vs tt_grid_oracle",0.000115901651319,-0.000103159616644703,-0.000667623368296011,0.278379702713877,TRUE
"smooth_smooth",26,0.182980705428984,0.029688050343364,0.114635826311701,-1.47482429811415,-1.22220716999618,-0.252617128117968,30.77171265699,1.24432734682404,0.278931304028382,0.183592507618061,0.0288115601280769,0.115108422265624,-1.5,-1.5,0,33.1058893018087,1.30332959045661,"cGCV_best_global vs tt_grid_oracle",-0.000611802189076999,0.000876490215287101,-0.000472595953923002,0.278931304028387,TRUE
"smooth_smooth",27,0.142769239248929,0.0222069040911549,0.127511710463465,-1.76363083578129,-1.68788837058311,-0.0757424651981781,31.5471890530363,1.32350954944544,0.408552183682827,0.14262131964135,0.0242589030452089,0.128142596581721,-1.5,-2,0.5,31.7752861062905,1.35099211543073,"cGCV_best_global vs tt_grid_oracle",0.000147919607579011,-0.002051998954054,-0.000630886118256013,0.408552183682828,TRUE
"smooth_smooth",28,0.126934208820268,0.0162552743533276,0.137723508393693,-1.20289354704384,-1.29346921744089,0.0905756703970506,28.7818999242168,1.12965832090594,0.361838649860217,0.126687919531846,0.0157393255074555,0.138406856078586,-1.5,-1.5,0,32.3399763664052,1.26040284060767,"cGCV_best_global vs tt_grid_oracle",0.000246289288422019,0.0005159488458721,-0.000683347684893004,0.361838649860223,TRUE
"smooth_smooth",29,0.138731107784053,0.02712765289154,0.139319320787263,-1.50163354193617,-1.22474364287337,-0.276889899062796,26.8773800131574,1.5906350894472,0.569328717580374,0.13474580601979,0.0251511270665594,0.13994959161374,-2,-1.5,-0.5,32.2034642101735,1.782524654829,"cGCV_best_global vs tt_grid_oracle",0.00398530176426301,0.0019765258249806,-0.000630270826476986,0.569328717580371,TRUE
"smooth_smooth",3,0.155853951747318,0.0314812996877661,0.138428902584433,-1.59674453966052,-1.26144594323374,-0.335298596426783,30.0394996743162,1.18549560937553,0.278771388753411,0.15923347873078,0.0348833009936836,0.13879212443295,-1.5,-1,-0.5,27.4956027400304,1.13551292102353,"cGCV_best_global vs tt_grid_oracle",-0.003379526983462,-0.0034020013059175,-0.000363221848517004,0.278771388753412,TRUE
"smooth_smooth",30,0.138382234030747,0.0252449822871667,0.143622644909828,-1.6974835481184,-1.47094775942889,-0.22653578868951,30.248218951225,1.41537489061153,0.3039082696164,0.142826050038328,0.0290030672263317,0.144056891436353,-2,-1.5,-0.5,32.4053570802117,1.50730279192641,"cGCV_best_global vs tt_grid_oracle",-0.00444381600758098,-0.003758084939165,-0.00043424652652499,0.303908269616399,TRUE
"smooth_smooth",31,0.151684087998034,0.0231889726002732,0.136366395208278,-1.7582393650818,-1.2009114988535,-0.557327866228299,29.3161467568014,1.41281137579663,0.314346361467111,0.158103409202222,0.0295445024379487,0.136662143861935,-2,-1,-1,28.884362244967,1.3978475391866,"cGCV_best_global vs tt_grid_oracle",-0.00641932120418798,-0.0063555298376755,-0.000295748653657002,0.31434636146711,TRUE
"smooth_smooth",32,0.141477090394303,0.0235377231687381,0.151302688180925,-1.08993771792148,-1.42028649443373,0.330348776512249,25.983464579275,1.33033158629198,0.120179183199869,0.141492933747591,0.0238448921389296,0.151387590296888,-1,-1.5,0.5,25.8023117686039,1.33700616110825,"cGCV_best_global vs tt_grid_oracle",-1.58433532879976e-05,-0.0003071689701915,-8.49021159630148e-05,0.120179183199868,TRUE
"smooth_smooth",33,0.160032375325323,0.0270902950649585,0.153898012843649,-1.14245573601864,-1.78288393089853,0.640428194879891,30.0934110293754,1.38066482132774,0.455917995988947,0.162737859772266,0.0311528726326772,0.15412224363869,-1.5,-1.5,0,30.7225689968975,1.39136653265939,"cGCV_best_global vs tt_grid_oracle",-0.00270548444694302,-0.0040625775677187,-0.000224230795040997,0.455917995988946,TRUE
"smooth_smooth",34,0.12961643316394,0.0230070907181396,0.161616730409283,-1.03515919532165,-1.57228732242998,0.53712812710833,29.4353484580528,1.21198085532565,0.0803842397473697,0.129948140542088,0.0237085463358497,0.161520193554738,-1,-1.5,0.5,28.6743679810057,1.19468948996647,"cGCV_best_global vs tt_grid_oracle",-0.000331707378148,-0.000701455617710098,9.65368545449985e-05,0.0803842397473648,TRUE
"smooth_smooth",35,0.15368019539652,0.0201107246247373,0.13618270208039,-1.3552383292855,-1.26689333294775,-0.0883449963377492,27.9040096718497,1.16943822127208,0.27439872363454,0.150777500447421,0.0176335257707266,0.13676191909206,-1.5,-1.5,0,30.7289160643029,1.22512885465823,"cGCV_best_global vs tt_grid_oracle",0.002902694949099,0.0024771988540107,-0.000579217011670019,0.274398723634535,TRUE
"smooth_smooth",36,0.143362309122049,0.0234817436412179,0.13898595782812,-1.61179182163351,-1.86123812216228,0.249446300528778,31.4626452286573,1.18364079676422,0.178191666823078,0.143670293785982,0.0237596584860362,0.138958449680284,-1.5,-2,0.5,31.253919446155,1.16806354373548,"cGCV_best_global vs tt_grid_oracle",-0.000307984663933003,-0.000277914844818299,2.75081478360029e-05,0.178191666823084,TRUE
"smooth_smooth",37,0.140716181774522,0.0142244218171052,0.160978124465738,-1.08448406701869,-1.37481792625876,0.290333859240071,26.5239448073345,1.44550701926931,0.151023538450718,0.143075854103811,0.0159562228435249,0.161318579797323,-1,-1.5,0.5,26.7679419025563,1.43953472869497,"cGCV_best_global vs tt_grid_oracle",-0.00235967232928899,-0.0017318010264197,-0.000340455331584999,0.151023538450719,TRUE
"smooth_smooth",38,0.147476542821641,0.0285627365520214,0.144421741986323,-1.06745569205104,-1.95732443896477,0.889868746913731,31.3355314372422,1.75546644666031,0.0798215127628906,0.148314167623453,0.0295330274065462,0.144375181892495,-1,-2,1,30.9360339151774,1.74444347722049,"cGCV_best_global vs tt_grid_oracle",-0.000837624801812015,-0.0009702908545248,4.65600938279742e-05,0.0798215127628912,TRUE
"smooth_smooth",39,0.149756330069692,0.0266834715677736,0.105307953399382,-1.19050349938363,-1.23357661532084,0.0430731159372158,24.6117521866554,1.71842754889995,0.301412704613041,0.153680942026704,0.0303271976022157,0.106010713737029,-1,-1,0,21.883953801598,1.58531734547028,"cGCV_best_global vs tt_grid_oracle",-0.00392461195701199,-0.0036437260344421,-0.000702760337647004,0.301412704613041,TRUE
"smooth_smooth",4,0.157642982471225,0.023724194354592,0.1426552645346,-1.73680728553505,-1.526291142086,-0.210516143449052,36.0684773902832,1.57563100534108,0.23826228118329,0.155784284010921,0.0211028847873649,0.142907861120799,-1.5,-1.5,0,34.2650705282491,1.58086397020163,"cGCV_best_global vs tt_grid_oracle",0.00185869846030398,0.0026213095672271,-0.000252596586199,0.23826228118329,TRUE
"smooth_smooth",40,0.150347730513491,0.0256766674805919,0.140634088775393,-1.13117761119178,-1.2713764960378,0.140198884846015,26.767421893177,1.20403894918595,0.263583520429365,0.151992695560947,0.0263796982703549,0.140447272180459,-1,-1.5,0.5,26.9274960465667,1.18618604300031,"cGCV_best_global vs tt_grid_oracle",-0.00164496504745598,-0.000703030789763002,0.000186816594933997,0.263583520429362,TRUE
"smooth_smooth",41,0.141581890338796,0.0226440456280116,0.167503491861786,-0.989187591504302,-1.32872686293637,0.339539271432066,27.8139156451225,0.945422441764451,0.171614089331545,0.140872251043452,0.022267597869576,0.167799671036829,-1,-1.5,0.5,29.1158935330443,0.994043985987676,"cGCV_best_global vs tt_grid_oracle",0.000709639295344011,0.000376447758435598,-0.000296179175042988,0.171614089331543,TRUE
"smooth_smooth",42,0.200163714757659,0.07510706142871,0.149776277960214,-1.49715253032485,-1.57372998340921,0.0765774530843542,29.999291379171,1.18745388140908,0.0737849479031642,0.198012203674585,0.0731898714407098,0.149750246481469,-1.5,-1.5,0,29.4910434348211,1.17211141327532,"cGCV_best_global vs tt_grid_oracle",0.00215151108307401,0.0019171899880002,2.60314787449978e-05,0.0737849479031684,TRUE
"smooth_smooth",43,0.142630816929987,0.0238316772118865,0.127430683105401,-1.37093338024746,-1.23037988651844,-0.140553493729021,28.2511127353839,1.25561830994922,0.298920052736778,0.142786220931266,0.0237615574267121,0.128257568604293,-1.5,-1.5,0,31.3530691444519,1.33742288309926,"cGCV_best_global vs tt_grid_oracle",-0.000155404001279003,7.01197851744016e-05,-0.000826885498891983,0.298920052736774,TRUE
"smooth_smooth",44,0.155583862505001,0.0344892043351645,0.145269591956021,-1.04986443614954,-1.45039026996628,0.400525833816734,25.1617556360524,0.829199943673146,0.0703390880416479,0.156533588008741,0.0352691190472487,0.145336733965778,-1,-1.5,0.5,25.094944425176,0.814073173946605,"cGCV_best_global vs tt_grid_oracle",-0.000949725503740007,-0.000779914712084197,-6.71420097570208e-05,0.0703390880416438,TRUE
"smooth_smooth",45,0.135702470983591,0.0276435555321593,0.116092242817117,-0.933007028312858,-1.33963602586033,0.406628997547476,26.4943075928312,1.11603979494081,0.17379488616568,0.134894147414581,0.0271209099990963,0.116237135830221,-1,-1.5,0.5,28.0614857760667,1.15564306280448,"cGCV_best_global vs tt_grid_oracle",0.000808323569010005,0.000522645533062999,-0.000144893013103997,0.173794886165684,TRUE
"smooth_smooth",46,0.134665295953613,0.0287915774708348,0.140547721086666,-1.21143727370994,-1.54035603862005,0.328918764910117,26.8326707656845,0.998139326264345,0.291370995222683,0.135516454880343,0.0299674590682718,0.141286187433516,-1.5,-1.5,0,28.7601408546091,1.04407094303858,"cGCV_best_global vs tt_grid_oracle",-0.000851158926729989,-0.001175881597437,-0.000738466346850014,0.29137099522268,TRUE
"smooth_smooth",47,0.13904737754442,0.0126541249913313,0.142020950917203,-1.20298640853426,-1.48889726180083,0.28591085326657,27.7332895483553,0.827776670169626,0.297221036117733,0.137890303192647,0.0118465586416221,0.142122257050707,-1.5,-1.5,0,29.8626043549051,0.872609020617459,"cGCV_best_global vs tt_grid_oracle",0.00115707435177301,0.0008075663497092,-0.000101306133504009,0.29722103611773,TRUE
"smooth_smooth",48,0.122340421564974,0.0238839045369061,0.145488155076808,-0.993337081198525,-1.20506002708172,0.211722945883192,25.599577048505,1.0148617832929,0.295015223525826,0.122504803364259,0.0244702743088695,0.146298252342247,-1,-1.5,0.5,27.5739242163305,1.10333759803857,"cGCV_best_global vs tt_grid_oracle",-0.000164381799284991,-0.000586369771963399,-0.000810097265438986,0.295015223525822,TRUE
"smooth_smooth",49,0.139718117557247,0.0265902923601191,0.121793195993424,-1.10338788384548,-1.46695684482924,0.363568960983755,25.0674363278783,1.18995488674228,0.108539875758573,0.140965286804412,0.0280502521286027,0.121928723459476,-1,-1.5,0.5,24.5488639910454,1.18720982893617,"cGCV_best_global vs tt_grid_oracle",-0.001247169247165,-0.0014599597684836,-0.000135527466051999,0.108539875758568,TRUE
"smooth_smooth",5,0.157542566647226,0.019387235461925,0.167050356042666,-1.01562982583444,-1.36886779460277,0.353237968768337,24.7042226980947,1.20832751049207,0.132060390533858,0.156255281929852,0.0190868513018405,0.167247206563924,-1,-1.5,0.5,25.3653358400625,1.21815194816136,"cGCV_best_global vs tt_grid_oracle",0.00128728471737399,0.000300384160084502,-0.000196850521258007,0.132060390533862,TRUE
"smooth_smooth",50,0.158716868212942,0.0436702879939842,0.134214256468956,-1.15453191824056,-1.36545864502602,0.210926726785454,28.6357073399245,1.54729941210178,0.370741920630485,0.15949570720475,0.0462254372003514,0.134653008999083,-1.5,-1.5,0,31.8507091612226,1.55058162047985,"cGCV_best_global vs tt_grid_oracle",-0.000778838991808001,-0.0025551492063672,-0.000438752530127012,0.370741920630486,TRUE
"smooth_smooth",6,0.17080568308211,0.030261028813531,0.145078783984444,-1.36844721171614,-1.34189937443772,-0.0265478372784206,29.8138436188636,1.10456020785707,0.205674363760883,0.173700225036726,0.0323440852790267,0.145410313891905,-1.5,-1.5,0,31.9931769346982,1.13916417235056,"cGCV_best_global vs tt_grid_oracle",-0.002894541954616,-0.0020830564654957,-0.00033152990746102,0.205674363760879,TRUE
"smooth_smooth",7,0.159722478694349,0.0231962901838096,0.145759514300439,-1.43030645264223,-1.61864368728776,0.188337234645533,35.1131974986229,1.52033068851687,0.137599110013642,0.159690952663659,0.0223559054712467,0.145679593096435,-1.5,-1.5,0,34.7025416884559,1.50534533177561,"cGCV_best_global vs tt_grid_oracle",3.15260306899823e-05,0.000840384712562901,7.99212040040187e-05,0.137599110013639,TRUE
"smooth_smooth",8,0.141330644366027,0.0222488283330584,0.145812707985237,-1.28074293654318,-1.38316176247918,0.102418825935998,27.0266692919847,1.33551483617022,0.248444830138768,0.140235832045184,0.021804190905618,0.146176945755118,-1.5,-1.5,0,29.4534358504278,1.35029647994097,"cGCV_best_global vs tt_grid_oracle",0.00109481232084299,0.0004446374274404,-0.00036423776988101,0.248444830138765,TRUE
"smooth_smooth",9,0.151159246055904,0.0162081536970585,0.120161489064002,-1.22299011414597,-1.67280250146469,0.449812387318717,30.8390431574342,1.40992150939411,0.282108659064709,0.153510335157066,0.0184041407699268,0.120646572959594,-1,-1.5,0.5,28.0453596997721,1.35990074626594,"cGCV_best_global vs tt_grid_oracle",-0.002351089101162,-0.0021959870728683,-0.000485083895592001,0.282108659064707,TRUE
"strong_aniso",1,0.47704254663275,0.246486227825635,0.307303135806715,1.9616717187445,-0.552524402015717,2.51419612076022,10.1997601003139,0.977452243145319,5.63518763925506,0.473220206840252,0.24234566210591,0.326499431852754,1,5,-4,6.06280080223451,0.67676171575005,"cGCV_best_global vs tt_grid_oracle",0.00382233979249796,0.00414056571972501,-0.019196296046039,5.63518763925506,TRUE
"strong_aniso",10,0.516941794641644,0.278683591655055,0.406498363284945,1.43732631015258,-0.599275917419601,2.03660222757218,10.8847299811357,0.991759680879786,1.60050349935181,0.508532765602609,0.274700111498632,0.440813444828266,1.5,1,0.5,6.28428904524185,0.605801546046455,"cGCV_best_global vs tt_grid_oracle",0.00840902903903507,0.00398348015642302,-0.034315081543321,1.60050349935181,TRUE
"strong_aniso",11,0.401985387924654,0.211734054805811,0.443584904033459,1.705295057244,-0.619946210298997,2.32524126754299,10.2217077806915,0.975536672408011,1.63290287059301,0.387264785871372,0.216471354877719,0.462921366976424,1.5,1,0.5,6.35947597505282,0.654357881287002,"cGCV_best_global vs tt_grid_oracle",0.014720602053282,-0.00473730007190801,-0.019336462942965,1.63290287059301,TRUE
"strong_aniso",12,0.47531066514118,0.280844786043676,0.428308473757218,3.69964464111188,-1.75836001833149,5.45800465944337,13.8113815324279,1.06211803253624,6.88232186088173,0.47182725269762,0.257459838272739,0.454697613658899,5,5,0,4.97648827921866,0.551477247309238,"cGCV_best_global vs tt_grid_oracle",0.00348341244355999,0.023384947770937,-0.026389139901681,6.88232186088174,TRUE
"strong_aniso",13,0.392481280931317,0.207307698157409,0.461997902565747,3.87327100478716,0.161643229016355,3.7116277757708,7.7133400855072,0.733716333231063,4.00031260403601,0.395920753165369,0.208773181712938,0.472348853238501,5,4,1,6.70774617694375,3.94358549214552,"cGCV_best_global vs tt_grid_oracle",-0.003439472234052,-0.001465483555529,-0.010350950672754,4.00031260403601,TRUE
"strong_aniso",14,0.555544735827702,0.353257656450588,0.46849538220075,0.210056301246394,-1.78241667801972,1.99247297926611,20.1747994627457,0.794735567288532,7.90014683113483,0.470796997827093,0.256337151100275,0.531872553353151,5,4.5,0.5,5.34818110660539,6.89879511556883,"cGCV_best_global vs tt_grid_oracle",0.084747738000609,0.096920505350313,-0.063377171152401,7.90014683113483,TRUE
"strong_aniso",15,0.474210526133007,0.2972409318663,0.420832654944868,0.201876717953583,-1.65356921142493,1.85544592937851,19.6505795521296,1.11336645507823,3.20541368582274,0.44248892778063,0.235898050962732,0.454470558057346,2,1,1,6.14781212285006,0.536526160251012,"cGCV_best_global vs tt_grid_oracle",0.031721598352377,0.061342880903568,-0.033637903112478,3.20541368582274,TRUE
"strong_aniso",16,0.471491116353384,0.250305322929218,0.398726162496963,3.87327341621128,-0.486615218317208,4.35988863452849,7.68058523596503,0.66123739619618,1.86535187081379,0.476819201118681,0.255487386055005,0.41002701468446,5,1,4,4.49027722885222,0.615379836654691,"cGCV_best_global vs tt_grid_oracle",-0.005328084765297,-0.00518206312578701,-0.011300852187497,1.86535187081379,TRUE
"strong_aniso",17,0.433489227952883,0.243731216449827,0.455841077928609,3.96830223930379,-0.656764339093508,4.6250665783973,9.30971219050149,0.632893888129163,3.94053764067931,0.443873956232117,0.254947068006534,0.474662464879398,2.5,3,-0.5,4.21333196623147,0.747638215954993,"cGCV_best_global vs tt_grid_oracle",-0.010384728279234,-0.011215851556707,-0.018821386950789,3.94053764067931,TRUE
"strong_aniso",18,0.433528928934536,0.220483182512952,0.334834068696193,1.3210496625208,-0.531622467763543,1.85267213028434,9.91770655125948,0.668683849086505,1.67536292919511,0.432709332389155,0.216698457655581,0.347956976440438,2,1,1,5.43908596096476,0.545751457251818,"cGCV_best_global vs tt_grid_oracle",0.000819596545380996,0.003784724857371,-0.013122907744245,1.67536292919511,TRUE
"strong_aniso",19,0.465887169244331,0.271129950833207,0.463070434239805,1.0337219428418,2.30294203927861,-1.26922009643681,6.36545885922098,0.873319693749972,2.40015769617637,0.466968908495949,0.271591878354048,Inf,2,4.5,-2.5,277.302671424418,272.364687056782,"cGCV_best_global vs tt_grid_oracle",-0.00108173925161803,-0.00046192752084101,-Inf,2.40015769617637,FALSE
"strong_aniso",2,0.536127819920583,0.341582237827343,0.474642602781777,3.87326732829303,-1.42502756452279,5.29829489281581,9.7655244723236,0.799424415976033,6.52307486683769,0.460365460934254,0.266162910454977,0.485995397764916,5,5,0,3.15412200835022,0.521128331466436,"cGCV_best_global vs tt_grid_oracle",0.075762358986329,0.075419327372366,-0.011352794983139,6.52307486683769,TRUE
"strong_aniso",20,0.778220580067312,0.51042475415628,0.409536061055237,-0.0725451628851119,-2.20604168814729,2.13349652526218,23.0330658748622,1.14065099957231,3.38068875121129,0.505526134015077,0.227041353518008,0.493807001665363,1,1,0,5.83490992385998,0.588204840564258,"cGCV_best_global vs tt_grid_oracle",0.272694446052235,0.283383400638272,-0.084270940610126,3.38068875121129,TRUE
"strong_aniso",21,0.425255794779651,0.200166209398603,0.468109998406844,1.43168575774955,-0.666682469467209,2.09836822721676,10.8316235834701,0.750637837082683,4.18898500770881,0.441117247791118,0.224405477896602,0.485952984156018,1,3.5,-2.5,4.95400080690178,0.564681194844715,"cGCV_best_global vs tt_grid_oracle",-0.015861453011467,-0.024239268497999,-0.017842985749174,4.18898500770881,TRUE
"strong_aniso",22,0.406397808206268,0.221595724420801,0.40675616262217,3.87326974934759,-0.537446443045545,4.41071619239314,9.79745808191873,0.924437031507,4.58052519156805,0.401304305427065,0.216411539801642,0.417250629101335,4.5,4,0.5,1.79507262505056,3.78736620223049,"cGCV_best_global vs tt_grid_oracle",0.00509350277920295,0.00518418461915901,-0.010494466479165,4.58052519156805,TRUE
"strong_aniso",23,0.462715675901018,0.259632887111628,0.398502121729845,1.20036860941832,-0.356563186980734,1.55693179639905,8.08954191609562,0.69585258567452,1.37128088293812,0.455930088619523,0.249996797141591,0.40516839094104,1,1,0,5.04478438797519,0.473022125369049,"cGCV_best_global vs tt_grid_oracle",0.00678558728149498,0.00963608997003701,-0.00666626921119501,1.37128088293812,TRUE
"strong_aniso",24,0.491084502349412,0.247165742915997,0.415518051409389,-0.0879046568737012,-0.237999370626617,0.150094713752916,16.4748850883544,1.00111254196739,6.59526399597633,0.487147192901238,0.24669835356299,0.454267057026179,4.5,4.5,0,10.5340980066064,6.20023001381483,"cGCV_best_global vs tt_grid_oracle",0.003937309448174,0.000467389353006997,-0.03874900561679,6.59526399597633,TRUE
"strong_aniso",25,0.974039472928439,0.796052380672219,0.506681095875704,3.87327079216326,-2.89211121778723,6.76538200995049,16.0462086788414,0.822680879602268,7.90093352447704,0.462907104491936,0.255437983557952,0.541026121461363,3.5,5,-1.5,3.54113714225339,0.548066148811339,"cGCV_best_global vs tt_grid_oracle",0.511132368436503,0.540614397114267,-0.034345025585659,7.90093352447704,TRUE
"strong_aniso",26,0.486106216106436,0.290151821864262,0.385408496952282,-1.11523871810934,-1.56715861527928,0.451919897169937,28.185283278915,1.35681436567361,8.97350081393546,0.456775451637609,0.245758720457779,0.405434608627167,5,5,0,2.9822124042795,0.595691738181418,"cGCV_best_global vs tt_grid_oracle",0.029330764468827,0.044393101406483,-0.020026111674885,8.97350081393546,TRUE
"strong_aniso",27,0.461870348724037,0.245805410402181,0.468124543162342,0.476815991128807,-0.000562392133931002,0.477378383262738,12.0958580329803,1.16864178453359,5.10416788062794,0.45303859690941,0.243314866658886,0.502667234269153,1.5,5,-3.5,9.89919875733068,5.69427611782854,"cGCV_best_global vs tt_grid_oracle",0.00883175181462698,0.00249054374329502,-0.0345426911068111,5.10416788062794,TRUE
"strong_aniso",28,0.429903507648195,0.23300749122142,0.418357455955693,3.69963949935579,-1.3356445412739,5.0352840406297,13.0679860679547,1.46267435003757,3.56977434156062,0.408342980102972,0.230780218853795,0.461140022873809,1,1,0,8.25389569259412,1.15777640133878,"cGCV_best_global vs tt_grid_oracle",0.021560527545223,0.00222727236762502,-0.042782566918116,3.56977434156062,TRUE
"strong_aniso",29,0.437400154911847,0.238741479080339,0.390489136266075,3.61166596304711,-0.73703971951507,4.34870568256218,9.80931413333915,1.54631977299524,2.22368576587046,0.44840572920415,0.237972447824365,0.408572421251508,5,1,4,6.14855204448487,1.09799250097979,"cGCV_best_global vs tt_grid_oracle",-0.011005574292303,0.000769031255973995,-0.018083284985433,2.22368576587046,TRUE
"strong_aniso",3,0.393047685811948,0.231775822147878,0.461135407616376,3.89860184124687,3.9683021839127,-0.0697003426658373,3.24318108580223,0.383183956755093,1.50913163369671,0.391149896305584,0.229603844152612,0.460589780785221,5,5,0,3.09464863358832,0.366840415460046,"cGCV_best_global vs tt_grid_oracle",0.00189778950636399,0.002171977995266,0.000545626831154999,1.50913163369671,TRUE
"strong_aniso",30,0.443179743563185,0.232539511892018,0.431079280126759,3.87327784377003,-0.377936285342063,4.2512141291121,8.96807295922611,0.621919854252657,5.8783200332177,0.438109719442263,0.227027092714939,Inf,1.5,5,-3.5,-19.2622203095768,23.6711044670477,"cGCV_best_global vs tt_grid_oracle",0.005070024120922,0.00551241917707898,-Inf,5.8783200332177,FALSE
"strong_aniso",31,0.428362421261516,0.234365155355274,0.450991992188249,3.89589684817521,-1.7283249514183,5.6242217995935,13.7916047687342,0.814425141309505,5.79795980596724,0.436173838755535,0.235842678921267,0.448620238088446,3,4,-1,2.87394767453809,0.648584416054159,"cGCV_best_global vs tt_grid_oracle",-0.00781141749401898,-0.00147752356599301,0.002371754099803,5.79795980596725,TRUE
"strong_aniso",32,0.43449834418582,0.224707340611384,0.406383109726913,3.69963949215411,-0.385529018244122,4.08516851039823,8.22741556406801,0.789020552110271,5.44467627585597,0.446921057091495,0.239798749527174,0.416508039324063,4.5,5,-0.5,4.06373064448836,0.506511283523101,"cGCV_best_global vs tt_grid_oracle",-0.012422712905675,-0.01509140891579,-0.01012492959715,5.44467627585597,TRUE
"strong_aniso",33,0.404584564460347,0.21815908230789,0.45683719584385,3.87327402821237,-0.450138296236998,4.32341232444937,8.65727354996102,0.776385784177138,1.83641294204596,0.404103987352693,0.219171520579213,0.461693898091452,5,1,4,4.90401721470798,0.593770370837679,"cGCV_best_global vs tt_grid_oracle",0.000480577107654034,-0.001012438271323,-0.00485670224760198,1.83641294204597,TRUE
"strong_aniso",34,0.479736624112843,0.254489235417404,0.440393332688188,0.11220041169377,-0.948020095307596,1.06022050700137,18.8592824430256,1.14942757656825,2.140787331969,0.4694275547374,0.239714848013531,0.471165783759076,1,1,0,7.5437647966766,0.798450364982409,"cGCV_best_global vs tt_grid_oracle",0.010309069375443,0.014774387403873,-0.030772451070888,2.140787331969,TRUE
"strong_aniso",35,0.527737423036654,0.273249106895199,0.389636589670076,0.826778112938402,-1.07733863455228,1.90411674749068,14.1924914064318,0.991511416380661,2.08454830233331,0.496413606288569,0.259389446476237,0.425018620769272,1,1,0,6.88083175066777,0.754738683946013,"cGCV_best_global vs tt_grid_oracle",0.031323816748085,0.013859660418962,-0.035382031099196,2.08454830233332,TRUE
"strong_aniso",36,0.44367464592616,0.278706326509372,0.409260543880102,0.123183437825808,-2.80182080356503,2.92500424139084,21.8616562506851,1.53988877928469,3.90162129199168,0.424306729696138,0.260721154408773,0.453242603381517,1,1,0,6.20166727522535,0.69502050342882,"cGCV_best_global vs tt_grid_oracle",0.019367916230022,0.017985172100599,-0.043982059501415,3.90162129199168,TRUE
"strong_aniso",37,0.47962122867091,0.309738065184372,0.391725167999948,0.638383538920152,-0.771549926580241,1.40993346550039,13.006562972348,0.919496625101832,1.80808064181064,0.462011507916606,0.29212789476903,0.42153342257304,1,1,0,7.30080466906626,0.86775129388853,"cGCV_best_global vs tt_grid_oracle",0.017609720754304,0.017610170415342,-0.029808254573092,1.80808064181064,TRUE
"strong_aniso",38,0.429236243043917,0.236444178610646,0.416154943116011,1.19332418329392,-2.26530857348323,3.45863275677715,17.5769514036841,0.9657947287575,4.46097062498668,0.411185852166801,0.229626258441629,0.437126157953538,2.5,2,0.5,4.30906308733524,0.444117672599319,"cGCV_best_global vs tt_grid_oracle",0.018050390877116,0.006817920169017,-0.020971214837527,4.46097062498668,TRUE
"strong_aniso",39,0.479706448193993,0.261063960763703,0.424331351792078,3.96829659584733,3.96830823743611,-1.16415887821687e-05,4.23690884830189,0.504331834986838,1.16064482204062,0.478806013845752,0.259523766203238,0.416401486359126,4.5,5,-0.5,2.35024934042815,1.74719083186953,"cGCV_best_global vs tt_grid_oracle",0.000900434348240997,0.00154019456046495,0.00792986543295199,1.16064482204063,TRUE
"strong_aniso",4,0.476106417083622,0.250042829004398,0.447458959069885,1.17435540104891,2.33335810539323,-1.15900270434432,5.46532344559814,0.751696006089216,4.39657749811701,0.478362772083754,0.249826017354716,0.438600139905592,5,4.5,0.5,1.68160861421354,2.01010016915981,"cGCV_best_global vs tt_grid_oracle",-0.00225635500013199,0.000216811649682014,0.00885881916429299,4.39657749811701,TRUE
"strong_aniso",40,0.442196617850138,0.254205007117943,0.395141168859003,3.87327038006015,-0.341378630706484,4.21464901076663,7.30998971974168,0.424279488622293,5.37802154077853,0.45663790121195,0.270896338027957,0.40935403981974,4.5,5,-0.5,3.63112150564289,0.841362512296442,"cGCV_best_global vs tt_grid_oracle",-0.0144412833618121,-0.016691330910014,-0.014212870960737,5.37802154077853,TRUE
"strong_aniso",41,0.439390683598749,0.281637842627631,0.426758739428676,0.00635308716135498,-1.2509028004367,1.25725588759806,18.4835762072658,1.30159066811993,8.00064343103793,0.38123365041989,0.22809648934425,0.430519915952125,5,5,0,3.37960056650609,0.363980872742005,"cGCV_best_global vs tt_grid_oracle",0.058157033178859,0.053541353283381,-0.00376117652344904,8.00064343103793,TRUE
"strong_aniso",42,0.409153386306964,0.212017801364094,0.472618030836097,3.69963931047943,-0.221347671532636,3.92098698201206,8.77832546630566,0.794572688730629,2.09295578560207,0.419864802527476,0.221398666071254,0.478900199845744,2,1,1,6.79542489769406,0.749778597276637,"cGCV_best_global vs tt_grid_oracle",-0.010711416220512,-0.00938086470715999,-0.00628216900964701,2.09295578560207,TRUE
"strong_aniso",43,0.494226702436547,0.311336198621377,0.508650777120772,2.56587252142013,-1.18234457465241,3.74821709607254,9.4142638702842,0.574712084381707,3.26919017869753,0.476602021373474,0.284315868376772,0.534211775055354,5,1,4,4.60240813508201,0.397265155593335,"cGCV_best_global vs tt_grid_oracle",0.017624681063073,0.027020330244605,-0.025560997934582,3.26919017869753,TRUE
"strong_aniso",44,0.471099627885513,0.248578795372969,0.511139300159681,3.96830223856088,3.96829822667323,4.01188765707728e-06,3.77592325969565,0.785449648953505,0.751937022148931,0.470767650472461,0.24815227540246,0.496297552210899,4.5,4.5,0,0.859214978521512,2.66269637085307,"cGCV_best_global vs tt_grid_oracle",0.00033197741305202,0.000426519970509021,0.014841747948782,0.751937022148932,TRUE
"strong_aniso",45,0.474009181638406,0.256050584175182,0.47387318721371,3.69964289745077,-0.607398559642196,4.30704145709297,9.10749304505244,0.751717006751931,3.14194237746274,0.486237907908077,0.266092240853519,0.486121741335787,1,1,0,7.2552838930487,0.697540249677762,"cGCV_best_global vs tt_grid_oracle",-0.012228726269671,-0.010041656678337,-0.012248554122077,3.14194237746274,TRUE
"strong_aniso",46,0.455388093337207,0.246403829852548,0.406942011455934,-0.384941915736322,-0.639775758352848,0.254833842616526,20.120330270388,1.32122053157673,6.12331760942877,0.437007117490249,0.232205401429523,0.429401223970331,2,5,-3,5.44986526243755,1.26999814459123,"cGCV_best_global vs tt_grid_oracle",0.018380975846958,0.014198428423025,-0.022459212514397,6.12331760942877,TRUE
"strong_aniso",47,0.485921111303423,0.272216114520104,0.445863252826844,3.69963845341181,0.824859696791574,2.87477875662024,5.00599105492945,0.642722695515199,1.31210299811149,0.48590819356246,0.271939082982935,0.446077687473291,5,1,4,4.70388919546797,0.64860990411661,"cGCV_best_global vs tt_grid_oracle",1.29177409630143e-05,0.000277031537169015,-0.000214434646446993,1.31210299811149,TRUE
"strong_aniso",48,0.512664815740643,0.298536855273741,0.482013333186275,-1.63515041373759,-0.3773128249429,-1.25783758879469,25.3291645393043,1.19851602596207,6.22452097225597,0.478439399576264,0.255594886198738,0.491866420343404,1.5,5,-3.5,5.26710112187467,0.589055354505297,"cGCV_best_global vs tt_grid_oracle",0.034225416164379,0.042941969075003,-0.00985308715712901,6.22452097225597,TRUE
"strong_aniso",49,0.60378424556907,0.376997453894399,0.436731491591422,0.501927953255079,-2.78434936094574,3.28627731420082,19.8346496283277,1.05884205710181,3.81698517804813,0.522710709621824,0.292785209876125,0.490733100164808,1,1,0,6.87736049772035,0.639869423082099,"cGCV_best_global vs tt_grid_oracle",0.081073535947246,0.084212244018274,-0.054001608573386,3.81698517804813,TRUE
"strong_aniso",5,0.435910948989199,0.237017343313547,0.42652489091816,0.681952417973079,2.60544272016365,-1.92349030219057,5.40720264543336,0.559366719250236,1.43036508317903,0.431521302280932,0.232576199092831,0.426903953752539,1,4,-3,4.76953716929655,0.5271174483678,"cGCV_best_global vs tt_grid_oracle",0.00438964670826703,0.00444114422071601,-0.000379062834378996,1.43036508317902,TRUE
"strong_aniso",50,0.511179398363556,0.303211702796621,0.44066925684882,3.69964101884005,-2.27738899358274,5.97703001242279,14.5271523191179,0.982083264735438,4.24609706034389,0.489731310216942,0.290979887553496,0.472595598182586,1,1,0,7.1618984823125,0.79303772592914,"cGCV_best_global vs tt_grid_oracle",0.021448088146614,0.012231815243125,-0.031926341333766,4.24609706034389,TRUE
"strong_aniso",6,0.49077535211072,0.28724198693571,0.43535310089934,3.87327043468585,0.762574722874443,3.11069571181141,6.26780407999633,0.704660573940092,1.1514730893821,0.488808476130138,0.28626653508062,0.435749245353429,5,1,4,5.84020552365527,0.704065914923415,"cGCV_best_global vs tt_grid_oracle",0.00196687598058198,0.000975451855090015,-0.000396144454089031,1.1514730893821,TRUE
"strong_aniso",7,0.434040925475167,0.232284962388201,0.499483931267054,3.69964756918694,-0.33718187902297,4.0368294482099,10.0318870869243,1.20447576204522,3.01266532748069,0.450242265263437,0.242286017623778,0.509742950630139,1,1,0,8.68240342932513,0.989749613138978,"cGCV_best_global vs tt_grid_oracle",-0.01620133978827,-0.010001055235577,-0.010259019363085,3.01266532748069,TRUE
"strong_aniso",8,0.42581265509471,0.236686059167026,0.459243602927661,3.60073651750984,-0.62262228154467,4.2233587990545,8.82498607585454,0.763210108862951,5.69408079779897,0.438849331633755,0.243979082748899,0.483089810249914,4.5,5,-0.5,4.40632328630612,0.685480295465418,"cGCV_best_global vs tt_grid_oracle",-0.013036676539045,-0.007293023581873,-0.023846207322253,5.69408079779897,TRUE
"strong_aniso",9,0.41368535371297,0.222229408925253,0.457320155587384,3.87327965022372,1.63880589918236,2.23447375104137,4.56393611472907,0.659922270334777,3.54501403804996,0.413774520695733,0.222298045084967,0.45712596356087,5,5,0,3.97300998687991,0.647975265805874,"cGCV_best_global vs tt_grid_oracle",-8.91669827630115e-05,-6.86361597140028e-05,0.000194192026513995,3.54501403804996,TRUE
"smooth_smooth",1,0.162917047686095,0.0398863990557732,0.15961220947439,-1.11941948508999,-1.13914561046684,0.0197261253768444,26.3857045694005,1.35250552994139,0.380101175826267,0.162917047686095,0.0398863990557732,0.15961220947439,-1.11941948508999,-1.13914561046684,0.0197261253768444,26.3857045694005,1.35250552994139,"cGCV_best_global vs cGCV_default",0,0,0,0,TRUE
"smooth_smooth",10,0.144509126989813,0.0182251803771285,0.149517692257418,-1.09420063658853,-1.4060816451963,0.311881008607769,27.5799915957775,1.48528501600844,0.133020364240661,0.144509126989813,0.0182251803771285,0.149517692257418,-1.09420063658853,-1.4060816451963,0.311881008607769,27.5799915957775,1.48528501600844,"cGCV_best_global vs cGCV_default",0,0,0,0,TRUE
"smooth_smooth",11,0.145871980157583,0.0155924756147332,0.141505467442766,-0.996084415711333,-1.36313911356808,0.367054697856743,26.3523604636474,0.982393448496769,0.136916887326778,0.145871980157583,0.0155924756147332,0.141505467442766,-0.996084415711333,-1.36313911356808,0.367054697856743,26.3523604636474,0.982393448496769,"cGCV_best_global vs cGCV_default",0,0,0,0,TRUE
"smooth_smooth",12,0.150406719907599,0.0278541215206175,0.147743972399779,-1.61552832989263,-1.35776793102914,-0.257760398863498,26.8758783539439,0.98251666652385,0.409937100734833,0.149155302939362,0.027121428088996,0.147815324700068,-1.44726407583861,-1.20347625851722,-0.243787817321395,24.7518668810237,0.966750157444532,"cGCV_best_global vs cGCV_default",0.001251416968237,0.000732693431621498,-7.13523002890126e-05,0.228295377524122,TRUE
"smooth_smooth",13,0.13949387483036,0.019623838527833,0.126672343631703,-1.49037098006157,-1.29872598174878,-0.191644998312782,31.6175691271249,1.24023035685944,0.201504214467007,0.13949387483036,0.019623838527833,0.126672343631703,-1.49037098006157,-1.29872598174878,-0.191644998312782,31.6175691271249,1.24023035685944,"cGCV_best_global vs cGCV_default",0,0,0,0,TRUE
"smooth_smooth",14,0.153050788627977,0.0301339277230426,0.137182496623395,-1.53333214084914,-1.3756801558909,-0.157651984958236,28.6261827973578,0.726600066997943,0.12871074256991,0.152733883115946,0.0299591815589925,0.137272965481521,-1.49175303560215,-1.31547683786666,-0.176276197735493,27.9512965549544,0.717869499394261,"cGCV_best_global vs cGCV_default",0.000316905512031007,0.0001747461640501,-9.04688581259971e-05,0.073165985910586,TRUE
"smooth_smooth",15,0.152579447333772,0.0305785183633479,0.149631956689997,-1.23811651589795,-1.54929419851002,0.311177682612072,30.2416459557226,0.88567787815754,0.266482414527067,0.152579447333772,0.0305785183633479,0.149631956689997,-1.23811651589795,-1.54929419851002,0.311177682612072,30.2416459557226,0.88567787815754,"cGCV_best_global vs cGCV_default",0,0,0,0,TRUE
"smooth_smooth",16,0.159950062815211,0.0237558620028358,0.139134897272407,-1.29065621103112,-1.25079395789458,-0.0398622531365411,28.1450322172357,1.21428978574261,0.325466547285122,0.160667210963225,0.0239158985292861,0.139221964543823,-1.22628628834558,-1.17723927310487,-0.0490470152407099,27.2276915652102,1.19834850860612,"cGCV_best_global vs cGCV_default",-0.000717148148013991,-0.000160036526450299,-8.7067271415997e-05,0.0977434325213514,TRUE
"smooth_smooth",17,0.148234298104273,0.0244530516403056,0.154963311058644,-1.15280311232873,-2.22011001712415,1.06730690479542,32.8445723320218,1.8634465069218,0.318884295084583,0.149812633850766,0.0263623448993758,0.155169860981108,-1.04557624564629,-2.36435342415443,1.31877717850813,32.5534898147537,1.83974880104484,"cGCV_best_global vs cGCV_default",-0.00157833574649302,-0.0019092932590702,-0.000206549922463994,0.179732471774682,TRUE
"smooth_smooth",18,0.146329322849426,0.024278670394184,0.145785482724881,-1.04281447594301,-1.39030888526908,0.347494409326067,29.0493913053433,1.33165073299816,0.117750668792951,0.147010847582765,0.0251055158109579,0.145800610268965,-0.978962098396969,-1.33329160092339,0.354329502526418,28.2182483356598,1.31061347144288,"cGCV_best_global vs cGCV_default",-0.00068152473333899,-0.0008268454167739,-1.5127544083976e-05,0.0856043038196061,TRUE
"smooth_smooth",19,0.131810235012086,0.0262977994720351,0.153559458628449,-0.934953811869959,-1.27668448101419,0.341730669144234,26.8800728005998,1.20838972945814,0.284227564856652,0.131810235012086,0.0262977994720351,0.153559458628449,-0.934953811869959,-1.27668448101419,0.341730669144234,26.8800728005998,1.20838972945814,"cGCV_best_global vs cGCV_default",0,0,0,0,TRUE
"smooth_smooth",2,0.114561659199777,0.0173672333853063,0.156813781835295,-1.22749756375625,-1.32036385010266,0.0928662863464129,28.7610422947975,1.1354375245722,0.289869432443243,0.114561659199777,0.0173672333853063,0.156813781835295,-1.22749756375625,-1.32036385010266,0.0928662863464129,28.7610422947975,1.1354375245722,"cGCV_best_global vs cGCV_default",0,0,0,0,TRUE
"smooth_smooth",20,0.154333070185953,0.0242079968645445,0.151403325023522,-0.900125213508459,-1.38608973939405,0.48596452588559,27.7264736967151,1.37528263646069,0.151494291800209,0.154333070185953,0.0242079968645445,0.151403325023522,-0.900125213508459,-1.38608973939405,0.48596452588559,27.7264736967151,1.37528263646069,"cGCV_best_global vs cGCV_default",0,0,0,0,TRUE
"smooth_smooth",21,0.144650409113517,0.0256313363874821,0.147611583969472,-0.99291905388989,-1.11037105320547,0.117451999315581,25.0551473470844,1.2701063639195,0.110597961931941,0.144650409113517,0.0256313363874821,0.147611583969472,-0.99291905388989,-1.11037105320547,0.117451999315581,25.0551473470844,1.2701063639195,"cGCV_best_global vs cGCV_default",0,0,0,0,TRUE
"smooth_smooth",22,0.153056112700698,0.0250559374220354,0.112927198658056,-1.35374842097873,-1.81014620381266,0.456397782833927,31.1312040251366,1.19305539682371,0.239653892713973,0.153056112700698,0.0250559374220354,0.112927198658056,-1.35374842097873,-1.81014620381266,0.456397782833927,31.1312040251366,1.19305539682371,"cGCV_best_global vs cGCV_default",0,0,0,0,TRUE
"smooth_smooth",23,0.159385435268328,0.0242515630588419,0.133872859200709,-1.17328428800722,-1.72724691487948,0.553962626872266,30.6493513242164,1.36012440911214,0.425602398848636,0.159385435268328,0.0242515630588419,0.133872859200709,-1.17328428800722,-1.72724691487948,0.553962626872266,30.6493513242164,1.36012440911214,"cGCV_best_global vs cGCV_default",0,0,0,0,TRUE
"smooth_smooth",24,0.166636175468013,0.0209936035046462,0.145755893791136,-1.28307282859793,-1.64393501400013,0.3608621854022,29.4979290064591,1.27751563760663,0.260335717771727,0.165593696405182,0.0203703813213915,0.145801163024315,-1.21460850262362,-1.58863536100347,0.374026858379847,28.655789789752,1.27290178502523,"cGCV_best_global vs cGCV_default",0.00104247906283098,0.000623222183254699,-4.52692331790183e-05,0.0880080425453697,TRUE
"smooth_smooth",25,0.14592786066941,0.0250433001222668,0.144110813854034,-1.16239470198654,-1.27389555588231,0.111500853895763,25.7838208038065,0.994757290134241,0.278379702713882,0.14592786066941,0.0250433001222668,0.144110813854034,-1.16239470198654,-1.27389555588231,0.111500853895763,25.7838208038065,0.994757290134241,"cGCV_best_global vs cGCV_default",0,0,0,0,TRUE
"smooth_smooth",26,0.182980705428984,0.029688050343364,0.114635826311701,-1.47482429811415,-1.22220716999618,-0.252617128117968,30.77171265699,1.24432734682404,0.278931304028382,0.182980705428984,0.029688050343364,0.114635826311701,-1.47482429811415,-1.22220716999618,-0.252617128117968,30.77171265699,1.24432734682404,"cGCV_best_global vs cGCV_default",0,0,0,0,TRUE
"smooth_smooth",27,0.142769239248929,0.0222069040911549,0.127511710463465,-1.76363083578129,-1.68788837058311,-0.0757424651981781,31.5471890530363,1.32350954944544,0.408552183682827,0.143353874498324,0.0230021683984092,0.127572665512158,-1.82332059014763,-1.75292303302487,-0.0703975571227537,32.4933794381148,1.35348739125142,"cGCV_best_global vs cGCV_default",-0.000584635249395005,-0.000795264307254302,-6.09550486930233e-05,0.0882744249215346,TRUE
"smooth_smooth",28,0.126934208820268,0.0162552743533276,0.137723508393693,-1.20289354704384,-1.29346921744089,0.0905756703970506,28.7818999242168,1.12965832090594,0.361838649860217,0.126934208820268,0.0162552743533276,0.137723508393693,-1.20289354704384,-1.29346921744089,0.0905756703970506,28.7818999242168,1.12965832090594,"cGCV_best_global vs cGCV_default",0,0,0,0,TRUE
"smooth_smooth",29,0.138731107784053,0.02712765289154,0.139319320787263,-1.50163354193617,-1.22474364287337,-0.276889899062796,26.8773800131574,1.5906350894472,0.569328717580374,0.138731107784053,0.02712765289154,0.139319320787263,-1.50163354193617,-1.22474364287337,-0.276889899062796,26.8773800131574,1.5906350894472,"cGCV_best_global vs cGCV_default",0,0,0,0,TRUE
"smooth_smooth",3,0.155853951747318,0.0314812996877661,0.138428902584433,-1.59674453966052,-1.26144594323374,-0.335298596426783,30.0394996743162,1.18549560937553,0.278771388753411,0.156762865899563,0.0323703421697562,0.138482179258764,-1.49735578929523,-1.14289482337912,-0.354460965916115,28.536636542576,1.15593310601078,"cGCV_best_global vs cGCV_default",-0.000908914152245005,-0.0008890424819901,-5.32766743309987e-05,0.154701298371922,TRUE
"smooth_smooth",30,0.138382234030747,0.0252449822871667,0.143622644909828,-1.6974835481184,-1.47094775942889,-0.22653578868951,30.248218951225,1.41537489061153,0.3039082696164,0.1374999392123,0.0242677110304123,0.143805432230979,-1.58479555171007,-1.32647575594129,-0.258319795768782,28.4552822932797,1.35375929105571,"cGCV_best_global vs cGCV_default",0.00088229481844701,0.000977271256754401,-0.000182787321150985,0.183223209027254,TRUE
"smooth_smooth",31,0.151684087998034,0.0231889726002732,0.136366395208278,-1.7582393650818,-1.2009114988535,-0.557327866228299,29.3161467568014,1.41281137579663,0.314346361467111,0.151957785745949,0.0237142095567374,0.136406599952806,-1.69154866719101,-1.11797961572764,-0.573569051463373,28.3295485960762,1.38860190931412,"cGCV_best_global vs cGCV_default",-0.000273697747914997,-0.000525236956464198,-4.0204744527983e-05,0.106420610898274,TRUE
"smooth_smooth",32,0.141477090394303,0.0235377231687381,0.151302688180925,-1.08993771792148,-1.42028649443373,0.330348776512249,25.983464579275,1.33033158629198,0.120179183199869,0.14158977262193,0.0235832594255214,0.151361070533925,-1.02984672299398,-1.35370558188849,0.323858858894511,25.1681537949162,1.32347566815714,"cGCV_best_global vs cGCV_default",-0.000112682227627003,-4.55362567833018e-05,-5.83823530000138e-05,0.0896880459522544,TRUE
"smooth_smooth",33,0.160032375325323,0.0270902950649585,0.153898012843649,-1.14245573601864,-1.78288393089853,0.640428194879891,30.0934110293754,1.38066482132774,0.455917995988947,0.160032375325323,0.0270902950649585,0.153898012843649,-1.14245573601864,-1.78288393089853,0.640428194879891,30.0934110293754,1.38066482132774,"cGCV_best_global vs cGCV_default",0,0,0,0,TRUE
"smooth_smooth",34,0.12961643316394,0.0230070907181396,0.161616730409283,-1.03515919532165,-1.57228732242998,0.53712812710833,29.4353484580528,1.21198085532565,0.0803842397473697,0.130174393668283,0.0239740657236117,0.161691013236769,-0.951601704388501,-1.5829593960707,0.6313576916822,28.8781807241771,1.21465841052822,"cGCV_best_global vs cGCV_default",-0.000557960504343008,-0.0009669750054721,-7.42828274859775e-05,0.0842362596916329,TRUE
"smooth_smooth",35,0.15368019539652,0.0201107246247373,0.13618270208039,-1.3552383292855,-1.26689333294775,-0.0883449963377492,27.9040096718497,1.16943822127208,0.27439872363454,0.15368019539652,0.0201107246247373,0.13618270208039,-1.3552383292855,-1.26689333294775,-0.0883449963377492,27.9040096718497,1.16943822127208,"cGCV_best_global vs cGCV_default",0,0,0,0,TRUE
"smooth_smooth",36,0.143362309122049,0.0234817436412179,0.13898595782812,-1.61179182163351,-1.86123812216228,0.249446300528778,31.4626452286573,1.18364079676422,0.178191666823078,0.137894674621747,0.0203171409848536,0.139268882066799,-1.47436124823656,-1.6738489461337,0.199487697897138,29.2018224401401,1.12256347918941,"cGCV_best_global vs cGCV_default",0.00546763450030199,0.0031646026563643,-0.000282924238678983,0.232383015293469,TRUE
"smooth_smooth",37,0.140716181774522,0.0142244218171052,0.160978124465738,-1.08448406701869,-1.37481792625876,0.290333859240071,26.5239448073345,1.44550701926931,0.151023538450718,0.140716181774522,0.0142244218171052,0.160978124465738,-1.08448406701869,-1.37481792625876,0.290333859240071,26.5239448073345,1.44550701926931,"cGCV_best_global vs cGCV_default",0,0,0,0,TRUE
"smooth_smooth",38,0.147476542821641,0.0285627365520214,0.144421741986323,-1.06745569205104,-1.95732443896477,0.889868746913731,31.3355314372422,1.75546644666031,0.0798215127628906,0.147279727033525,0.0285156010553723,0.144449318572177,-0.985332266389237,-1.90568453362519,0.920352267235956,30.373871105132,1.72390551893678,"cGCV_best_global vs cGCV_default",0.000196815788116006,4.71354966491006e-05,-2.75765858540056e-05,0.0970099833311525,TRUE
"smooth_smooth",39,0.149756330069692,0.0266834715677736,0.105307953399382,-1.19050349938363,-1.23357661532084,0.0430731159372158,24.6117521866554,1.71842754889995,0.301412704613041,0.150604969889523,0.0274524014287779,0.105330920210241,-1.1283311512053,-1.17070551612966,0.0423743649243605,23.7963221185685,1.68009248594716,"cGCV_best_global vs cGCV_default",-0.000848639819830993,-0.000768929861004301,-2.29668108590042e-05,0.0884204500752779,TRUE
"smooth_smooth",4,0.157642982471225,0.023724194354592,0.1426552645346,-1.73680728553505,-1.526291142086,-0.210516143449052,36.0684773902832,1.57563100534108,0.23826228118329,0.15640131379254,0.0221082915650849,0.142696616742249,-1.65154775356612,-1.43805965146917,-0.213488102096948,34.8291946037068,1.5643356672219,"cGCV_best_global vs cGCV_default",0.001241668678685,0.0016159027895071,-4.13522076490036e-05,0.122694676852864,TRUE
"smooth_smooth",40,0.150347730513491,0.0256766674805919,0.140634088775393,-1.13117761119178,-1.2713764960378,0.140198884846015,26.767421893177,1.20403894918595,0.263583520429365,0.150347730513491,0.0256766674805919,0.140634088775393,-1.13117761119178,-1.2713764960378,0.140198884846015,26.767421893177,1.20403894918595,"cGCV_best_global vs cGCV_default",0,0,0,0,TRUE
"smooth_smooth",41,0.141581890338796,0.0226440456280116,0.167503491861786,-0.989187591504302,-1.32872686293637,0.339539271432066,27.8139156451225,0.945422441764451,0.171614089331545,0.141581890338796,0.0226440456280116,0.167503491861786,-0.989187591504302,-1.32872686293637,0.339539271432066,27.8139156451225,0.945422441764451,"cGCV_best_global vs cGCV_default",0,0,0,0,TRUE
"smooth_smooth",42,0.200163714757659,0.07510706142871,0.149776277960214,-1.49715253032485,-1.57372998340921,0.0765774530843542,29.999291379171,1.18745388140908,0.0737849479031642,0.199402096731284,0.0745456544180053,0.149797363050478,-1.35272487737786,-1.43127260141138,0.0785477240335203,27.9593034455655,1.16333891269311,"cGCV_best_global vs cGCV_default",0.000761618026375005,0.000561407010704701,-2.10850902639947e-05,0.202863137660473,TRUE
"smooth_smooth",43,0.142630816929987,0.0238316772118865,0.127430683105401,-1.37093338024746,-1.23037988651844,-0.140553493729021,28.2511127353839,1.25561830994922,0.298920052736778,0.142630816929987,0.0238316772118865,0.127430683105401,-1.37093338024746,-1.23037988651844,-0.140553493729021,28.2511127353839,1.25561830994922,"cGCV_best_global vs cGCV_default",0,0,0,0,TRUE
"smooth_smooth",44,0.155583862505001,0.0344892043351645,0.145269591956021,-1.04986443614954,-1.45039026996628,0.400525833816734,25.1617556360524,0.829199943673146,0.0703390880416479,0.155583862505001,0.0344892043351645,0.145269591956021,-1.04986443614954,-1.45039026996628,0.400525833816734,25.1617556360524,0.829199943673146,"cGCV_best_global vs cGCV_default",0,0,0,0,TRUE
"smooth_smooth",45,0.135702470983591,0.0276435555321593,0.116092242817117,-0.933007028312858,-1.33963602586033,0.406628997547476,26.4943075928312,1.11603979494081,0.17379488616568,0.135702470983591,0.0276435555321593,0.116092242817117,-0.933007028312858,-1.33963602586033,0.406628997547476,26.4943075928312,1.11603979494081,"cGCV_best_global vs cGCV_default",0,0,0,0,TRUE
"smooth_smooth",46,0.134665295953613,0.0287915774708348,0.140547721086666,-1.21143727370994,-1.54035603862005,0.328918764910117,26.8326707656845,0.998139326264345,0.291370995222683,0.134542974306969,0.0286946615039084,0.140633049739981,-1.13006218251976,-1.47139559942564,0.341333416905872,25.7948610029168,0.969508671611826,"cGCV_best_global vs cGCV_default",0.000122321646644025,9.69159669263996e-05,-8.53286533150088e-05,0.106665119135058,TRUE
"smooth_smooth",47,0.13904737754442,0.0126541249913313,0.142020950917203,-1.20298640853426,-1.48889726180083,0.28591085326657,27.7332895483553,0.827776670169626,0.297221036117733,0.13904737754442,0.0126541249913313,0.142020950917203,-1.20298640853426,-1.48889726180083,0.28591085326657,27.7332895483553,0.827776670169626,"cGCV_best_global vs cGCV_default",0,0,0,0,TRUE
"smooth_smooth",48,0.122340421564974,0.0238839045369061,0.145488155076808,-0.993337081198525,-1.20506002708172,0.211722945883192,25.599577048505,1.0148617832929,0.295015223525826,0.122340421564974,0.0238839045369061,0.145488155076808,-0.993337081198525,-1.20506002708172,0.211722945883192,25.599577048505,1.0148617832929,"cGCV_best_global vs cGCV_default",0,0,0,0,TRUE
"smooth_smooth",49,0.139718117557247,0.0265902923601191,0.121793195993424,-1.10338788384548,-1.46695684482924,0.363568960983755,25.0674363278783,1.18995488674228,0.108539875758573,0.141172558240804,0.0282355428868414,0.121839470061215,-1.0309388873811,-1.39980269149627,0.368863804115172,24.1593340008326,1.16997406424336,"cGCV_best_global vs cGCV_default",-0.00145444068355699,-0.0016452505267223,-4.6274067790994e-05,0.098785309629336,TRUE
"smooth_smooth",5,0.157542566647226,0.019387235461925,0.167050356042666,-1.01562982583444,-1.36886779460277,0.353237968768337,24.7042226980947,1.20832751049207,0.132060390533858,0.159820482305798,0.0209863986333199,0.167123534760969,-0.918744405147037,-1.27406009906535,0.355315693918313,23.4578349305726,1.18447508312304,"cGCV_best_global vs cGCV_default",-0.00227791565857202,-0.0015991631713949,-7.31787183030075e-05,0.135555464201526,TRUE
"smooth_smooth",50,0.158716868212942,0.0436702879939842,0.134214256468956,-1.15453191824056,-1.36545864502602,0.210926726785454,28.6357073399245,1.54729941210178,0.370741920630485,0.158716868212942,0.0436702879939842,0.134214256468956,-1.15453191824056,-1.36545864502602,0.210926726785454,28.6357073399245,1.54729941210178,"cGCV_best_global vs cGCV_default",0,0,0,0,TRUE
"smooth_smooth",6,0.17080568308211,0.030261028813531,0.145078783984444,-1.36844721171614,-1.34189937443772,-0.0265478372784206,29.8138436188636,1.10456020785707,0.205674363760883,0.17080568308211,0.030261028813531,0.145078783984444,-1.36844721171614,-1.34189937443772,-0.0265478372784206,29.8138436188636,1.10456020785707,"cGCV_best_global vs cGCV_default",0,0,0,0,TRUE
"smooth_smooth",7,0.159722478694349,0.0231962901838096,0.145759514300439,-1.43030645264223,-1.61864368728776,0.188337234645533,35.1131974986229,1.52033068851687,0.137599110013642,0.159722478694349,0.0231962901838096,0.145759514300439,-1.43030645264223,-1.61864368728776,0.188337234645533,35.1131974986229,1.52033068851687,"cGCV_best_global vs cGCV_default",0,0,0,0,TRUE
"smooth_smooth",8,0.141330644366027,0.0222488283330584,0.145812707985237,-1.28074293654318,-1.38316176247918,0.102418825935998,27.0266692919847,1.33551483617022,0.248444830138768,0.141330644366027,0.0222488283330584,0.145812707985237,-1.28074293654318,-1.38316176247918,0.102418825935998,27.0266692919847,1.33551483617022,"cGCV_best_global vs cGCV_default",0,0,0,0,TRUE
"smooth_smooth",9,0.151159246055904,0.0162081536970585,0.120161489064002,-1.22299011414597,-1.67280250146469,0.449812387318717,30.8390431574342,1.40992150939411,0.282108659064709,0.151790655097925,0.0167286611640373,0.120209004700664,-1.14069240934632,-1.58962127245404,0.448928863107722,29.674658637581,1.38912019902174,"cGCV_best_global vs cGCV_default",-0.000631409042020997,-0.000520507466978799,-4.75156366619989e-05,0.117012944048992,TRUE
"strong_aniso",1,0.47704254663275,0.246486227825635,0.307303135806715,1.9616717187445,-0.552524402015717,2.51419612076022,10.1997601003139,0.977452243145319,5.63518763925506,0.47704254663275,0.246486227825635,0.307303135806715,1.9616717187445,-0.552524402015717,2.51419612076022,10.1997601003139,0.977452243145319,"cGCV_best_global vs cGCV_default",0,0,0,0,TRUE
"strong_aniso",10,0.516941794641644,0.278683591655055,0.406498363284945,1.43732631015258,-0.599275917419601,2.03660222757218,10.8847299811357,0.991759680879786,1.60050349935181,0.518877373184715,0.281364805422159,0.406510124588779,1.23280050610958,-0.761708872856151,1.99450937896573,12.0524663516716,1.03547564234473,"cGCV_best_global vs cGCV_default",-0.00193557854307103,-0.00268121376710401,-1.17613038340125e-05,0.261180530536424,TRUE
"strong_aniso",11,0.401985387924654,0.211734054805811,0.443584904033459,1.705295057244,-0.619946210298997,2.32524126754299,10.2217077806915,0.975536672408011,1.63290287059301,0.401711604828645,0.211476050684325,0.443609492715941,1.79548598200787,-0.608516722470813,2.40400270447868,10.0738173073553,0.971331962099138,"cGCV_best_global vs cGCV_default",0.000273783096009006,0.000258004121485994,-2.45886824820074e-05,0.0909122439596375,TRUE
"strong_aniso",12,0.47531066514118,0.280844786043676,0.428308473757218,3.69964464111188,-1.75836001833149,5.45800465944337,13.8113815324279,1.06211803253624,6.88232186088173,0.472605694143029,0.277678053263558,0.428362309313497,3.8732774786863,-1.71285597611226,5.58613345479856,13.6656443876799,1.05522595218091,"cGCV_best_global vs cGCV_default",0.00270497099815098,0.00316673278011803,-5.38355562790249e-05,0.179496462757443,TRUE
"strong_aniso",13,0.392481280931317,0.207307698157409,0.461997902565747,3.87327100478716,0.161643229016355,3.7116277757708,7.7133400855072,0.733716333231063,4.00031260403601,0.392481280931317,0.207307698157409,0.461997902565747,3.87327100478716,0.161643229016355,3.7116277757708,7.7133400855072,0.733716333231063,"cGCV_best_global vs cGCV_default",0,0,0,0,TRUE
"strong_aniso",14,0.555544735827702,0.353257656450588,0.46849538220075,0.210056301246394,-1.78241667801972,1.99247297926611,20.1747994627457,0.794735567288532,7.90014683113483,0.549344904401393,0.346876559881581,0.468515618565472,0.270680728090532,-1.73032144324497,2.00100217133551,19.6162932288144,0.790537181221227,"cGCV_best_global vs cGCV_default",0.00619983142630898,0.00638109656900698,-2.02363647220372e-05,0.079932688034474,TRUE
"strong_aniso",15,0.474210526133007,0.2972409318663,0.420832654944868,0.201876717953583,-1.65356921142493,1.85544592937851,19.6505795521296,1.11336645507823,3.20541368582274,0.47020058070848,0.292887912347958,0.420850021882401,0.290492686148421,-1.68167957589698,1.9721722620454,19.2355547644701,1.10872424328315,"cGCV_best_global vs cGCV_default",0.00400994542452704,0.00435301951834199,-1.73669375330143e-05,0.0929676417354986,TRUE
"strong_aniso",16,0.471491116353384,0.250305322929218,0.398726162496963,3.87327341621128,-0.486615218317208,4.35988863452849,7.68058523596503,0.66123739619618,1.86535187081379,0.471491116353384,0.250305322929218,0.398726162496963,3.87327341621128,-0.486615218317208,4.35988863452849,7.68058523596503,0.66123739619618,"cGCV_best_global vs cGCV_default",0,0,0,0,TRUE
"strong_aniso",17,0.433489227952883,0.243731216449827,0.455841077928609,3.96830223930379,-0.656764339093508,4.6250665783973,9.30971219050149,0.632893888129163,3.94053764067931,0.433826800039161,0.24414517114871,0.455930678808135,3.87327109934045,-0.75709825865154,4.63036935799199,9.6764082945718,0.644608910131009,"cGCV_best_global vs cGCV_default",-0.000337572086277993,-0.000413954698883001,-8.96008795259751e-05,0.138194837011408,TRUE
"strong_aniso",18,0.433528928934536,0.220483182512952,0.334834068696193,1.3210496625208,-0.531622467763543,1.85267213028434,9.91770655125948,0.668683849086505,1.67536292919511,0.433528928934536,0.220483182512952,0.334834068696193,1.3210496625208,-0.531622467763543,1.85267213028434,9.91770655125948,0.668683849086505,"cGCV_best_global vs cGCV_default",0,0,0,0,TRUE
"strong_aniso",19,0.465887169244331,0.271129950833207,0.463070434239805,1.0337219428418,2.30294203927861,-1.26922009643681,6.36545885922098,0.873319693749972,2.40015769617637,0.465880418771099,0.271199069609011,0.463196556652284,0.954141634140374,2.16393187032875,-1.20979023618838,6.60128238913448,0.880723013887807,"cGCV_best_global vs cGCV_default",6.75047323200895e-06,-6.91187758040113e-05,-0.000126122412479002,0.160177565858902,TRUE
"strong_aniso",2,0.536127819920583,0.341582237827343,0.474642602781777,3.87326732829303,-1.42502756452279,5.29829489281581,9.7655244723236,0.799424415976033,6.52307486683769,0.536127819920583,0.341582237827343,0.474642602781777,3.87326732829303,-1.42502756452279,5.29829489281581,9.7655244723236,0.799424415976033,"cGCV_best_global vs cGCV_default",0,0,0,0,TRUE
"strong_aniso",20,0.778220580067312,0.51042475415628,0.409536061055237,-0.0725451628851119,-2.20604168814729,2.13349652526218,23.0330658748622,1.14065099957231,3.38068875121129,0.778220580067312,0.51042475415628,0.409536061055237,-0.0725451628851119,-2.20604168814729,2.13349652526218,23.0330658748622,1.14065099957231,"cGCV_best_global vs cGCV_default",0,0,0,0,TRUE
"strong_aniso",21,0.425255794779651,0.200166209398603,0.468109998406844,1.43168575774955,-0.666682469467209,2.09836822721676,10.8316235834701,0.750637837082683,4.18898500770881,0.424615595284146,0.199802028790075,0.468168344533354,1.43010788601905,-0.591950898555191,2.02205878457424,10.630764717076,0.744466394310177,"cGCV_best_global vs cGCV_default",0.000640199495504978,0.000364180608527997,-5.83461265100116e-05,0.0747482265353225,TRUE
"strong_aniso",22,0.406397808206268,0.221595724420801,0.40675616262217,3.87326974934759,-0.537446443045545,4.41071619239314,9.79745808191873,0.924437031507,4.58052519156805,0.406397808206268,0.221595724420801,0.40675616262217,3.87326974934759,-0.537446443045545,4.41071619239314,9.79745808191873,0.924437031507,"cGCV_best_global vs cGCV_default",0,0,0,0,TRUE
"strong_aniso",23,0.462715675901018,0.259632887111628,0.398502121729845,1.20036860941832,-0.356563186980734,1.55693179639905,8.08954191609562,0.69585258567452,1.37128088293812,0.46202743065422,0.259337682403632,0.398531952483273,1.28969267665362,-0.386838277140026,1.67653095379365,7.99210236361358,0.69609066365907,"cGCV_best_global vs cGCV_default",0.000688245246798003,0.000295204707996044,-2.98307534279951e-05,0.0943152695570006,TRUE
"strong_aniso",24,0.491084502349412,0.247165742915997,0.415518051409389,-0.0879046568737012,-0.237999370626617,0.150094713752916,16.4748850883544,1.00111254196739,6.59526399597633,0.491084502349412,0.247165742915997,0.415518051409389,-0.0879046568737012,-0.237999370626617,0.150094713752916,16.4748850883544,1.00111254196739,"cGCV_best_global vs cGCV_default",0,0,0,0,TRUE
"strong_aniso",25,0.974039472928439,0.796052380672219,0.506681095875704,3.87327079216326,-2.89211121778723,6.76538200995049,16.0462086788414,0.822680879602268,7.90093352447704,0.974039472928439,0.796052380672219,0.506681095875704,3.87327079216326,-2.89211121778723,6.76538200995049,16.0462086788414,0.822680879602268,"cGCV_best_global vs cGCV_default",0,0,0,0,TRUE
"strong_aniso",26,0.486106216106436,0.290151821864262,0.385408496952282,-1.11523871810934,-1.56715861527928,0.451919897169937,28.185283278915,1.35681436567361,8.97350081393546,0.450411306584608,0.247348449713313,0.390341020785685,-0.452429276536649,-0.919635536918168,0.46720626038152,19.723334749789,1.32303285634731,"cGCV_best_global vs cGCV_default",0.035694909521828,0.042803372150949,-0.00493252383340298,0.926608057836836,TRUE
"strong_aniso",27,0.461870348724037,0.245805410402181,0.468124543162342,0.476815991128807,-0.000562392133931002,0.477378383262738,12.0958580329803,1.16864178453359,5.10416788062794,0.461870348724037,0.245805410402181,0.468124543162342,0.476815991128807,-0.000562392133931002,0.477378383262738,12.0958580329803,1.16864178453359,"cGCV_best_global vs cGCV_default",0,0,0,0,TRUE
"strong_aniso",28,0.429903507648195,0.23300749122142,0.418357455955693,3.69963949935579,-1.3356445412739,5.0352840406297,13.0679860679547,1.46267435003757,3.56977434156062,0.429280275332513,0.232372867956814,0.418386288165343,3.87327361034214,-1.30075824085702,5.17403185119915,12.9536962199787,1.45750164161764,"cGCV_best_global vs cGCV_default",0.00062323231568201,0.000634623264606005,-2.88322096499982e-05,0.177104089322627,TRUE
"strong_aniso",29,0.437400154911847,0.238741479080339,0.390489136266075,3.61166596304711,-0.73703971951507,4.34870568256218,9.80931413333915,1.54631977299524,2.22368576587046,0.437192039511381,0.23808977737151,0.390579657180919,3.82271520584287,-0.676240145547253,4.49895535139012,9.64250556814753,1.53235840212603,"cGCV_best_global vs cGCV_default",0.000208115400465947,0.000651701708829,-9.05209148440167e-05,0.219632354354571,TRUE
"strong_aniso",3,0.393047685811948,0.231775822147878,0.461135407616376,3.89860184124687,3.9683021839127,-0.0697003426658373,3.24318108580223,0.383183956755093,1.50913163369671,0.392877452562718,0.231567429189275,0.461204907225415,2.18974030211957,2.72185674594394,-0.532116443824366,3.40278573170797,0.381087229839382,"cGCV_best_global vs cGCV_default",0.00017023324922999,0.000208392958603004,-6.94996090390143e-05,2.11514396430637,TRUE
"strong_aniso",30,0.443179743563185,0.232539511892018,0.431079280126759,3.87327784377003,-0.377936285342063,4.2512141291121,8.96807295922611,0.621919854252657,5.8783200332177,0.443179743563185,0.232539511892018,0.431079280126759,3.87327784377003,-0.377936285342063,4.2512141291121,8.96807295922611,0.621919854252657,"cGCV_best_global vs cGCV_default",0,0,0,0,TRUE
"strong_aniso",31,0.428362421261516,0.234365155355274,0.450991992188249,3.89589684817521,-1.7283249514183,5.6242217995935,13.7916047687342,0.814425141309505,5.79795980596724,0.429594188059129,0.235731337311946,0.451140996606366,3.87327870461235,-1.83144901726352,5.70472772187587,14.1862330642711,0.81804885823422,"cGCV_best_global vs cGCV_default",-0.001231766797613,-0.00136618195667201,-0.000149004418116994,0.105575344539715,TRUE
"strong_aniso",32,0.43449834418582,0.224707340611384,0.406383109726913,3.69963949215411,-0.385529018244122,4.08516851039823,8.22741556406801,0.789020552110271,5.44467627585597,0.434551850194847,0.224836221316978,0.406433690431743,3.87327727605338,-0.349544822575566,4.22282209862895,8.13081413568994,0.782765229300946,"cGCV_best_global vs cGCV_default",-5.35060090269823e-05,-0.000128880705593998,-5.05807048299944e-05,0.177327218258683,TRUE
"strong_aniso",33,0.404584564460347,0.21815908230789,0.45683719584385,3.87327402821237,-0.450138296236998,4.32341232444937,8.65727354996102,0.776385784177138,1.83641294204596,0.404584564460347,0.21815908230789,0.45683719584385,3.87327402821237,-0.450138296236998,4.32341232444937,8.65727354996102,0.776385784177138,"cGCV_best_global vs cGCV_default",0,0,0,0,TRUE
"strong_aniso",34,0.479736624112843,0.254489235417404,0.440393332688188,0.11220041169377,-0.948020095307596,1.06022050700137,18.8592824430256,1.14942757656825,2.140787331969,0.485587331550902,0.260012177913059,0.440833422441492,0.0548167446412298,-1.10152973790479,1.15634648254602,19.9879655990851,1.17008674262301,"cGCV_best_global vs cGCV_default",-0.00585070743805899,-0.00552294249565499,-0.000440089753304007,0.16388439710575,TRUE
"strong_aniso",35,0.527737423036654,0.273249106895199,0.389636589670076,0.826778112938402,-1.07733863455228,1.90411674749068,14.1924914064318,0.991511416380661,2.08454830233331,0.527737423036654,0.273249106895199,0.389636589670076,0.826778112938402,-1.07733863455228,1.90411674749068,14.1924914064318,0.991511416380661,"cGCV_best_global vs cGCV_default",0,0,0,0,TRUE
"strong_aniso",36,0.44367464592616,0.278706326509372,0.409260543880102,0.123183437825808,-2.80182080356503,2.92500424139084,21.8616562506851,1.53988877928469,3.90162129199168,0.43580928953242,0.270857357823104,0.409917293427908,0.42113329854985,-2.56227207987323,2.98340537842308,19.5069883206447,1.38473882196449,"cGCV_best_global vs cGCV_default",0.00786535639374003,0.007848968686268,-0.000656749547805979,0.382305781447059,TRUE
"strong_aniso",37,0.47962122867091,0.309738065184372,0.391725167999948,0.638383538920152,-0.771549926580241,1.40993346550039,13.006562972348,0.919496625101832,1.80808064181064,0.477257669992874,0.307439641726759,0.391780737113665,0.74280110936456,-0.693841587999406,1.43664269736397,12.347197399345,0.913201574479385,"cGCV_best_global vs cGCV_default",0.002363558678036,0.002298423457613,-5.55691137170133e-05,0.130159958906365,TRUE
"strong_aniso",38,0.429236243043917,0.236444178610646,0.416154943116011,1.19332418329392,-2.26530857348323,3.45863275677715,17.5769514036841,0.9657947287575,4.46097062498668,0.429236243043917,0.236444178610646,0.416154943116011,1.19332418329392,-2.26530857348323,3.45863275677715,17.5769514036841,0.9657947287575,"cGCV_best_global vs cGCV_default",0,0,0,0,TRUE
"strong_aniso",39,0.479706448193993,0.261063960763703,0.424331351792078,3.96829659584733,3.96830823743611,-1.16415887821687e-05,4.23690884830189,0.504331834986838,1.16064482204062,0.479706661878392,0.261064330953773,0.424335029067032,3.8732692162966,3.87327714815806,-7.93186145917854e-06,4.23801257779491,0.504303839752745,"cGCV_best_global vs cGCV_default",-2.13684399008596e-07,-3.70190070042575e-07,-3.67727495403924e-06,0.134391632156363,TRUE
"strong_aniso",4,0.476106417083622,0.250042829004398,0.447458959069885,1.17435540104891,2.33335810539323,-1.15900270434432,5.46532344559814,0.751696006089216,4.39657749811701,0.476314807398974,0.250410396135982,0.448382414253553,1.08423616212251,1.73331901591318,-0.649082853790672,6.03524851781967,0.77791455889749,"cGCV_best_global vs cGCV_default",-0.000208390315352025,-0.000367567131583979,-0.000923455183668043,0.606768807807983,TRUE
"strong_aniso",40,0.442196617850138,0.254205007117943,0.395141168859003,3.87327038006015,-0.341378630706484,4.21464901076663,7.30998971974168,0.424279488622293,5.37802154077853,0.442196617850138,0.254205007117943,0.395141168859003,3.87327038006015,-0.341378630706484,4.21464901076663,7.30998971974168,0.424279488622293,"cGCV_best_global vs cGCV_default",0,0,0,0,TRUE
"strong_aniso",41,0.439390683598749,0.281637842627631,0.426758739428676,0.00635308716135498,-1.2509028004367,1.25725588759806,18.4835762072658,1.30159066811993,8.00064343103793,0.437488731318284,0.279606134198656,0.426802267706535,0.0718613631285319,-1.23796280180511,1.30982416493364,18.0382632052666,1.29170224987112,"cGCV_best_global vs cGCV_default",0.00190195228046502,0.00203170842897499,-4.35282778590285e-05,0.0667740801866814,TRUE
"strong_aniso",42,0.409153386306964,0.212017801364094,0.472618030836097,3.69963931047943,-0.221347671532636,3.92098698201206,8.77832546630566,0.794572688730629,2.09295578560207,0.40992778055095,0.212685104602186,0.472802419749216,3.87326784157805,-0.111425753588635,3.98469359516668,8.52603367951104,0.78337072962794,"cGCV_best_global vs cGCV_default",-0.00077439424398601,-0.000667303238091999,-0.000184388913119005,0.205498649280116,TRUE
"strong_aniso",43,0.494226702436547,0.311336198621377,0.508650777120772,2.56587252142013,-1.18234457465241,3.74821709607254,9.4142638702842,0.574712084381707,3.26919017869753,0.494226702436547,0.311336198621377,0.508650777120772,2.56587252142013,-1.18234457465241,3.74821709607254,9.4142638702842,0.574712084381707,"cGCV_best_global vs cGCV_default",0,0,0,0,TRUE
"strong_aniso",44,0.471099627885513,0.248578795372969,0.511139300159681,3.96830223856088,3.96829822667323,4.01188765707728e-06,3.77592325969565,0.785449648953505,0.751937022148931,0.471099473029481,0.248578511231402,0.511144587396379,3.8732746218455,3.87327073196311,3.88988238707637e-06,3.7777933513938,0.785542389499277,"cGCV_best_global vs cGCV_default",1.54856031997497e-07,2.84141566997409e-07,-5.28723669801501e-06,0.134389258088164,TRUE
"strong_aniso",45,0.474009181638406,0.256050584175182,0.47387318721371,3.69964289745077,-0.607398559642196,4.30704145709297,9.10749304505244,0.751717006751931,3.14194237746274,0.473893916271159,0.25579693716095,0.473904470468928,3.87327321528763,-0.560489903383363,4.43376311867099,8.96614109133027,0.747893830677004,"cGCV_best_global vs cGCV_default",0.000115265367246986,0.000253647014232028,-3.12832552179509e-05,0.179855245417359,TRUE
"strong_aniso",46,0.455388093337207,0.246403829852548,0.406942011455934,-0.384941915736322,-0.639775758352848,0.254833842616526,20.120330270388,1.32122053157673,6.12331760942877,0.459904500960228,0.250557524490134,0.406998852990441,-0.517540022305809,-0.736893941344735,0.219353919038926,21.4344801411094,1.33841168259619,"cGCV_best_global vs cGCV_default",-0.00451640762302102,-0.00415369463758603,-5.68415345069684e-05,0.164359968768124,TRUE
"strong_aniso",47,0.485921111303423,0.272216114520104,0.445863252826844,3.69963845341181,0.824859696791574,2.87477875662024,5.00599105492945,0.642722695515199,1.31210299811149,0.485932907347508,0.272171627582792,0.445884413838084,3.87327100760984,0.860720480667633,3.01255052694221,4.9404623614193,0.643652413845767,"cGCV_best_global vs cGCV_default",-1.17960440849663e-05,4.4486937312016e-05,-2.11610112400007e-05,0.177297094441892,TRUE
"strong_aniso",48,0.512664815740643,0.298536855273741,0.482013333186275,-1.63515041373759,-0.3773128249429,-1.25783758879469,25.3291645393043,1.19851602596207,6.22452097225597,0.512664815740643,0.298536855273741,0.482013333186275,-1.63515041373759,-0.3773128249429,-1.25783758879469,25.3291645393043,1.19851602596207,"cGCV_best_global vs cGCV_default",0,0,0,0,TRUE
"strong_aniso",49,0.60378424556907,0.376997453894399,0.436731491591422,0.501927953255079,-2.78434936094574,3.28627731420082,19.8346496283277,1.05884205710181,3.81698517804813,0.591646799528033,0.366278410526564,0.436739966529492,0.636027655138067,-2.67557362617441,3.31160128131248,18.8995191515565,1.03385888574627,"cGCV_best_global vs cGCV_default",0.0121374460410369,0.010719043367835,-8.47493806999111e-06,0.172669888863545,TRUE
"strong_aniso",5,0.435910948989199,0.237017343313547,0.42652489091816,0.681952417973079,2.60544272016365,-1.92349030219057,5.40720264543336,0.559366719250236,1.43036508317903,0.4347850065945,0.235859415006046,0.42655964662945,0.759998532409571,2.62549694479823,-1.86549841238866,5.26467149263131,0.550907046547217,"cGCV_best_global vs cGCV_default",0.00112594239469904,0.001157928307501,-3.47557112900243e-05,0.0805814364747129,TRUE
"strong_aniso",50,0.511179398363556,0.303211702796621,0.44066925684882,3.69964101884005,-2.27738899358274,5.97703001242279,14.5271523191179,0.982083264735438,4.24609706034389,0.51040860051507,0.302652075140778,0.440700175555524,3.87327073934997,-2.25537568064244,6.12864641999241,14.4721240032982,0.98113421171153,"cGCV_best_global vs cGCV_default",0.000770797848485993,0.000559627655842998,-3.0918706703964e-05,0.175019615446271,TRUE
"strong_aniso",6,0.49077535211072,0.28724198693571,0.43535310089934,3.87327043468585,0.762574722874443,3.11069571181141,6.26780407999633,0.704660573940092,1.1514730893821,0.49077535211072,0.28724198693571,0.43535310089934,3.87327043468585,0.762574722874443,3.11069571181141,6.26780407999633,0.704660573940092,"cGCV_best_global vs cGCV_default",0,0,0,0,TRUE
"strong_aniso",7,0.434040925475167,0.232284962388201,0.499483931267054,3.69964756918694,-0.33718187902297,4.0368294482099,10.0318870869243,1.20447576204522,3.01266532748069,0.455081841632298,0.254848573902164,0.502161274878208,-0.399950085719189,0.0633612554603577,-0.463311341179547,16.8439499850119,1.22217964020867,"cGCV_best_global vs cGCV_default",-0.021040916157131,-0.022563611513963,-0.00267734361115407,4.11911832006481,TRUE
"strong_aniso",8,0.42581265509471,0.236686059167026,0.459243602927661,3.60073651750984,-0.62262228154467,4.2233587990545,8.82498607585454,0.763210108862951,5.69408079779897,0.424782569826345,0.23548975691596,0.459435898708452,3.87327871950749,-0.514519858818293,4.38779857832578,8.55670695771928,0.757637755748518,"cGCV_best_global vs cGCV_default",0.00103008526836501,0.00119630225106601,-0.000192295780790996,0.293198543088195,TRUE
"strong_aniso",9,0.41368535371297,0.222229408925253,0.457320155587384,3.87327965022372,1.63880589918236,2.23447375104137,4.56393611472907,0.659922270334777,3.54501403804996,0.41368535371297,0.222229408925253,0.457320155587384,3.87327965022372,1.63880589918236,2.23447375104137,4.56393611472907,0.659922270334777,"cGCV_best_global vs cGCV_default",0,0,0,0,TRUE
"smooth_smooth",1,0.161570398366721,0.0391181576937367,0.159794526023008,-1.1125,-1.275,0.1625,27.1869663154313,1.37140311132545,0.251557647468726,0.159496534089629,0.0384850459981696,0.160836930831158,-1,-1.5,0.5,27.6097389896578,1.36999337332409,"tt_nelder vs tt_grid_oracle",0.002073864277092,0.000633111695567103,-0.00104240480814999,0.251557647468726,TRUE
"smooth_smooth",10,0.144164034941113,0.0180073593568074,0.14948978183613,-1.11565246582032,-1.45166931152344,0.336016845703124,28.0361788343799,1.48985637673387,0.125344917323909,0.144797972057603,0.0189668420494839,0.149619278089144,-1,-1.5,0.5,27.4112829025214,1.50198968145988,"tt_nelder vs tt_grid_oracle",-0.000633937116490013,-0.000959482692676501,-0.000129496253014005,0.125344917323913,TRUE
"smooth_smooth",2,0.114757656929036,0.0174590247049835,0.156805172709193,-1.24559326171875,-1.35904541015625,0.113452148437502,29.1769824367438,1.14910653753209,0.283168230208959,0.110209362902318,0.0135155208974737,0.157691869807743,-1,-1.5,0.5,28.2082142354779,1.11846853340339,"tt_nelder vs tt_grid_oracle",0.004548294026718,0.0039435038075098,-0.000886697098549993,0.283168230208959,TRUE
"smooth_smooth",3,0.155846634475915,0.031417155094462,0.138505746195445,-1.44424438476563,-1.19254760742188,-0.251696777343751,28.5669690568697,1.15664438029965,0.200457650774552,0.15923347873078,0.0348833009936836,0.13879212443295,-1.5,-1,-0.5,27.4956027400304,1.13551292102353,"tt_nelder vs tt_grid_oracle",-0.00338684425486499,-0.0034661458992216,-0.000286378237504992,0.200457650774555,TRUE
"smooth_smooth",4,0.15724884249931,0.023174297654159,0.142665071433797,-1.69283644740527,-1.52063703914748,-0.172199408257795,35.7379154785268,1.57718716671706,0.193937574576617,0.155784284010921,0.0211028847873649,0.142907861120799,-1.5,-1.5,0,34.2650705282491,1.58086397020163,"tt_nelder vs tt_grid_oracle",0.001464558488389,0.0020714128667941,-0.000242789687002004,0.193937574576615,TRUE
"smooth_smooth",5,0.156921503664026,0.0188268669066605,0.167124256565471,-1.075,-1.3875,0.3125,25.2422388684838,1.21861509054806,0.135208172829899,0.156255281929852,0.0190868513018405,0.167247206563924,-1,-1.5,0.5,25.3653358400625,1.21815194816136,"tt_nelder vs tt_grid_oracle",0.000666221734173994,-0.000259984395179998,-0.000122949998452998,0.1352081728299,TRUE
"smooth_smooth",6,0.170680391689719,0.0301643115232752,0.145073363362567,-1.35,-1.35,0,29.7354702658401,1.10493861525857,0.212132034355964,0.173700225036726,0.0323440852790267,0.145410313891905,-1.5,-1.5,0,31.9931769346982,1.13916417235056,"tt_nelder vs tt_grid_oracle",-0.00301983334700701,-0.0021797737557515,-0.00033695052933802,0.212132034355964,TRUE
"smooth_smooth",7,0.159635105289022,0.0213926878738495,0.14590239446614,-1.55676299071159,-1.34929126120004,-0.207471729511553,33.812447102792,1.48008292733296,0.161043972458456,0.159690952663659,0.0223559054712467,0.145679593096435,-1.5,-1.5,0,34.7025416884559,1.50534533177561,"tt_nelder vs tt_grid_oracle",-5.58473746370136e-05,-0.0009632175973972,0.000222801369705011,0.161043972458452,TRUE
"smooth_smooth",8,0.140376102176382,0.0216328169705904,0.145921113036567,-1.39451293945313,-1.45599975585938,0.0614868164062523,28.3595452995298,1.34439181585904,0.1142958504376,0.140235832045184,0.021804190905618,0.146176945755118,-1.5,-1.5,0,29.4534358504278,1.35029647994097,"tt_nelder vs tt_grid_oracle",0.000140270131197995,-0.000171373935027599,-0.000255832718551008,0.114295850437595,TRUE
"smooth_smooth",9,0.151143080767874,0.0160370048621307,0.120161064268217,-1.22017347296902,-1.6293618042654,0.409188331296372,30.546374375255,1.40391340275624,0.255364121602937,0.153510335157066,0.0184041407699268,0.120646572959594,-1,-1.5,0.5,28.0453596997721,1.35990074626594,"tt_nelder vs tt_grid_oracle",-0.002367254389192,-0.0023671359077961,-0.000485508691376993,0.255364121602937,TRUE
"strong_aniso",1,0.475751856045764,0.24450543620804,0.307138423522262,4.67049865722656,-0.435217285156251,5.10571594238281,9.19564324179161,0.931584870683869,6.55851715935571,0.473220206840252,0.24234566210591,0.326499431852754,1,5,-4,6.06280080223451,0.67676171575005,"tt_nelder vs tt_grid_oracle",0.00253164920551197,0.00215977410213,-0.019361008330492,6.55851715935571,TRUE
"strong_aniso",10,0.518877373184713,0.281364805422158,0.406510124588779,1.23280050610958,-0.761708872856151,1.99450937896573,12.0524663516716,1.03547564234473,1.78185681866849,0.508532765602609,0.274700111498632,0.440813444828266,1.5,1,0.5,6.28428904524185,0.605801546046455,"tt_nelder vs tt_grid_oracle",0.0103446075821041,0.00666469392352603,-0.034303320239487,1.78185681866849,TRUE
"strong_aniso",2,0.596397346060733,0.401125542475431,0.475840990845635,4.84158416036628,-2.19968103018139,7.04126519054767,12.2604085968653,0.938779595953278,7.20142364498858,0.460365460934254,0.266162910454977,0.485995397764916,5,5,0,3.15412200835022,0.521128331466436,"tt_nelder vs tt_grid_oracle",0.136031885126479,0.134962632020454,-0.010154406919281,7.20142364498858,TRUE
"strong_aniso",3,0.391149896305584,0.229603844152612,0.460589780785221,5,5,0,3.09464863358832,0.366840415460046,0,0.391149896305584,0.229603844152612,0.460589780785221,5,5,0,3.09464863358832,0.366840415460046,"tt_nelder vs tt_grid_oracle",0,0,0,0,TRUE
"strong_aniso",4,0.478362772083754,0.249826017354716,0.438600139905592,5,4.5,0.5,1.68160861421354,2.01010016915981,0,0.478362772083754,0.249826017354716,0.438600139905592,5,4.5,0.5,1.68160861421354,2.01010016915981,"tt_nelder vs tt_grid_oracle",0,0,0,0,TRUE
"strong_aniso",5,0.441964746224181,0.243275323241908,0.427263996129892,0.234899143449926,3.28187118099779,-3.04697203754786,6.20242139754044,0.612810004940048,1.04932755675965,0.431521302280932,0.232576199092831,0.426903953752539,1,4,-3,4.76953716929655,0.5271174483678,"tt_nelder vs tt_grid_oracle",0.010443443943249,0.010699124149077,0.000360042377353043,1.04932755675964,TRUE
"strong_aniso",6,0.490775982820443,0.287244784989095,0.435343789381307,4.26059747815444,0.762574722874443,3.49802275528,6.2641224767109,0.704727319813132,0.776586667107879,0.488808476130138,0.28626653508062,0.435749245353429,5,1,4,5.84020552365527,0.704065914923415,"tt_nelder vs tt_grid_oracle",0.00196750669030499,0.000978249908475004,-0.000405455972121993,0.776586667107877,TRUE
"strong_aniso",7,0.433072763566612,0.233826227338744,0.500753754917591,5,-0.743554687500013,5.74355468750001,11.0792565661711,1.28465427990479,4.36348289194575,0.450242265263437,0.242286017623778,0.509742950630139,1,1,0,8.68240342932513,0.989749613138978,"tt_nelder vs tt_grid_oracle",-0.017169501696825,-0.00845979028503399,-0.00898919571254797,4.36348289194575,TRUE
"strong_aniso",8,0.430088937936583,0.241274206484413,0.459701237992726,4.26060659145823,-0.901847730769042,5.16245432222728,9.53616405621059,0.778591085296759,5.90670092701814,0.438849331633755,0.243979082748899,0.483089810249914,4.5,5,-0.5,4.40632328630612,0.685480295465418,"tt_nelder vs tt_grid_oracle",-0.00876039369717202,-0.00270487626448601,-0.023388572257188,5.90670092701814,TRUE
"strong_aniso",9,0.413774520695733,0.222298045084967,0.45712596356087,5,5,0,3.97300998687991,0.647975265805874,0,0.413774520695733,0.222298045084967,0.45712596356087,5,5,0,3.97300998687991,0.647975265805874,"tt_nelder vs tt_grid_oracle",0,0,0,0,TRUE
"smooth_smooth",1,0.163639928456991,0.0408153578030359,0.159992684994875,-1,-1,0,24.6038314311282,1.29075264019417,0.5,0.159496534089629,0.0384850459981696,0.160836930831158,-1,-1.5,0.5,27.6097389896578,1.36999337332409,"full_tp_gcv vs tt_grid_oracle",0.004143394367362,0.0023303118048663,-0.000844245836282981,0.5,TRUE
"smooth_smooth",10,0.144797972057603,0.0189668420494839,0.149619278089144,-1,-1.5,0.5,27.4112829025214,1.50198968145988,0,0.144797972057603,0.0189668420494839,0.149619278089144,-1,-1.5,0.5,27.4112829025214,1.50198968145988,"full_tp_gcv vs tt_grid_oracle",0,0,0,0,TRUE
"smooth_smooth",11,0.145728418390899,0.015224716349981,0.141567198082658,-1,-1.5,0.5,27.2114037492649,0.991616798582556,0,0.145728418390899,0.015224716349981,0.141567198082658,-1,-1.5,0.5,27.2114037492649,0.991616798582556,"full_tp_gcv vs tt_grid_oracle",0,0,0,0,TRUE
"smooth_smooth",12,0.151487809842032,0.0298889576724883,0.148485712680029,-1.5,-1,-0.5,23.7250295633263,0.966755597988449,0.707106781186548,0.156168566112582,0.0333465623995043,0.148330498671419,-2,-1.5,-0.5,30.3413518161553,1.03507684047009,"full_tp_gcv vs tt_grid_oracle",-0.00468075627055001,-0.003457604727016,0.000155214008609988,0.707106781186548,TRUE
"smooth_smooth",13,0.139073708283087,0.0193662157721572,0.127160733282656,-1.5,-1.5,0,33.3192005796509,1.28187814674272,0,0.139073708283087,0.0193662157721572,0.127160733282656,-1.5,-1.5,0,33.3192005796509,1.28187814674272,"full_tp_gcv vs tt_grid_oracle",0,0,0,0,TRUE
"smooth_smooth",14,0.147523699934962,0.032364967799054,0.14358787884587,-1,-4,3,32.0880265522771,0.881391145626838,2.54950975679639,0.151712579737484,0.0291244050467327,0.137265793564617,-1.5,-1.5,0,29.2323133659268,0.736492145446837,"full_tp_gcv vs tt_grid_oracle",-0.004188879802522,0.0032405627523213,0.006322085281253,2.54950975679639,TRUE
"smooth_smooth",15,0.156652750006651,0.0327281703322465,0.150217690449895,-1.5,-1.5,0,32.009820349128,0.858168099017801,0,0.156652750006651,0.0327281703322465,0.150217690449895,-1.5,-1.5,0,32.009820349128,0.858168099017801,"full_tp_gcv vs tt_grid_oracle",0,0,0,0,TRUE
"smooth_smooth",16,0.163265461903463,0.0262292735872634,0.13994399201729,-1.5,-1,-0.5,27.7426560649239,1.19636005360468,0.5,0.158713096439937,0.0241560045593004,0.139899943232999,-1.5,-1.5,0,31.2614080349224,1.27072554356061,"full_tp_gcv vs tt_grid_oracle",0.004552365463526,0.002073269027963,4.40487842909842e-05,0.5,TRUE
"smooth_smooth",17,0.151110582585315,0.0281424182138497,0.155432015988515,-1,-2.5,1.5,32.6776559100989,1.83179909206766,0,0.151110582585315,0.0281424182138497,0.155432015988515,-1,-2.5,1.5,32.6776559100989,1.83179909206766,"full_tp_gcv vs tt_grid_oracle",0,0,0,0,TRUE
"smooth_smooth",18,0.145986146338732,0.0243975397997693,0.146000944425556,-1,-1.5,0.5,29.4511515815763,1.34445281418818,0,0.145986146338732,0.0243975397997693,0.146000944425556,-1,-1.5,0.5,29.4511515815763,1.34445281418818,"full_tp_gcv vs tt_grid_oracle",0,0,0,0,TRUE
"smooth_smooth",19,0.134270570030583,0.0284197985936068,0.154817541485282,-1,-1,0,25.5357997442811,1.19416263060388,0,0.134270570030583,0.0284197985936068,0.154817541485282,-1,-1,0,25.5357997442811,1.19416263060388,"full_tp_gcv vs tt_grid_oracle",0,0,0,0,TRUE
"smooth_smooth",2,0.120590930755739,0.0225309664382943,0.157398693672757,-1.5,-1.5,0,32.1522577740691,1.24969376495357,0.5,0.110209362902318,0.0135155208974737,0.157691869807743,-1,-1.5,0.5,28.2082142354779,1.11846853340339,"full_tp_gcv vs tt_grid_oracle",0.010381567853421,0.0090154455408206,-0.000293176134986001,0.5,TRUE
"smooth_smooth",20,0.158594549109406,0.0337494242178796,0.162267149761444,-0.5,-4,3.5,31.4110908267885,1.35710892613675,2.54950975679639,0.153573210572928,0.0231638823052515,0.151605688475132,-1,-1.5,0.5,29.2333122584441,1.39083623978453,"full_tp_gcv vs tt_grid_oracle",0.00502133853647801,0.0105855419126281,0.010661461286312,2.54950975679639,TRUE
"smooth_smooth",21,0.13880702206049,0.0206864828727459,0.155253761383751,-2,-1.5,-0.5,34.692402585425,1.52013421757207,1.11803398874989,0.14473514293788,0.0262244662422742,0.14783747771519,-1,-1,0,24.4431499446873,1.25760320701841,"full_tp_gcv vs tt_grid_oracle",-0.00592812087739,-0.0055379833695283,0.00741628366856098,1.11803398874989,TRUE
"smooth_smooth",22,0.155350649179926,0.0275515429864594,0.113240722950753,-1.5,-2,0.5,33.6208430007536,1.25290193551696,0,0.155350649179926,0.0275515429864594,0.113240722950753,-1.5,-2,0.5,33.6208430007536,1.25290193551696,"full_tp_gcv vs tt_grid_oracle",0,0,0,0,TRUE
"smooth_smooth",23,0.160336479377148,0.0244118495629396,0.134361860104235,-1,-1.5,0.5,27.7837096056335,1.33428520455559,0.707106781186548,0.160297298938538,0.0258833867842565,0.134885394292893,-1.5,-2,0.5,35.3259496408584,1.39938687697587,"full_tp_gcv vs tt_grid_oracle",3.91804386100092e-05,-0.0014715372213169,-0.000523534188657998,0.707106781186548,TRUE
"smooth_smooth",24,0.164689449117521,0.020410365582937,0.146702590748977,-1,-1.5,0.5,26.5473349460986,1.25483602358959,0.5,0.167224252293068,0.0206595659518596,0.146424056439144,-1.5,-1.5,0,30.1828117810371,1.29611023579911,"full_tp_gcv vs tt_grid_oracle",-0.002534803175547,-0.000249200368922599,0.000278534309833017,0.5,TRUE
"smooth_smooth",25,0.151005019397417,0.0310296506628927,0.156259629805676,-1.5,-4.5,3,38.4498383738563,1.0703221388204,3.04138126514911,0.145811959018091,0.0251464597389115,0.14477843722233,-1,-1.5,0.5,25.8696867446284,0.974855144082169,"full_tp_gcv vs tt_grid_oracle",0.00519306037932601,0.0058831909239812,0.011481192583346,3.04138126514911,TRUE
"smooth_smooth",26,0.183414985103391,0.0317203275541475,0.115046936087406,-1.5,-1,-0.5,29.1229021953501,1.20252111845688,0.5,0.183592507618061,0.0288115601280769,0.115108422265624,-1.5,-1.5,0,33.1058893018087,1.30332959045661,"full_tp_gcv vs tt_grid_oracle",-0.000177522514670014,0.0029087674260706,-6.14861782179954e-05,0.5,TRUE
"smooth_smooth",27,0.141824175594005,0.0206098817772391,0.127778751764346,-1.5,-1.5,0,28.2334567281537,1.21553605800916,0.5,0.14262131964135,0.0242589030452089,0.128142596581721,-1.5,-2,0.5,31.7752861062905,1.35099211543073,"full_tp_gcv vs tt_grid_oracle",-0.000797144047344989,-0.0036490212679698,-0.000363844817375003,0.5,TRUE
"smooth_smooth",28,0.126687919531846,0.0157393255074555,0.138406856078586,-1.5,-1.5,0,32.3399763664052,1.26040284060767,0,0.126687919531846,0.0157393255074555,0.138406856078586,-1.5,-1.5,0,32.3399763664052,1.26040284060767,"full_tp_gcv vs tt_grid_oracle",0,0,0,0,TRUE
"smooth_smooth",29,0.142307788465298,0.0343774043157918,0.140557492883879,-2.5,-1.5,-1,34.6921406931028,1.86730167594521,0.5,0.13474580601979,0.0251511270665594,0.13994959161374,-2,-1.5,-0.5,32.2034642101735,1.782524654829,"full_tp_gcv vs tt_grid_oracle",0.00756198244550801,0.0092262772492324,0.000607901270139016,0.5,TRUE
"smooth_smooth",3,0.16975418036462,0.0408165323040581,0.153186169966552,-0.5,-5,4.5,28.949088319392,1.2673108692298,4.12310562561766,0.15923347873078,0.0348833009936836,0.13879212443295,-1.5,-1,-0.5,27.4956027400304,1.13551292102353,"full_tp_gcv vs tt_grid_oracle",0.01052070163384,0.0059332313103745,0.014394045533602,4.12310562561766,TRUE
"smooth_smooth",30,0.142269767725727,0.0321664722976533,0.165840763596358,-0.5,-4.5,4,26.880373105209,1.13039513689007,3.35410196624968,0.142826050038328,0.0290030672263317,0.144056891436353,-2,-1.5,-0.5,32.4053570802117,1.50730279192641,"full_tp_gcv vs tt_grid_oracle",-0.000556282312600992,0.0031634050713216,0.021783872160005,3.35410196624968,TRUE
"smooth_smooth",31,0.15591176393864,0.026482112351005,0.154047717996571,-0.5,-2.5,2,26.1687077841736,1.4526107731013,2.12132034355964,0.158103409202222,0.0295445024379487,0.136662143861935,-2,-1,-1,28.884362244967,1.3978475391866,"full_tp_gcv vs tt_grid_oracle",-0.00219164526358198,-0.0030623900869437,0.017385574134636,2.12132034355964,TRUE
"smooth_smooth",32,0.141492933747591,0.0238448921389296,0.151387590296888,-1,-1.5,0.5,25.8023117686039,1.33700616110825,0,0.141492933747591,0.0238448921389296,0.151387590296888,-1,-1.5,0.5,25.8023117686039,1.33700616110825,"full_tp_gcv vs tt_grid_oracle",0,0,0,0,TRUE
"smooth_smooth",33,0.172560487690606,0.0376931673391345,0.160559070773505,-0.5,-1.5,1,23.6914040880531,1.28403738041224,1,0.162737859772266,0.0311528726326772,0.15412224363869,-1.5,-1.5,0,30.7225689968975,1.39136653265939,"full_tp_gcv vs tt_grid_oracle",0.00982262791833999,0.0065402947064573,0.006436827134815,1,TRUE
"smooth_smooth",34,0.158908977240072,0.043943644085173,0.186648393556524,-2.5,-4,1.5,52.0665784466253,1.54218373577403,2.91547594742265,0.129948140542088,0.0237085463358497,0.161520193554738,-1,-1.5,0.5,28.6743679810057,1.19468948996647,"full_tp_gcv vs tt_grid_oracle",0.028960836697984,0.0202350977493233,0.025128200001786,2.91547594742265,TRUE
"smooth_smooth",35,0.150777500447421,0.0176335257707266,0.13676191909206,-1.5,-1.5,0,30.7289160643029,1.22512885465823,0,0.150777500447421,0.0176335257707266,0.13676191909206,-1.5,-1.5,0,30.7289160643029,1.22512885465823,"full_tp_gcv vs tt_grid_oracle",0,0,0,0,TRUE
"smooth_smooth",36,0.147979804956214,0.0272257108533341,0.143631479779671,-2.5,-1.5,-1,34.5495010753077,1.3610647811611,1.11803398874989,0.143670293785982,0.0237596584860362,0.138958449680284,-1.5,-2,0.5,31.253919446155,1.16806354373548,"full_tp_gcv vs tt_grid_oracle",0.00430951117023198,0.0034660523672979,0.00467303009938699,1.11803398874989,TRUE
"smooth_smooth",37,0.157022793075286,0.0300409959622178,0.174525732430351,-1.5,-4.5,3,40.1775547711086,1.84266196352392,3.04138126514911,0.143075854103811,0.0159562228435249,0.161318579797323,-1,-1.5,0.5,26.7679419025563,1.43953472869497,"full_tp_gcv vs tt_grid_oracle",0.013946938971475,0.0140847731186929,0.013207152633028,3.04138126514911,TRUE
"smooth_smooth",38,0.164724762638069,0.046547903928011,0.152149745795984,-0.5,-3,2.5,29.0214770381644,1.68540666098189,1.11803398874989,0.148314167623453,0.0295330274065462,0.144375181892495,-1,-2,1,30.9360339151774,1.74444347722049,"full_tp_gcv vs tt_grid_oracle",0.016410595014616,0.0170148765214648,0.00777456390348899,1.11803398874989,TRUE
"smooth_smooth",39,0.172543660688345,0.0518931010741651,0.120844310725873,-2.5,-4,1.5,46.143236139708,2.14922761893466,3.35410196624968,0.153680942026704,0.0303271976022157,0.106010713737029,-1,-1,0,21.883953801598,1.58531734547028,"full_tp_gcv vs tt_grid_oracle",0.018862718661641,0.0215659034719494,0.014833596988844,3.35410196624968,TRUE
"smooth_smooth",4,0.155784284010921,0.0211028847873649,0.142907861120799,-1.5,-1.5,0,34.2650705282491,1.58086397020163,0,0.155784284010921,0.0211028847873649,0.142907861120799,-1.5,-1.5,0,34.2650705282491,1.58086397020163,"full_tp_gcv vs tt_grid_oracle",0,0,0,0,TRUE
"smooth_smooth",40,0.214852498458941,0.0803898208846315,0.173158923174115,0,-3,3,22.9940618239782,1.11484911277488,1.80277563773199,0.151992695560947,0.0263796982703549,0.140447272180459,-1,-1.5,0.5,26.9274960465667,1.18618604300031,"full_tp_gcv vs tt_grid_oracle",0.062859802897994,0.0540101226142766,0.032711650993656,1.80277563773199,TRUE
"smooth_smooth",41,0.144954803242273,0.0320849471513633,0.175732706086463,-1.5,-3,1.5,41.3432215305254,1.41106130169585,1.58113883008419,0.140872251043452,0.022267597869576,0.167799671036829,-1,-1.5,0.5,29.1158935330443,0.994043985987676,"full_tp_gcv vs tt_grid_oracle",0.004082552198821,0.0098173492817873,0.007933035049634,1.58113883008419,TRUE
"smooth_smooth",42,0.286818461661908,0.171279381263183,0.170829032278649,-3,-3.5,0.5,52.8030638606465,1.36824147445098,2.5,0.198012203674585,0.0731898714407098,0.149750246481469,-1.5,-1.5,0,29.4910434348211,1.17211141327532,"full_tp_gcv vs tt_grid_oracle",0.088806257987323,0.0980895098224732,0.02107878579718,2.5,TRUE
"smooth_smooth",43,0.142786220931266,0.0237615574267121,0.128257568604293,-1.5,-1.5,0,31.3530691444519,1.33742288309926,0,0.142786220931266,0.0237615574267121,0.128257568604293,-1.5,-1.5,0,31.3530691444519,1.33742288309926,"full_tp_gcv vs tt_grid_oracle",0,0,0,0,TRUE
"smooth_smooth",44,0.171056184311675,0.0486594648774222,0.149745310490128,-0.5,-1.5,1,21.4797156614873,0.737661714161701,0.5,0.156533588008741,0.0352691190472487,0.145336733965778,-1,-1.5,0.5,25.094944425176,0.814073173946605,"full_tp_gcv vs tt_grid_oracle",0.014522596302934,0.0133903458301735,0.00440857652434998,0.5,TRUE
"smooth_smooth",45,0.134894147414581,0.0271209099990963,0.116237135830221,-1,-1.5,0.5,28.0614857760667,1.15564306280448,0,0.134894147414581,0.0271209099990963,0.116237135830221,-1,-1.5,0.5,28.0614857760667,1.15564306280448,"full_tp_gcv vs tt_grid_oracle",0,0,0,0,TRUE
"smooth_smooth",46,0.134229857934736,0.0283219144579889,0.140995484344173,-1,-1.5,0.5,24.9941572715225,0.953234170200304,0.5,0.135516454880343,0.0299674590682718,0.141286187433516,-1.5,-1.5,0,28.7601408546091,1.04407094303858,"full_tp_gcv vs tt_grid_oracle",-0.00128659694560701,-0.0016455446102829,-0.000290703089343008,0.5,TRUE
"smooth_smooth",47,0.156409642569845,0.0273673674921797,0.152679580583303,-0.5,-3,2.5,28.0240792334843,1.00938014190721,1.80277563773199,0.137890303192647,0.0118465586416221,0.142122257050707,-1.5,-1.5,0,29.8626043549051,0.872609020617459,"full_tp_gcv vs tt_grid_oracle",0.018519339377198,0.0155208088505576,0.010557323532596,1.80277563773199,TRUE
"smooth_smooth",48,0.157551041583757,0.0677072231398914,0.185336442895424,0,-5,5,25.29801611417,1.28071542250364,3.64005494464026,0.122504803364259,0.0244702743088695,0.146298252342247,-1,-1.5,0.5,27.5739242163305,1.10333759803857,"full_tp_gcv vs tt_grid_oracle",0.035046238219498,0.0432369488310219,0.039038190553177,3.64005494464026,TRUE
"smooth_smooth",49,0.140965286804412,0.0280502521286027,0.121928723459476,-1,-1.5,0.5,24.5488639910454,1.18720982893617,0,0.140965286804412,0.0280502521286027,0.121928723459476,-1,-1.5,0.5,24.5488639910454,1.18720982893617,"full_tp_gcv vs tt_grid_oracle",0,0,0,0,TRUE
"smooth_smooth",5,0.155420274671925,0.0174821133356537,0.16881368750317,-1.5,-1.5,0,29.0498395836566,1.29179570083309,0.5,0.156255281929852,0.0190868513018405,0.167247206563924,-1,-1.5,0.5,25.3653358400625,1.21815194816136,"full_tp_gcv vs tt_grid_oracle",-0.000835007257926984,-0.0016047379661868,0.001566480939246,0.5,TRUE
"smooth_smooth",50,0.160725153046785,0.0445136747081475,0.134876033058014,-1,-1.5,0.5,28.4358241597251,1.56404306774062,0.5,0.15949570720475,0.0462254372003514,0.134653008999083,-1.5,-1.5,0,31.8507091612226,1.55058162047985,"full_tp_gcv vs tt_grid_oracle",0.00122944584203499,-0.0017117624922039,0.000223024058930987,0.5,TRUE
"smooth_smooth",6,0.173700225036726,0.0323440852790267,0.145410313891905,-1.5,-1.5,0,31.9931769346982,1.13916417235056,0,0.173700225036726,0.0323440852790267,0.145410313891905,-1.5,-1.5,0,31.9931769346982,1.13916417235056,"full_tp_gcv vs tt_grid_oracle",0,0,0,0,TRUE
"smooth_smooth",7,0.159690952663659,0.0223559054712467,0.145679593096435,-1.5,-1.5,0,34.7025416884559,1.50534533177561,0,0.159690952663659,0.0223559054712467,0.145679593096435,-1.5,-1.5,0,34.7025416884559,1.50534533177561,"full_tp_gcv vs tt_grid_oracle",0,0,0,0,TRUE
"smooth_smooth",8,0.140235832045184,0.021804190905618,0.146176945755118,-1.5,-1.5,0,29.4534358504278,1.35029647994097,0,0.140235832045184,0.021804190905618,0.146176945755118,-1.5,-1.5,0,29.4534358504278,1.35029647994097,"full_tp_gcv vs tt_grid_oracle",0,0,0,0,TRUE
"smooth_smooth",9,0.169891002841842,0.0335599266003653,0.130262006354794,-0.5,-1,0.5,21.7358904636426,1.24923828358857,0.707106781186548,0.153510335157066,0.0184041407699268,0.120646572959594,-1,-1.5,0.5,28.0453596997721,1.35990074626594,"full_tp_gcv vs tt_grid_oracle",0.016380667684776,0.0151557858304385,0.00961543339520002,0.707106781186548,TRUE
"strong_aniso",1,0.47003191816891,0.239148296259987,0.324268855395989,1.5,1,0.5,7.0070662078124,0.756701335713671,4.03112887414927,0.473220206840252,0.24234566210591,0.326499431852754,1,5,-4,6.06280080223451,0.67676171575005,"full_tp_gcv vs tt_grid_oracle",-0.00318828867134202,-0.00319736584592301,-0.002230576456765,4.03112887414927,TRUE
"strong_aniso",10,0.507331591884407,0.272896532563745,0.440538536012002,2,1,1,5.61763564913432,0.596572765100027,0.5,0.508532765602609,0.274700111498632,0.440813444828266,1.5,1,0.5,6.28428904524185,0.605801546046455,"full_tp_gcv vs tt_grid_oracle",-0.00120117371820194,-0.00180357893488697,-0.000274908816264019,0.5,TRUE
"strong_aniso",11,0.387264785871372,0.216471354877719,0.462921366976424,1.5,1,0.5,6.35947597505282,0.654357881287002,0,0.387264785871372,0.216471354877719,0.462921366976424,1.5,1,0.5,6.35947597505282,0.654357881287002,"full_tp_gcv vs tt_grid_oracle",0,0,0,0,TRUE
"strong_aniso",12,0.472234715795539,0.258091989383127,0.455766422584886,4,5,-1,5.21480635608989,0.55954817474257,1,0.47182725269762,0.257459838272739,0.454697613658899,5,5,0,4.97648827921866,0.551477247309238,"full_tp_gcv vs tt_grid_oracle",0.000407463097919003,0.000632151110388002,0.00106880892598699,1,TRUE
"strong_aniso",13,0.395043863309696,0.208347660429848,0.462753884073909,5,1,4,6.02801648642365,0.796036949745619,3,0.395920753165369,0.208773181712938,0.472348853238501,5,4,1,6.70774617694375,3.94358549214552,"full_tp_gcv vs tt_grid_oracle",-0.000876889855673024,-0.00042552128308998,-0.00959496916459202,3,TRUE
"strong_aniso",14,0.471739012371784,0.258388420650767,0.518795921883894,1,1,0,6.98388708467298,0.589190850271618,5.31507290636732,0.470796997827093,0.256337151100275,0.531872553353151,5,4.5,0.5,5.34818110660539,6.89879511556883,"full_tp_gcv vs tt_grid_oracle",0.000942014544691006,0.00205126955049201,-0.013076631469257,5.31507290636732,TRUE
"strong_aniso",15,0.44248892778063,0.235898050962732,0.454470558057346,2,1,1,6.14781212285006,0.536526160251012,0,0.44248892778063,0.235898050962732,0.454470558057346,2,1,1,6.14781212285006,0.536526160251012,"full_tp_gcv vs tt_grid_oracle",0,0,0,0,TRUE
"strong_aniso",16,0.478786188886412,0.25779581508245,0.41060042013869,2,5,-3,3.90262003583791,0.618606110788738,5,0.476819201118681,0.255487386055005,0.41002701468446,5,1,4,4.49027722885222,0.615379836654691,"full_tp_gcv vs tt_grid_oracle",0.00196698776773102,0.00230842902744499,0.000573405454230014,5,TRUE
"strong_aniso",17,0.443984226889138,0.255053200395311,0.489411869806144,4,4,0,7.14372073994872,3.16495208466614,1.80277563773199,0.443873956232117,0.254947068006534,0.474662464879398,2.5,3,-0.5,4.21333196623147,0.747638215954993,"full_tp_gcv vs tt_grid_oracle",0.000110270657021017,0.000106132388776992,0.014749404926746,1.80277563773199,TRUE
"strong_aniso",18,0.431871161419434,0.216467900040675,0.347925034022665,1.5,1,0.5,5.92987616658761,0.552995464518505,0.5,0.432709332389155,0.216698457655581,0.347956976440438,2,1,1,5.43908596096476,0.545751457251818,"full_tp_gcv vs tt_grid_oracle",-0.000838170969720997,-0.00023055761490598,-3.19424177729899e-05,0.5,TRUE
"strong_aniso",19,0.466062758865523,0.271542511734776,0.463230569625915,1,3.5,-2.5,6.24820109891032,0.917935252148931,1.4142135623731,0.466968908495949,0.271591878354048,Inf,2,4.5,-2.5,277.302671424418,272.364687056782,"full_tp_gcv vs tt_grid_oracle",-0.000906149630426012,-4.93666192720177e-05,-Inf,1.4142135623731,FALSE
"strong_aniso",2,0.460355095204381,0.266154853889137,0.486002299277082,4,4.5,-0.5,3.15691536563413,0.521288002209581,1.11803398874989,0.460365460934254,0.266162910454977,0.485995397764916,5,5,0,3.15412200835022,0.521128331466436,"full_tp_gcv vs tt_grid_oracle",-1.03657298730075e-05,-8.0565658399645e-06,6.9015121659799e-06,1.11803398874989,TRUE
"strong_aniso",20,0.505495297009831,0.226473591887967,0.494911403298176,1.5,1,0.5,4.9536339194227,0.563238615178887,0.5,0.505526134015077,0.227041353518008,0.493807001665363,1,1,0,5.83490992385998,0.588204840564258,"full_tp_gcv vs tt_grid_oracle",-3.08370052459761e-05,-0.000567761630040992,0.001104401632813,0.5,TRUE
"strong_aniso",21,0.43664683811759,0.218629807630079,0.485838901731431,1,1,0,7.18708416490664,0.580698629134965,2.5,0.441117247791118,0.224405477896602,0.485952984156018,1,3.5,-2.5,4.95400080690178,0.564681194844715,"full_tp_gcv vs tt_grid_oracle",-0.00447040967352802,-0.00577567026652301,-0.000114082424586992,2.5,TRUE
"strong_aniso",22,0.401510873659382,0.217561472160541,0.423269577464035,2,1,1,6.14708715721566,0.709422268431817,3.90512483795333,0.401304305427065,0.216411539801642,0.417250629101335,4.5,4,0.5,1.79507262505056,3.78736620223049,"full_tp_gcv vs tt_grid_oracle",0.000206568232316962,0.00114993235889901,0.0060189483627,3.90512483795333,TRUE
"strong_aniso",23,0.451558339795211,0.248349364110719,0.406356892401032,1.5,1,0.5,4.37107989248924,0.471127244491931,0.5,0.455930088619523,0.249996797141591,0.40516839094104,1,1,0,5.04478438797519,0.473022125369049,"full_tp_gcv vs tt_grid_oracle",-0.00437174882431202,-0.001647433030872,0.001188501459992,0.5,TRUE
"strong_aniso",24,0.490049617587928,0.245822655771641,0.40276629453784,1,3.5,-2.5,1.27047359846397,6.22397096427636,3.64005494464026,0.487147192901238,0.24669835356299,0.454267057026179,4.5,4.5,0,10.5340980066064,6.20023001381483,"full_tp_gcv vs tt_grid_oracle",0.00290242468669,-0.000875697791348995,-0.051500762488339,3.64005494464026,TRUE
"strong_aniso",25,0.462888112366083,0.255424637914552,0.54100677524199,5,5,0,3.53185073928031,0.548439238659478,1.5,0.462907104491936,0.255437983557952,0.541026121461363,3.5,5,-1.5,3.54113714225339,0.548066148811339,"full_tp_gcv vs tt_grid_oracle",-1.89921258529901e-05,-1.33456433999979e-05,-1.93462193729399e-05,1.5,TRUE
"strong_aniso",26,0.45699914491546,0.245478764270202,0.40584357125483,3.5,5,-1.5,3.09201735868014,0.612146824966629,1.5,0.456775451637609,0.245758720457779,0.405434608627167,5,5,0,2.9822124042795,0.595691738181418,"full_tp_gcv vs tt_grid_oracle",0.000223693277850989,-0.000279956187577007,0.00040896262766299,1.5,TRUE
"strong_aniso",27,0.456941325863543,0.245501259597903,0.470676735949296,1,1.5,-0.5,6.28057054941525,0.747132731785519,3.53553390593274,0.45303859690941,0.243314866658886,0.502667234269153,1.5,5,-3.5,9.89919875733068,5.69427611782854,"full_tp_gcv vs tt_grid_oracle",0.00390272895413302,0.00218639293901701,-0.0319904983198571,3.53553390593274,TRUE
"strong_aniso",28,0.407295167141232,0.229538680649946,0.459648692309984,5,1,4,6.9186157512395,1.09631077573986,4,0.408342980102972,0.230780218853795,0.461140022873809,1,1,0,8.25389569259412,1.15777640133878,"full_tp_gcv vs tt_grid_oracle",-0.00104781296174,-0.00124153820384898,-0.001491330563825,4,TRUE
"strong_aniso",29,0.44840572920415,0.237972447824365,0.408572421251508,5,1,4,6.14855204448487,1.09799250097979,0,0.44840572920415,0.237972447824365,0.408572421251508,5,1,4,6.14855204448487,1.09799250097979,"full_tp_gcv vs tt_grid_oracle",0,0,0,0,TRUE
"strong_aniso",3,0.393043129452658,0.231770683539566,0.461135312829585,3.5,4,-0.5,3.24660014314897,0.383147602138975,1.80277563773199,0.391149896305584,0.229603844152612,0.460589780785221,5,5,0,3.09464863358832,0.366840415460046,"full_tp_gcv vs tt_grid_oracle",0.00189323314707401,0.002166839386954,0.000545532044363972,1.80277563773199,TRUE
"strong_aniso",30,0.440454926293128,0.22905499779344,0.437953124252396,4,1,3,5.88346981370355,0.557910320273232,4.7169905660283,0.438109719442263,0.227027092714939,Inf,1.5,5,-3.5,-19.2622203095768,23.6711044670477,"full_tp_gcv vs tt_grid_oracle",0.00234520685086498,0.00202790507850098,-Inf,4.7169905660283,FALSE
"strong_aniso",31,0.436168928186881,0.235815925837001,0.450317260854859,4.5,4.5,0,3.21935179524361,0.574513653346444,1.58113883008419,0.436173838755535,0.235842678921267,0.448620238088446,3,4,-1,2.87394767453809,0.648584416054159,"full_tp_gcv vs tt_grid_oracle",-4.91056865398187e-06,-2.67530842660013e-05,0.00169702276641304,1.58113883008419,TRUE
"strong_aniso",32,0.447361904943644,0.238347565435956,0.416950834601237,1,1,0,7.15668670778923,0.515030910527664,5.31507290636732,0.446921057091495,0.239798749527174,0.416508039324063,4.5,5,-0.5,4.06373064448836,0.506511283523101,"full_tp_gcv vs tt_grid_oracle",0.000440847852148984,-0.001451184091218,0.000442795277174002,5.31507290636732,TRUE
"strong_aniso",33,0.406250150537934,0.219892240850723,0.460801618916562,4.5,4,0.5,3.46054841752633,0.437331735281381,3.04138126514911,0.404103987352693,0.219171520579213,0.461693898091452,5,1,4,4.90401721470798,0.593770370837679,"full_tp_gcv vs tt_grid_oracle",0.00214616318524102,0.000720720271510017,-0.000892279174889987,3.04138126514911,TRUE
"strong_aniso",34,0.4694275547374,0.239714848013531,0.471165783759076,1,1,0,7.5437647966766,0.798450364982409,0,0.4694275547374,0.239714848013531,0.471165783759076,1,1,0,7.5437647966766,0.798450364982409,"full_tp_gcv vs tt_grid_oracle",0,0,0,0,TRUE
"strong_aniso",35,0.496413606288569,0.259389446476237,0.425018620769272,1,1,0,6.88083175066777,0.754738683946013,0,0.496413606288569,0.259389446476237,0.425018620769272,1,1,0,6.88083175066777,0.754738683946013,"full_tp_gcv vs tt_grid_oracle",0,0,0,0,TRUE
"strong_aniso",36,0.424306729696138,0.260721154408773,0.453242603381517,1,1,0,6.20166727522535,0.69502050342882,0,0.424306729696138,0.260721154408773,0.453242603381517,1,1,0,6.20166727522535,0.69502050342882,"full_tp_gcv vs tt_grid_oracle",0,0,0,0,TRUE
"strong_aniso",37,0.462011507916606,0.29212789476903,0.42153342257304,1,1,0,7.30080466906626,0.86775129388853,0,0.462011507916606,0.29212789476903,0.42153342257304,1,1,0,7.30080466906626,0.86775129388853,"full_tp_gcv vs tt_grid_oracle",0,0,0,0,TRUE
"strong_aniso",38,0.410849748523568,0.22993014050012,0.435933098438167,1.5,1.5,0,5.30394038389821,0.465260555423014,1.11803398874989,0.411185852166801,0.229626258441629,0.437126157953538,2.5,2,0.5,4.30906308733524,0.444117672599319,"full_tp_gcv vs tt_grid_oracle",-0.000336103643232999,0.000303882058490995,-0.00119305951537096,1.11803398874989,TRUE
"strong_aniso",39,0.479706386611721,0.261063854258338,0.424330302372065,4,4,0,4.23659325509285,0.504343594076793,1.11803398874989,0.478806013845752,0.259523766203238,0.416401486359126,4.5,5,-0.5,2.35024934042815,1.74719083186953,"full_tp_gcv vs tt_grid_oracle",0.000900372765968993,0.00154008805509998,0.00792881601293899,1.11803398874989,TRUE
"strong_aniso",4,0.476376042380954,0.249426966892402,0.447270788450065,1.5,5,-3.5,4.7687836257407,0.683246218288406,3.53553390593274,0.478362772083754,0.249826017354716,0.438600139905592,5,4.5,0.5,1.68160861421354,2.01010016915981,"full_tp_gcv vs tt_grid_oracle",-0.00198672970280001,-0.000399050462313977,0.00867064854447303,3.53553390593274,TRUE
"strong_aniso",40,0.454334823416718,0.268261226574121,0.405692849020607,4,1,3,4.39780860448853,0.449910457902999,4.03112887414927,0.45663790121195,0.270896338027957,0.40935403981974,4.5,5,-0.5,3.63112150564289,0.841362512296442,"full_tp_gcv vs tt_grid_oracle",-0.00230307779523203,-0.00263511145383599,-0.00366119079913302,4.03112887414927,TRUE
"strong_aniso",41,0.388825572407856,0.233394807182645,0.431119047909017,1,1,0,6.63175409112796,0.616370911911728,5.65685424949238,0.38123365041989,0.22809648934425,0.430519915952125,5,5,0,3.37960056650609,0.363980872742005,"full_tp_gcv vs tt_grid_oracle",0.00759192198796599,0.00529831783839499,0.000599131956891985,5.65685424949238,TRUE
"strong_aniso",42,0.42206992395338,0.223595433375139,0.47981349232581,5,1.5,3.5,5.92091123352084,0.753218020950759,3.04138126514911,0.419864802527476,0.221398666071254,0.478900199845744,2,1,1,6.79542489769406,0.749778597276637,"full_tp_gcv vs tt_grid_oracle",0.00220512142590401,0.00219676730388502,0.000913292480065997,3.04138126514911,TRUE
"strong_aniso",43,0.475911551865458,0.283662682796803,0.546129771614954,5,5,0,5.3703898334067,1.53767453721252,4,0.476602021373474,0.284315868376772,0.534211775055354,5,1,4,4.60240813508201,0.397265155593335,"full_tp_gcv vs tt_grid_oracle",-0.00069046950801599,-0.000653185579968962,0.0119179965596,4,TRUE
"strong_aniso",44,0.471099666584615,0.248578872475204,0.511141925347696,4,4,0,3.77618158299184,0.785385625173072,0.707106781186548,0.470767650472461,0.24815227540246,0.496297552210899,4.5,4.5,0,0.859214978521512,2.66269637085307,"full_tp_gcv vs tt_grid_oracle",0.000332016112153999,0.000426597072744006,0.014844373136797,0.707106781186548,TRUE
"strong_aniso",45,0.487966515962266,0.267677482135634,0.484825045444448,4.5,2.5,2,4.54977565017891,0.636225016631387,3.80788655293195,0.486237907908077,0.266092240853519,0.486121741335787,1,1,0,7.2552838930487,0.697540249677762,"full_tp_gcv vs tt_grid_oracle",0.00172860805418895,0.00158524128211501,-0.00129669589133902,3.80788655293195,TRUE
"strong_aniso",46,0.436535358948263,0.231008067064495,0.426423641539063,1,5,-4,6.10411379302026,1.03267159660916,1,0.437007117490249,0.232205401429523,0.429401223970331,2,5,-3,5.44986526243755,1.26999814459123,"full_tp_gcv vs tt_grid_oracle",-0.000471758541986,-0.001197334365028,-0.002977582431268,1,TRUE
"strong_aniso",47,0.48590819356246,0.271939082982935,0.446077687473291,5,1,4,4.70388919546797,0.64860990411661,0,0.48590819356246,0.271939082982935,0.446077687473291,5,1,4,4.70388919546797,0.64860990411661,"full_tp_gcv vs tt_grid_oracle",0,0,0,0,TRUE
"strong_aniso",48,0.478853501965117,0.255384646695956,0.492062533058444,2,5,-3,4.84708140179656,0.578113361451618,0.5,0.478439399576264,0.255594886198738,0.491866420343404,1.5,5,-3.5,5.26710112187467,0.589055354505297,"full_tp_gcv vs tt_grid_oracle",0.000414102388852977,-0.000210239502781984,0.000196112715039998,0.5,TRUE
"strong_aniso",49,0.530382649590076,0.298713221355776,0.489741583549729,1,3.5,-2.5,4.99416573086976,0.653448075969036,2.5,0.522710709621824,0.292785209876125,0.490733100164808,1,1,0,6.87736049772035,0.639869423082099,"full_tp_gcv vs tt_grid_oracle",0.007671939968252,0.005928011479651,-0.000991516615078958,2.5,TRUE
"strong_aniso",5,0.427282286576785,0.228074835887747,0.429160461306903,1.5,5,-3.5,4.21211668177084,0.516717320752153,1.11803398874989,0.431521302280932,0.232576199092831,0.426903953752539,1,4,-3,4.76953716929655,0.5271174483678,"full_tp_gcv vs tt_grid_oracle",-0.00423901570414698,-0.00450136320508401,0.00225650755436402,1.11803398874989,TRUE
"strong_aniso",50,0.488012467669361,0.289510083724733,0.470831461089723,5,1,4,5.84739345130451,0.775717652552427,4,0.489731310216942,0.290979887553496,0.472595598182586,1,1,0,7.1618984823125,0.79303772592914,"full_tp_gcv vs tt_grid_oracle",-0.00171884254758098,-0.00146980382876299,-0.00176413709286299,4,TRUE
"strong_aniso",6,0.488805610358388,0.286253869418544,0.435784715727284,3.5,1,2.5,5.8545994261041,0.703815476005276,1.5,0.488808476130138,0.28626653508062,0.435749245353429,5,1,4,5.84020552365527,0.704065914923415,"full_tp_gcv vs tt_grid_oracle",-2.86577175001579e-06,-1.26656620759724e-05,3.54703738549844e-05,1.5,TRUE
"strong_aniso",7,0.452471067676034,0.241866981892863,0.508195487152025,5,3.5,1.5,5.59285261870044,0.85169811959384,4.7169905660283,0.450242265263437,0.242286017623778,0.509742950630139,1,1,0,8.68240342932513,0.989749613138978,"full_tp_gcv vs tt_grid_oracle",0.00222880241259699,-0.000419035730915007,-0.00154746347811396,4.7169905660283,TRUE
"strong_aniso",8,0.437175032889437,0.244125475124767,0.477997672270876,3.5,1,2.5,5.52575770727692,0.616428190593554,4.12310562561766,0.438849331633755,0.243979082748899,0.483089810249914,4.5,5,-0.5,4.40632328630612,0.685480295465418,"full_tp_gcv vs tt_grid_oracle",-0.00167429874431801,0.000146392375867999,-0.00509213797903801,4.12310562561766,TRUE
"strong_aniso",9,0.413735016640976,0.222340422424346,0.457274558063011,5,1.5,3.5,4.68652019075776,0.659341201425525,3.5,0.413774520695733,0.222298045084967,0.45712596356087,5,5,0,3.97300998687991,0.647975265805874,"full_tp_gcv vs tt_grid_oracle",-3.95040547570003e-05,4.23773393790072e-05,0.000148594502140997,3.5,TRUE
