"mode","scenario","rep","seed","method","rank","log10_l1","log10_l2","lambda1","lambda2","log_ratio","global_gcv","gdf","gdf_se","rss","test_mse","ise","dist_to_oracle","in_flat_1pct","oracle_on_edge","oracle_widened","flat_frac","converged","n_sweeps","elapsed_sec","cgcv_start"
"FULL","smooth_smooth",1,20260829,"tt_grid_oracle",8,-1,-1.5,0.1,0.0316227766016838,0.5,0.160836930831158,27.6097389896578,1.36999337332409,23.8990829077856,0.159496534089629,0.0384850459981696,0,TRUE,FALSE,TRUE,0.0493827160493827,TRUE,3,2.581,NA
"FULL","smooth_smooth",1,20260829,"full_tp_gcv",8,-1,-1,0.1,0.1,0,0.159992684994875,24.6038314311282,1.29075264019417,24.6099275715555,0.163639928456991,0.0408153578030359,0.5,TRUE,FALSE,TRUE,0.0493827160493827,TRUE,3,NA,NA
"FULL","smooth_smooth",1,20260829,"cGCV_default",8,-1.11941948508999,-1.13914561046684,0.0759592232265871,0.0725862549081034,0.0197261253768444,0.15961220947439,26.3857045694005,1.35250552994139,24.055095100355,0.162917047686095,0.0398863990557732,0.380101175826267,TRUE,FALSE,TRUE,0.0493827160493827,TRUE,3,0.201,"central"
"FULL","smooth_smooth",1,20260829,"cGCV_best_global",8,-1.11941948508999,-1.13914561046684,0.0759592232265871,0.0725862549081034,0.0197261253768444,0.15961220947439,26.3857045694005,1.35250552994139,24.055095100355,0.162917047686095,0.0398863990557732,0.380101175826267,TRUE,FALSE,TRUE,0.0493827160493827,TRUE,3,0.201,"central"
"FULL","smooth_smooth",1,20260829,"cGCV_start_low",8,-1.18632834761832,-1.21012599122393,0.0651135917692343,0.0616416150195674,0.0237976436056166,0.159776570620305,27.3701769926337,1.38430458099313,23.8075524761949,0.163004714731665,0.0398211409600193,0.344594245584687,TRUE,FALSE,TRUE,0.0493827160493827,TRUE,3,0.365,"low"
"FULL","smooth_smooth",1,20260829,"cGCV_start_central",8,-1.11941948508999,-1.13914561046684,0.0759592232265871,0.0725862549081034,0.0197261253768444,0.15961220947439,26.3857045694005,1.35250552994139,24.055095100355,0.162917047686095,0.0398863990557732,0.380101175826267,TRUE,FALSE,TRUE,0.0493827160493827,TRUE,3,0.201,"central"
"FULL","smooth_smooth",1,20260829,"cGCV_start_high",8,-1.02355103349359,-1.05217363854528,0.0947215871610787,0.0886801382414411,0.0286226050516918,0.159756214716884,25.0997295193119,1.30770867440849,24.4347966048046,0.163039153814962,0.0403042073047202,0.448445204224988,TRUE,FALSE,TRUE,0.0493827160493827,TRUE,3,0.159,"high"
"FULL","smooth_smooth",1,20260829,"tt_nelder",8,-1.1125,-1.275,0.0771791515585013,0.0530884444230988,0.1625,0.159794526023008,27.1869663154313,1.37140311132545,23.8607939607234,0.161570398366721,0.0391181576937367,0.251557647468726,TRUE,FALSE,TRUE,0.0493827160493827,TRUE,3,4.051,NA
"FULL","smooth_smooth",2,20260926,"tt_grid_oracle",8,-1,-1.5,0.1,0.0316227766016838,0.5,0.157691869807743,28.2082142354779,1.11846853340339,23.2693416137373,0.110209362902318,0.0135155208974737,0,TRUE,FALSE,TRUE,0.0246913580246914,TRUE,3,2.571,NA
"FULL","smooth_smooth",2,20260926,"full_tp_gcv",8,-1.5,-1.5,0.0316227766016838,0.0316227766016838,0,0.157398693672757,32.1522577740691,1.24969376495357,22.1718604019571,0.120590930755739,0.0225309664382943,0.5,TRUE,FALSE,TRUE,0.0246913580246914,TRUE,3,NA,NA
"FULL","smooth_smooth",2,20260926,"cGCV_default",8,-1.22749756375625,-1.32036385010266,0.0592246409166937,0.0478229265959548,0.0928662863464129,0.156813781835295,28.7610422947975,1.1354375245722,22.9910806272614,0.114561659199777,0.0173672333853063,0.289869432443243,TRUE,FALSE,TRUE,0.0246913580246914,TRUE,3,0.161999999999999,"central"
"FULL","smooth_smooth",2,20260926,"cGCV_best_global",8,-1.22749756375625,-1.32036385010266,0.0592246409166937,0.0478229265959548,0.0928662863464129,0.156813781835295,28.7610422947975,1.1354375245722,22.9910806272614,0.114561659199777,0.0173672333853063,0.289869432443243,TRUE,FALSE,TRUE,0.0246913580246914,TRUE,3,0.161999999999999,"central"
"FULL","smooth_smooth",2,20260926,"cGCV_start_low",8,-1.30671917624384,-1.41708946570664,0.049349280341803,0.0382745888622395,0.110370289462794,0.15687459326959,30.0626700509869,1.17849021118563,22.6516685322184,0.115884620597746,0.0183526943701337,0.317727571627821,TRUE,FALSE,TRUE,0.0246913580246914,TRUE,3,0.187000000000001,"low"
"FULL","smooth_smooth",2,20260926,"cGCV_start_central",8,-1.22749756375625,-1.32036385010266,0.0592246409166937,0.0478229265959548,0.0928662863464129,0.156813781835295,28.7610422947975,1.1354375245722,22.9910806272614,0.114561659199777,0.0173672333853063,0.289869432443243,TRUE,FALSE,TRUE,0.0246913580246914,TRUE,3,0.161999999999999,"central"
"FULL","smooth_smooth",2,20260926,"cGCV_start_high",8,-1.12514388056664,-1.2380447712298,0.0749645812593517,0.0578036454806638,0.112900890663152,0.15709727503527,27.4097529275705,1.08987920208463,23.3975916555603,0.112941373693805,0.016197101233898,0.290312818737527,FALSE,FALSE,TRUE,0.0246913580246914,TRUE,3,0.178999999999998,"high"
"FULL","smooth_smooth",2,20260926,"tt_nelder",8,-1.24559326171875,-1.35904541015625,0.0568076388008255,0.0437476359910914,0.113452148437502,0.156805172709193,29.1769824367438,1.14910653753209,22.8782693215517,0.114757656929036,0.0174590247049835,0.283168230208959,TRUE,FALSE,TRUE,0.0246913580246914,TRUE,3,4.492,NA
"FULL","smooth_smooth",3,20261023,"tt_grid_oracle",8,-1.5,-1,0.0316227766016838,0.1,-0.5,0.13879212443295,27.4956027400304,1.13551292102353,20.6507185529244,0.15923347873078,0.0348833009936836,0,TRUE,TRUE,TRUE,0.0864197530864197,TRUE,3,2.55,NA
"FULL","smooth_smooth",3,20261023,"full_tp_gcv",8,-0.5,-5,0.316227766016838,1e-05,4.5,0.153186169966552,28.949088319392,1.2673108692298,22.4099221960156,0.16975418036462,0.0408165323040581,4.12310562561766,FALSE,TRUE,TRUE,0.0864197530864197,TRUE,3,NA,NA
"FULL","smooth_smooth",3,20261023,"cGCV_default",8,-1.49735578929523,-1.14289482337912,0.0318158998350289,0.0719623233903812,-0.354460965916115,0.138482179258764,28.536636542576,1.15593310601078,20.3566622472371,0.156762865899563,0.0323703421697562,0.142919286308042,TRUE,TRUE,TRUE,0.0864197530864197,TRUE,3,0.163999999999994,"central"
"FULL","smooth_smooth",3,20261023,"cGCV_best_global",8,-1.59674453966052,-1.26144594323374,0.0253078621566975,0.0547714270881135,-0.335298596426783,0.138428902584433,30.0394996743162,1.18549560937553,19.9936820791856,0.155853951747318,0.0314812996877661,0.278771388753411,TRUE,TRUE,TRUE,0.0864197530864197,TRUE,3,0.175000000000004,"low"
"FULL","smooth_smooth",3,20261023,"cGCV_start_low",8,-1.59674453966052,-1.26144594323374,0.0253078621566975,0.0547714270881135,-0.335298596426783,0.138428902584433,30.0394996743162,1.18549560937553,19.9936820791856,0.155853951747318,0.0314812996877661,0.278771388753411,TRUE,TRUE,TRUE,0.0864197530864197,TRUE,3,0.175000000000004,"low"
"FULL","smooth_smooth",3,20261023,"cGCV_start_central",8,-1.49735578929523,-1.14289482337912,0.0318158998350289,0.0719623233903812,-0.354460965916115,0.138482179258764,28.536636542576,1.15593310601078,20.3566622472371,0.156762865899563,0.0323703421697562,0.142919286308042,TRUE,TRUE,TRUE,0.0864197530864197,TRUE,3,0.163999999999994,"central"
"FULL","smooth_smooth",3,20261023,"cGCV_start_high",8,-1.3440895028903,-1.00735134409709,0.0452804252754803,0.0983215363012203,-0.336738158793209,0.13898720887107,26.6250392545912,1.1178500814632,20.8889970895062,0.158611930554414,0.0342058502191687,0.156083712696192,TRUE,TRUE,TRUE,0.0864197530864197,TRUE,3,0.160000000000004,"high"
"FULL","smooth_smooth",3,20261023,"tt_nelder",8,-1.44424438476563,-1.19254760742188,0.0359546955137107,0.0641877854911037,-0.251696777343751,0.138505746195445,28.5669690568697,1.15664438029965,20.3529236209582,0.155846634475915,0.031417155094462,0.200457650774552,TRUE,TRUE,TRUE,0.0864197530864197,TRUE,3,4.47099999999999,NA
"FULL","smooth_smooth",4,20261120,"tt_grid_oracle",8,-1.5,-1.5,0.0316227766016838,0.0316227766016838,0,0.142907861120799,34.2650705282491,1.58086397020163,19.627013411144,0.155784284010921,0.0211028847873649,0,TRUE,FALSE,TRUE,0.0246913580246914,TRUE,3,2.58499999999998,NA
"FULL","smooth_smooth",4,20261120,"full_tp_gcv",8,-1.5,-1.5,0.0316227766016838,0.0316227766016838,0,0.142907861120799,34.2650705282491,1.58086397020163,19.627013411144,0.155784284010921,0.0211028847873649,0,TRUE,FALSE,TRUE,0.0246913580246914,TRUE,3,NA,NA
"FULL","smooth_smooth",4,20261120,"cGCV_default",8,-1.65154775356612,-1.43805965146917,0.0223075690744066,0.0364703850469104,-0.213488102096948,0.142696616742249,34.8291946037068,1.5643356672219,19.4648138006235,0.15640131379254,0.0221082915650849,0.163717220801777,TRUE,FALSE,TRUE,0.0246913580246914,TRUE,3,0.164999999999992,"central"
"FULL","smooth_smooth",4,20261120,"cGCV_best_global",8,-1.73680728553505,-1.526291142086,0.0183312767666152,0.0297652036242731,-0.210516143449052,0.1426552645346,36.0684773902832,1.57563100534108,19.168262716505,0.157642982471225,0.023724194354592,0.23826228118329,TRUE,FALSE,TRUE,0.0246913580246914,TRUE,3,0.164000000000001,"low"
"FULL","smooth_smooth",4,20261120,"cGCV_start_low",8,-1.73680728553505,-1.526291142086,0.0183312767666152,0.0297652036242731,-0.210516143449052,0.1426552645346,36.0684773902832,1.57563100534108,19.168262716505,0.157642982471225,0.023724194354592,0.23826228118329,TRUE,FALSE,TRUE,0.0246913580246914,TRUE,3,0.164000000000001,"low"
"FULL","smooth_smooth",4,20261120,"cGCV_start_central",8,-1.65154775356612,-1.43805965146917,0.0223075690744066,0.0364703850469104,-0.213488102096948,0.142696616742249,34.8291946037068,1.5643356672219,19.4648138006235,0.15640131379254,0.0221082915650849,0.163717220801777,TRUE,FALSE,TRUE,0.0246913580246914,TRUE,3,0.164999999999992,"central"
"FULL","smooth_smooth",4,20261120,"cGCV_start_high",8,-1.48064061985072,-1.34701897601924,0.0330643036090268,0.0449760202687067,-0.133621643831484,0.143122288177254,32.9974618428073,1.55107147336543,19.9582941351522,0.155018890947051,0.0201254341329569,0.154201100184032,TRUE,FALSE,TRUE,0.0246913580246914,TRUE,3,0.158000000000001,"high"
"FULL","smooth_smooth",4,20261120,"tt_nelder",8,-1.69283644740527,-1.52063703914748,0.0202844647599791,0.0301552519124122,-0.172199408257795,0.142665071433797,35.7379154785268,1.57718716671706,19.246967906964,0.15724884249931,0.023174297654159,0.193937574576617,TRUE,FALSE,TRUE,0.0246913580246914,TRUE,3,4.22900000000001,NA
"FULL","smooth_smooth",5,20261217,"tt_grid_oracle",8,-1,-1.5,0.1,0.0316227766016838,0.5,0.167247206563924,25.3653358400625,1.21815194816136,25.5029126700158,0.156255281929852,0.0190868513018405,0,TRUE,FALSE,TRUE,0.037037037037037,TRUE,3,2.599,NA
"FULL","smooth_smooth",5,20261217,"full_tp_gcv",8,-1.5,-1.5,0.0316227766016838,0.0316227766016838,0,0.16881368750317,29.0498395836566,1.29179570083309,24.6670200153834,0.155420274671925,0.0174821133356537,0.5,TRUE,FALSE,TRUE,0.037037037037037,TRUE,3,NA,NA
"FULL","smooth_smooth",5,20261217,"cGCV_default",8,-0.918744405147037,-1.27406009906535,0.120574534757901,0.0532034629511435,0.355315693918313,0.167123534760969,23.4578349305726,1.18447508312304,26.0438097230884,0.159820482305798,0.0209863986333199,0.240106873140417,TRUE,FALSE,TRUE,0.037037037037037,TRUE,3,0.234999999999999,"central"
"FULL","smooth_smooth",5,20261217,"cGCV_best_global",8,-1.01562982583444,-1.36886779460277,0.0964650900752668,0.042769306216834,0.353237968768337,0.167050356042666,24.7042226980947,1.20832751049207,25.6661258216644,0.157542566647226,0.019387235461925,0.132060390533858,TRUE,FALSE,TRUE,0.037037037037037,TRUE,3,0.173999999999992,"low"
"FULL","smooth_smooth",5,20261217,"cGCV_start_low",8,-1.01562982583444,-1.36886779460277,0.0964650900752668,0.042769306216834,0.353237968768337,0.167050356042666,24.7042226980947,1.20832751049207,25.6661258216644,0.157542566647226,0.019387235461925,0.132060390533858,TRUE,FALSE,TRUE,0.037037037037037,TRUE,3,0.173999999999992,"low"
"FULL","smooth_smooth",5,20261217,"cGCV_start_central",8,-0.918744405147037,-1.27406009906535,0.120574534757901,0.0532034629511435,0.355315693918313,0.167123534760969,23.4578349305726,1.18447508312304,26.0438097230884,0.159820482305798,0.0209863986333199,0.240106873140417,TRUE,FALSE,TRUE,0.037037037037037,TRUE,3,0.234999999999999,"central"
"FULL","smooth_smooth",5,20261217,"cGCV_start_high",8,-0.818338692183162,-1.16899250444939,0.151936216629561,0.0677653203223348,0.35065381226623,0.167668227370637,22.1634339993612,1.15727173808714,26.5132461863539,0.163040969808793,0.0233088877597269,0.377580180714519,FALSE,FALSE,TRUE,0.037037037037037,TRUE,3,0.165999999999997,"high"
"FULL","smooth_smooth",5,20261217,"tt_nelder",8,-1.075,-1.3875,0.0841395141645195,0.0409732109813541,0.3125,0.167124256565471,25.2422388684838,1.21861509054806,25.5201038366567,0.156921503664026,0.0188268669066605,0.135208172829899,TRUE,FALSE,TRUE,0.037037037037037,TRUE,3,4.49899999999998,NA
"FULL","smooth_smooth",6,20261314,"tt_grid_oracle",8,-1.5,-1.5,0.0316227766016838,0.0316227766016838,0,0.145410313891905,31.9931769346982,1.13916417235056,20.521970332306,0.173700225036726,0.0323440852790267,0,TRUE,FALSE,TRUE,0.037037037037037,TRUE,3,2.623,NA
"FULL","smooth_smooth",6,20261314,"full_tp_gcv",8,-1.5,-1.5,0.0316227766016838,0.0316227766016838,0,0.145410313891905,31.9931769346982,1.13916417235056,20.521970332306,0.173700225036726,0.0323440852790267,0,TRUE,FALSE,TRUE,0.037037037037037,TRUE,3,NA,NA
"FULL","smooth_smooth",6,20261314,"cGCV_default",8,-1.36844721171614,-1.34189937443772,0.0428107452677299,0.0455093492605877,-0.0265478372784206,0.145078783984444,29.8138436188636,1.10456020785707,21.0098219040874,0.17080568308211,0.030261028813531,0.205674363760883,TRUE,FALSE,TRUE,0.037037037037037,TRUE,3,0.159999999999997,"central"
"FULL","smooth_smooth",6,20261314,"cGCV_best_global",8,-1.36844721171614,-1.34189937443772,0.0428107452677299,0.0455093492605877,-0.0265478372784206,0.145078783984444,29.8138436188636,1.10456020785707,21.0098219040874,0.17080568308211,0.030261028813531,0.205674363760883,TRUE,FALSE,TRUE,0.037037037037037,TRUE,3,0.159999999999997,"central"
"FULL","smooth_smooth",6,20261314,"cGCV_start_low",8,-1.44287812967068,-1.43151155770186,0.0360679841646232,0.037024435210714,-0.0113665719688276,0.14520014291977,31.044144997828,1.12352462463131,20.7244751610845,0.172334576490563,0.0313344176708454,0.0891828167213006,TRUE,FALSE,TRUE,0.037037037037037,TRUE,3,0.161000000000001,"low"
"FULL","smooth_smooth",6,20261314,"cGCV_start_central",8,-1.36844721171614,-1.34189937443772,0.0428107452677299,0.0455093492605877,-0.0265478372784206,0.145078783984444,29.8138436188636,1.10456020785707,21.0098219040874,0.17080568308211,0.030261028813531,0.205674363760883,TRUE,FALSE,TRUE,0.037037037037037,TRUE,3,0.159999999999997,"central"
"FULL","smooth_smooth",6,20261314,"cGCV_start_high",8,-1.24347786873526,-1.24907357904787,0.0570850165452926,0.0563542171285268,0.00559571031260964,0.14520555679438,28.1978534814416,1.08366181767047,21.4294197712177,0.169242769630917,0.0292637007506531,0.358842127627811,FALSE,FALSE,TRUE,0.037037037037037,TRUE,3,0.167999999999992,"high"
"FULL","smooth_smooth",6,20261314,"tt_nelder",8,-1.35,-1.35,0.0446683592150963,0.0446683592150963,0,0.145073363362567,29.7354702658401,1.10493861525857,21.0283913351597,0.170680391689719,0.0301643115232752,0.212132034355964,TRUE,FALSE,TRUE,0.037037037037037,TRUE,3,4.477,NA
"FULL","smooth_smooth",7,20261411,"tt_grid_oracle",8,-1.5,-1.5,0.0316227766016838,0.0316227766016838,0,0.145679593096435,34.7025416884559,1.50534533177561,19.90219950951,0.159690952663659,0.0223559054712467,0,TRUE,FALSE,TRUE,0.037037037037037,TRUE,3,2.62200000000004,NA
"FULL","smooth_smooth",7,20261411,"full_tp_gcv",8,-1.5,-1.5,0.0316227766016838,0.0316227766016838,0,0.145679593096435,34.7025416884559,1.50534533177561,19.90219950951,0.159690952663659,0.0223559054712467,0,TRUE,FALSE,TRUE,0.037037037037037,TRUE,3,NA,NA
"FULL","smooth_smooth",7,20261411,"cGCV_default",8,-1.43030645264223,-1.61864368728776,0.0371273153948056,0.024063362456757,0.188337234645533,0.145759514300439,35.1131974986229,1.52033068851687,19.8142988622296,0.159722478694349,0.0231962901838096,0.137599110013642,TRUE,FALSE,TRUE,0.037037037037037,TRUE,3,0.159999999999997,"central"
"FULL","smooth_smooth",7,20261411,"cGCV_best_global",8,-1.43030645264223,-1.61864368728776,0.0371273153948056,0.024063362456757,0.188337234645533,0.145759514300439,35.1131974986229,1.52033068851687,19.8142988622296,0.159722478694349,0.0231962901838096,0.137599110013642,TRUE,FALSE,TRUE,0.037037037037037,TRUE,3,0.159999999999997,"central"
"FULL","smooth_smooth",7,20261411,"cGCV_start_low",8,-1.50260864539287,-1.68607154777422,0.0314333996742464,0.0206029046309012,0.183462902381348,0.145947907687467,36.2632657998307,1.54390841830253,19.5641113312941,0.160639180613762,0.0242455051423339,0.186089832935279,TRUE,FALSE,TRUE,0.037037037037037,TRUE,3,0.170000000000016,"low"
"FULL","smooth_smooth",7,20261411,"cGCV_start_central",8,-1.43030645264223,-1.61864368728776,0.0371273153948056,0.024063362456757,0.188337234645533,0.145759514300439,35.1131974986229,1.52033068851687,19.8142988622296,0.159722478694349,0.0231962901838096,0.137599110013642,TRUE,FALSE,TRUE,0.037037037037037,TRUE,3,0.159999999999997,"central"
"FULL","smooth_smooth",7,20261411,"cGCV_start_high",8,-1.29010887442326,-1.47261861624167,0.051273282953976,0.0336807213048155,0.182509741818405,0.145808444543687,32.7817635865776,1.47010123758958,20.3854338605979,0.158427724190685,0.0215958656341038,0.21166961230274,TRUE,FALSE,TRUE,0.037037037037037,TRUE,3,0.173000000000002,"high"
"FULL","smooth_smooth",7,20261411,"tt_nelder",8,-1.55676299071159,-1.34929126120004,0.0277483401293477,0.0447413144256486,-0.207471729511553,0.14590239446614,33.812447102792,1.48008292733296,20.1478825027973,0.159635105289022,0.0213926878738495,0.161043972458456,TRUE,FALSE,TRUE,0.037037037037037,TRUE,3,4.697,NA
"FULL","smooth_smooth",8,20261508,"tt_grid_oracle",8,-1.5,-1.5,0.0316227766016838,0.0316227766016838,0,0.146176945755118,29.4534358504278,1.35029647994097,21.2586086332158,0.140235832045184,0.021804190905618,0,TRUE,FALSE,TRUE,0.0493827160493827,TRUE,3,2.614,NA
"FULL","smooth_smooth",8,20261508,"full_tp_gcv",8,-1.5,-1.5,0.0316227766016838,0.0316227766016838,0,0.146176945755118,29.4534358504278,1.35029647994097,21.2586086332158,0.140235832045184,0.021804190905618,0,TRUE,FALSE,TRUE,0.0493827160493827,TRUE,3,NA,NA
"FULL","smooth_smooth",8,20261508,"cGCV_default",8,-1.28074293654318,-1.38316176247918,0.0523910452915306,0.0413845500299983,0.102418825935998,0.145812707985237,27.0266692919847,1.33551483617022,21.8134157164841,0.141330644366027,0.0222488283330584,0.248444830138768,TRUE,FALSE,TRUE,0.0493827160493827,TRUE,3,0.165999999999997,"central"
"FULL","smooth_smooth",8,20261508,"cGCV_best_global",8,-1.28074293654318,-1.38316176247918,0.0523910452915306,0.0413845500299983,0.102418825935998,0.145812707985237,27.0266692919847,1.33551483617022,21.8134157164841,0.141330644366027,0.0222488283330584,0.248444830138768,TRUE,FALSE,TRUE,0.0493827160493827,TRUE,3,0.165999999999997,"central"
"FULL","smooth_smooth",8,20261508,"cGCV_start_low",8,-1.3111227347136,-1.41505939943528,0.0488514282217644,0.0384539184157418,0.103936664721684,0.145820412571158,27.4646769693118,1.33841677132352,21.7042293301819,0.140957223376793,0.0219621638435689,0.207097868087442,TRUE,FALSE,TRUE,0.0493827160493827,TRUE,3,0.167000000000002,"low"
"FULL","smooth_smooth",8,20261508,"cGCV_start_central",8,-1.28074293654318,-1.38316176247918,0.0523910452915306,0.0413845500299983,0.102418825935998,0.145812707985237,27.0266692919847,1.33551483617022,21.8134157164841,0.141330644366027,0.0222488283330584,0.248444830138768,TRUE,FALSE,TRUE,0.0493827160493827,TRUE,3,0.165999999999997,"central"
"FULL","smooth_smooth",8,20261508,"cGCV_start_high",8,-1.20296008310839,-1.36650791810269,0.0626671460677504,0.0430023393327313,0.163547834994302,0.145869322161478,26.354890614073,1.32892251561487,21.9917141313055,0.142342706062506,0.0230087616003411,0.325657562719261,TRUE,FALSE,TRUE,0.0493827160493827,TRUE,3,0.174999999999983,"high"
"FULL","smooth_smooth",8,20261508,"tt_nelder",8,-1.39451293945313,-1.45599975585938,0.0403168934171933,0.0349945363751683,0.0614868164062523,0.145921113036567,28.3595452995298,1.34439181585904,21.4945051280332,0.140376102176382,0.0216328169705904,0.1142958504376,TRUE,FALSE,TRUE,0.0493827160493827,TRUE,3,4.24800000000002,NA
"FULL","smooth_smooth",9,20261605,"tt_grid_oracle",8,-1,-1.5,0.1,0.0316227766016838,0.5,0.120646572959594,28.0453596997721,1.35990074626594,17.8366296265321,0.153510335157066,0.0184041407699268,0,TRUE,FALSE,TRUE,0.0493827160493827,TRUE,3,2.572,NA
"FULL","smooth_smooth",9,20261605,"full_tp_gcv",8,-0.5,-1,0.316227766016838,0.1,0.5,0.130262006354794,21.7358904636426,1.24923828358857,20.6973905979309,0.169891002841842,0.0335599266003653,0.707106781186548,FALSE,FALSE,TRUE,0.0493827160493827,TRUE,3,NA,NA
"FULL","smooth_smooth",9,20261605,"cGCV_default",8,-1.14069240934632,-1.58962127245404,0.0723281889278373,0.0257263828022989,0.448928863107722,0.120209004700664,29.674658637581,1.38912019902174,17.4367500323792,0.151790655097925,0.0167286611640373,0.166812249322269,TRUE,FALSE,TRUE,0.0493827160493827,TRUE,3,0.161999999999978,"central"
"FULL","smooth_smooth",9,20261605,"cGCV_best_global",8,-1.22299011414597,-1.67280250146469,0.0598425216870531,0.0212421024225231,0.449812387318717,0.120161489064002,30.8390431574342,1.40992150939411,17.1923629864199,0.151159246055904,0.0162081536970585,0.282108659064709,TRUE,FALSE,TRUE,0.0493827160493827,TRUE,3,0.16500000000002,"low"
"FULL","smooth_smooth",9,20261605,"cGCV_start_low",8,-1.22299011414597,-1.67280250146469,0.0598425216870531,0.0212421024225231,0.449812387318717,0.120161489064002,30.8390431574342,1.40992150939411,17.1923629864199,0.151159246055904,0.0162081536970585,0.282108659064709,TRUE,FALSE,TRUE,0.0493827160493827,TRUE,3,0.16500000000002,"low"
"FULL","smooth_smooth",9,20261605,"cGCV_start_central",8,-1.14069240934632,-1.58962127245404,0.0723281889278373,0.0257263828022989,0.448928863107722,0.120209004700664,29.674658637581,1.38912019902174,17.4367500323792,0.151790655097925,0.0167286611640373,0.166812249322269,TRUE,FALSE,TRUE,0.0493827160493827,TRUE,3,0.161999999999978,"central"
"FULL","smooth_smooth",9,20261605,"cGCV_start_high",8,-1.02908972764021,-1.47486013025366,0.0935212434128413,0.0335073336168538,0.445770402613454,0.120612284122873,28.114391618565,1.36101229807835,17.8172460596135,0.153157980881024,0.0178906447754268,0.0384476957052607,TRUE,FALSE,TRUE,0.0493827160493827,TRUE,3,0.161000000000001,"high"
"FULL","smooth_smooth",9,20261605,"tt_nelder",8,-1.22017347296902,-1.6293618042654,0.0602318949981922,0.023476761918682,0.409188331296372,0.120161064268217,30.546374375255,1.40391340275624,17.2518431672274,0.151143080767874,0.0160370048621307,0.255364121602937,TRUE,FALSE,TRUE,0.0493827160493827,TRUE,3,4.60300000000001,NA
"FULL","smooth_smooth",10,20261702,"tt_grid_oracle",8,-1,-1.5,0.1,0.0316227766016838,0.5,0.149619278089144,27.4112829025214,1.50198968145988,22.2834463906963,0.144797972057603,0.0189668420494839,0,TRUE,FALSE,TRUE,0.0246913580246914,TRUE,3,2.56799999999996,NA
"FULL","smooth_smooth",10,20261702,"full_tp_gcv",8,-1,-1.5,0.1,0.0316227766016838,0.5,0.149619278089144,27.4112829025214,1.50198968145988,22.2834463906963,0.144797972057603,0.0189668420494839,0,TRUE,FALSE,TRUE,0.0246913580246914,TRUE,3,NA,NA
"FULL","smooth_smooth",10,20261702,"cGCV_default",8,-1.09420063658853,-1.4060816451963,0.0805006456129323,0.0392571127048307,0.311881008607769,0.149517692257418,27.5799915957775,1.48528501600844,22.2248026608038,0.144509126989813,0.0182251803771285,0.133020364240661,TRUE,FALSE,TRUE,0.0246913580246914,TRUE,3,0.15900000000002,"central"
"FULL","smooth_smooth",10,20261702,"cGCV_best_global",8,-1.09420063658853,-1.4060816451963,0.0805006456129323,0.0392571127048307,0.311881008607769,0.149517692257418,27.5799915957775,1.48528501600844,22.2248026608038,0.144509126989813,0.0182251803771285,0.133020364240661,TRUE,FALSE,TRUE,0.0246913580246914,TRUE,3,0.15900000000002,"central"
"FULL","smooth_smooth",10,20261702,"cGCV_start_low",8,-1.17377623354913,-1.49235494847925,0.0670229850563173,0.0321843729024124,0.318578714930111,0.149554008643037,28.7574900482488,1.49057915204789,21.9276066643852,0.143778578178957,0.0176666431715798,0.173944319134826,TRUE,FALSE,TRUE,0.0246913580246914,TRUE,3,0.186000000000007,"low"
"FULL","smooth_smooth",10,20261702,"cGCV_start_central",8,-1.09420063658853,-1.4060816451963,0.0805006456129323,0.0392571127048307,0.311881008607769,0.149517692257418,27.5799915957775,1.48528501600844,22.2248026608038,0.144509126989813,0.0182251803771285,0.133020364240661,TRUE,FALSE,TRUE,0.0246913580246914,TRUE,3,0.15900000000002,"central"
"FULL","smooth_smooth",10,20261702,"cGCV_start_high",8,-0.988831169951745,-1.28452094990567,0.10260507213859,0.0519372618917851,0.295689779953924,0.149986946383702,26.0105213903765,1.47233509195352,22.7022781826695,0.146270289417601,0.0197232961583346,0.21576831044943,TRUE,FALSE,TRUE,0.0246913580246914,TRUE,3,0.161999999999978,"high"
"FULL","smooth_smooth",10,20261702,"tt_nelder",8,-1.11565246582032,-1.45166931152344,0.0766209503199013,0.0353452199416065,0.336016845703124,0.14948978183613,28.0361788343799,1.48985637673387,22.1032271179215,0.144164034941113,0.0180073593568074,0.125344917323909,TRUE,FALSE,TRUE,0.0246913580246914,TRUE,3,4.68299999999996,NA
"FULL","smooth_smooth",11,20261799,"tt_grid_oracle",8,-1,-1.5,0.1,0.0316227766016838,0.5,0.141567198082658,27.2114037492649,0.991616798582556,21.1330798343092,0.145728418390899,0.015224716349981,0,TRUE,FALSE,TRUE,0.037037037037037,TRUE,3,2.58100000000002,NA
"FULL","smooth_smooth",11,20261799,"full_tp_gcv",8,-1,-1.5,0.1,0.0316227766016838,0.5,0.141567198082658,27.2114037492649,0.991616798582556,21.1330798343092,0.145728418390899,0.015224716349981,0,TRUE,FALSE,TRUE,0.037037037037037,TRUE,3,NA,NA
"FULL","smooth_smooth",11,20261799,"cGCV_default",8,-0.996084415711333,-1.36313911356808,0.100905673225861,0.0433372038061891,0.367054697856743,0.141505467442766,26.3523604636474,0.982393448496769,21.3344274847085,0.145871980157583,0.0155924756147332,0.136916887326778,TRUE,FALSE,TRUE,0.037037037037037,TRUE,3,0.157999999999987,"central"
"FULL","smooth_smooth",11,20261799,"cGCV_best_global",8,-0.996084415711333,-1.36313911356808,0.100905673225861,0.0433372038061891,0.367054697856743,0.141505467442766,26.3523604636474,0.982393448496769,21.3344274847085,0.145871980157583,0.0155924756147332,0.136916887326778,TRUE,FALSE,TRUE,0.037037037037037,TRUE,3,0.157999999999987,"central"
"FULL","smooth_smooth",11,20261799,"cGCV_start_low",8,-1.05755169401022,-1.38847282508682,0.0875887454669277,0.0408815331928604,0.330921131076608,0.141615554360778,27.0220738274975,0.997199730408975,21.1866520019723,0.14564857858754,0.0154718514676196,0.125501028790842,TRUE,FALSE,TRUE,0.037037037037037,TRUE,3,0.159999999999997,"low"
"FULL","smooth_smooth",11,20261799,"cGCV_start_central",8,-0.996084415711333,-1.36313911356808,0.100905673225861,0.0433372038061891,0.367054697856743,0.141505467442766,26.3523604636474,0.982393448496769,21.3344274847085,0.145871980157583,0.0155924756147332,0.136916887326778,TRUE,FALSE,TRUE,0.037037037037037,TRUE,3,0.157999999999987,"central"
"FULL","smooth_smooth",11,20261799,"cGCV_start_high",8,-0.943944630003206,-1.28314836478339,0.113777233586993,0.0521016689654588,0.339203734780186,0.141560668377622,25.4256966086939,0.965847947397988,21.5711472929557,0.146298074117491,0.0160375437905628,0.223979544158823,TRUE,FALSE,TRUE,0.037037037037037,TRUE,3,0.188000000000017,"high"
"FULL","smooth_smooth",12,20261896,"tt_grid_oracle",8,-2,-1.5,0.01,0.0316227766016838,-0.5,0.148330498671419,30.3413518161553,1.03507684047009,21.3477675714649,0.156168566112582,0.0333465623995043,0,TRUE,FALSE,TRUE,0.0740740740740741,TRUE,3,2.56500000000003,NA
"FULL","smooth_smooth",12,20261896,"full_tp_gcv",8,-1.5,-1,0.0316227766016838,0.1,-0.5,0.148485712680029,23.7250295633263,0.966755597988449,23.0693826729814,0.151487809842032,0.0298889576724883,0.707106781186548,TRUE,FALSE,TRUE,0.0740740740740741,TRUE,3,NA,NA
"FULL","smooth_smooth",12,20261896,"cGCV_default",8,-1.44726407583861,-1.20347625851722,0.0357055661904306,0.0625927080406895,-0.243787817321395,0.147815324700068,24.7518668810237,0.966750157444532,22.6984533853918,0.149155302939362,0.027121428088996,0.627250612691202,TRUE,FALSE,TRUE,0.0740740740740741,TRUE,3,0.167999999999978,"central"
"FULL","smooth_smooth",12,20261896,"cGCV_best_global",8,-1.61552832989263,-1.35776793102914,0.0242365985924595,0.0438765093024009,-0.257760398863498,0.147743972399779,26.8758783539439,0.98251666652385,22.1408832599533,0.150406719907599,0.0278541215206175,0.409937100734833,TRUE,FALSE,TRUE,0.0740740740740741,TRUE,3,0.179999999999978,"low"
"FULL","smooth_smooth",12,20261896,"cGCV_start_low",8,-1.61552832989263,-1.35776793102914,0.0242365985924595,0.0438765093024009,-0.257760398863498,0.147743972399779,26.8758783539439,0.98251666652385,22.1408832599533,0.150406719907599,0.0278541215206175,0.409937100734833,TRUE,FALSE,TRUE,0.0740740740740741,TRUE,3,0.179999999999978,"low"
"FULL","smooth_smooth",12,20261896,"cGCV_start_central",8,-1.44726407583861,-1.20347625851722,0.0357055661904306,0.0625927080406895,-0.243787817321395,0.147815324700068,24.7518668810237,0.966750157444532,22.6984533853918,0.149155302939362,0.027121428088996,0.627250612691202,TRUE,FALSE,TRUE,0.0740740740740741,TRUE,3,0.167999999999978,"central"
"FULL","smooth_smooth",12,20261896,"cGCV_start_high",8,-1.02671985651468,-1.03787790239888,0.0940329678594458,0.0916478112669399,0.0111580458842026,0.149711813638885,21.0913733572122,0.937005035018963,23.9601007426674,0.148141626851348,0.0273559906072533,1.07741870727868,FALSE,FALSE,TRUE,0.0740740740740741,TRUE,3,0.364999999999981,"high"
"FULL","smooth_smooth",13,20261993,"tt_grid_oracle",8,-1.5,-1.5,0.0316227766016838,0.0316227766016838,0,0.127160733282656,33.3192005796509,1.28187814674272,17.6642083017858,0.139073708283087,0.0193662157721572,0,TRUE,FALSE,TRUE,0.0493827160493827,TRUE,3,2.60300000000018,NA
"FULL","smooth_smooth",13,20261993,"full_tp_gcv",8,-1.5,-1.5,0.0316227766016838,0.0316227766016838,0,0.127160733282656,33.3192005796509,1.28187814674272,17.6642083017858,0.139073708283087,0.0193662157721572,0,TRUE,FALSE,TRUE,0.0493827160493827,TRUE,3,NA,NA
"FULL","smooth_smooth",13,20261993,"cGCV_default",8,-1.49037098006157,-1.29872598174878,0.0323317356995849,0.0502659642762179,-0.191644998312782,0.126672343631703,31.6175691271249,1.24023035685944,17.9574787016995,0.13949387483036,0.019623838527833,0.201504214467007,TRUE,FALSE,TRUE,0.0493827160493827,TRUE,3,0.166999999999973,"central"
"FULL","smooth_smooth",13,20261993,"cGCV_best_global",8,-1.49037098006157,-1.29872598174878,0.0323317356995849,0.0502659642762179,-0.191644998312782,0.126672343631703,31.6175691271249,1.24023035685944,17.9574787016995,0.13949387483036,0.019623838527833,0.201504214467007,TRUE,FALSE,TRUE,0.0493827160493827,TRUE,3,0.166999999999973,"central"
"FULL","smooth_smooth",13,20261993,"cGCV_start_low",8,-1.53229255227181,-1.38026540132279,0.0293567143967122,0.0416614708609276,-0.15202715094902,0.126760238481008,32.5622958981197,1.2616498045101,17.7688602871953,0.139245034456595,0.0195014164761702,0.124012834225417,TRUE,FALSE,TRUE,0.0493827160493827,TRUE,3,0.230000000000018,"low"
"FULL","smooth_smooth",13,20261993,"cGCV_start_central",8,-1.49037098006157,-1.29872598174878,0.0323317356995849,0.0502659642762179,-0.191644998312782,0.126672343631703,31.6175691271249,1.24023035685944,17.9574787016995,0.13949387483036,0.019623838527833,0.201504214467007,TRUE,FALSE,TRUE,0.0493827160493827,TRUE,3,0.166999999999973,"central"
"FULL","smooth_smooth",13,20261993,"cGCV_start_high",8,-1.38306228684913,-1.21015647593394,0.0413940302925149,0.0616372883221615,-0.172905810915193,0.126901118443657,30.206733497859,1.20720526893113,18.2926397225106,0.139952951329786,0.019922003691824,0.312543912434702,TRUE,FALSE,TRUE,0.0493827160493827,TRUE,3,0.157000000000039,"high"
"FULL","smooth_smooth",14,20262090,"tt_grid_oracle",8,-1.5,-1.5,0.0316227766016838,0.0316227766016838,0,0.137265793564617,29.2323133659268,0.736492145446837,20.0144527486604,0.151712579737484,0.0291244050467327,0,TRUE,FALSE,TRUE,0.037037037037037,TRUE,3,2.53400000000016,NA
"FULL","smooth_smooth",14,20262090,"full_tp_gcv",8,-1,-4,0.1,1e-04,3,0.14358787884587,32.0880265522771,0.881391145626838,20.2418925886558,0.147523699934962,0.032364967799054,2.54950975679639,FALSE,FALSE,TRUE,0.037037037037037,TRUE,3,NA,NA
"FULL","smooth_smooth",14,20262090,"cGCV_default",8,-1.49175303560215,-1.31547683786666,0.0322290099401825,0.0483641057537778,-0.176276197735493,0.137272965481521,27.9512965549544,0.717869499394261,20.3169180281901,0.152733883115946,0.0299591815589925,0.184707362564322,TRUE,FALSE,TRUE,0.037037037037037,TRUE,3,0.158000000000015,"central"
"FULL","smooth_smooth",14,20262090,"cGCV_best_global",8,-1.53333214084914,-1.3756801558909,0.029286526060978,0.0421036594325863,-0.157651984958236,0.137182496623395,28.6261827973578,0.726600066997943,20.1445535806625,0.153050788627977,0.0301339277230426,0.12871074256991,TRUE,FALSE,TRUE,0.037037037037037,TRUE,3,0.170999999999992,"low"
"FULL","smooth_smooth",14,20262090,"cGCV_start_low",8,-1.53333214084914,-1.3756801558909,0.029286526060978,0.0421036594325863,-0.157651984958236,0.137182496623395,28.6261827973578,0.726600066997943,20.1445535806625,0.153050788627977,0.0301339277230426,0.12871074256991,TRUE,FALSE,TRUE,0.037037037037037,TRUE,3,0.170999999999992,"low"
"FULL","smooth_smooth",14,20262090,"cGCV_start_central",8,-1.49175303560215,-1.31547683786666,0.0322290099401825,0.0483641057537778,-0.176276197735493,0.137272965481521,27.9512965549544,0.717869499394261,20.3169180281901,0.152733883115946,0.0299591815589925,0.184707362564322,TRUE,FALSE,TRUE,0.037037037037037,TRUE,3,0.158000000000015,"central"
"FULL","smooth_smooth",14,20262090,"cGCV_start_high",8,-1.4516056942253,-1.23384797517841,0.0353503978386011,0.0583649375034222,-0.217757719046888,0.137534183843743,27.149064926289,0.70741608545355,20.5458505868369,0.15269801996387,0.0300488664789121,0.270516005345423,FALSE,FALSE,TRUE,0.037037037037037,TRUE,3,0.15500000000003,"high"
"FULL","smooth_smooth",15,20262187,"tt_grid_oracle",8,-1.5,-1.5,0.0316227766016838,0.0316227766016838,0,0.150217690449895,32.009820349128,0.858168099017801,21.1962422292458,0.156652750006651,0.0327281703322465,0,TRUE,FALSE,TRUE,0.0246913580246914,TRUE,3,2.59999999999985,NA
"FULL","smooth_smooth",15,20262187,"full_tp_gcv",8,-1.5,-1.5,0.0316227766016838,0.0316227766016838,0,0.150217690449895,32.009820349128,0.858168099017801,21.1962422292458,0.156652750006651,0.0327281703322465,0,TRUE,FALSE,TRUE,0.0246913580246914,TRUE,3,NA,NA
"FULL","smooth_smooth",15,20262187,"cGCV_default",8,-1.23811651589795,-1.54929419851002,0.0577940972109815,0.0282296700091903,0.311177682612072,0.149631956689997,30.2416459557226,0.88567787815754,21.5603929016175,0.152579447333772,0.0305785183633479,0.266482414527067,TRUE,FALSE,TRUE,0.0246913580246914,TRUE,3,0.16700000000003,"central"
"FULL","smooth_smooth",15,20262187,"cGCV_best_global",8,-1.23811651589795,-1.54929419851002,0.0577940972109815,0.0282296700091903,0.311177682612072,0.149631956689997,30.2416459557226,0.88567787815754,21.5603929016175,0.152579447333772,0.0305785183633479,0.266482414527067,TRUE,FALSE,TRUE,0.0246913580246914,TRUE,3,0.16700000000003,"central"
"FULL","smooth_smooth",15,20262187,"cGCV_start_low",8,-1.30210450501739,-1.57895864909065,0.0498764454482545,0.0263658241339936,0.276854144073261,0.149651797253992,30.9688327755685,0.878836734174532,21.3789081843582,0.153699586095377,0.0313534670910443,0.213065940968127,TRUE,FALSE,TRUE,0.0246913580246914,TRUE,3,0.163999999999987,"low"
"FULL","smooth_smooth",15,20262187,"cGCV_start_central",8,-1.23811651589795,-1.54929419851002,0.0577940972109815,0.0282296700091903,0.311177682612072,0.149631956689997,30.2416459557226,0.88567787815754,21.5603929016175,0.152579447333772,0.0305785183633479,0.266482414527067,TRUE,FALSE,TRUE,0.0246913580246914,TRUE,3,0.16700000000003,"central"
"FULL","smooth_smooth",15,20262187,"cGCV_start_high",8,-1.13303819187822,-1.51953496546325,0.0736142358252789,0.0302318716102907,0.386496773585029,0.149860199808765,29.1877387211046,0.897743306888417,21.8622268213154,0.150840695138,0.0294753168938899,0.367481405646128,TRUE,FALSE,TRUE,0.0246913580246914,TRUE,3,0.158999999999992,"high"
"FULL","smooth_smooth",16,20262284,"tt_grid_oracle",8,-1.5,-1.5,0.0316227766016838,0.0316227766016838,0,0.139899943232999,31.2614080349224,1.27072554356061,19.9166542550882,0.158713096439937,0.0241560045593004,0,TRUE,FALSE,TRUE,0.0617283950617284,TRUE,3,2.50800000000004,NA
"FULL","smooth_smooth",16,20262284,"full_tp_gcv",8,-1.5,-1,0.0316227766016838,0.1,-0.5,0.13994399201729,27.7426560649239,1.19636005360468,20.7625052674474,0.163265461903463,0.0262292735872634,0.5,TRUE,FALSE,TRUE,0.0617283950617284,TRUE,3,NA,NA
"FULL","smooth_smooth",16,20262284,"cGCV_default",8,-1.22628628834558,-1.17723927310487,0.0593900528373372,0.066490672711281,-0.0490470152407099,0.139221964543823,27.2276915652102,1.19834850860612,20.7790665489522,0.160667210963225,0.0239158985292861,0.423194615718955,TRUE,FALSE,TRUE,0.0617283950617284,TRUE,3,0.158999999999992,"central"
"FULL","smooth_smooth",16,20262284,"cGCV_best_global",8,-1.29065621103112,-1.25079395789458,0.0512087044959363,0.0561314216883523,-0.0398622531365411,0.139134897272407,28.1450322172357,1.21428978574261,20.5461406842393,0.159950062815211,0.0237558620028358,0.325466547285122,TRUE,FALSE,TRUE,0.0617283950617284,TRUE,3,0.19300000000004,"low"
"FULL","smooth_smooth",16,20262284,"cGCV_start_low",8,-1.29065621103112,-1.25079395789458,0.0512087044959363,0.0561314216883523,-0.0398622531365411,0.139134897272407,28.1450322172357,1.21428978574261,20.5461406842393,0.159950062815211,0.0237558620028358,0.325466547285122,TRUE,FALSE,TRUE,0.0617283950617284,TRUE,3,0.19300000000004,"low"
"FULL","smooth_smooth",16,20262284,"cGCV_start_central",8,-1.22628628834558,-1.17723927310487,0.0593900528373372,0.066490672711281,-0.0490470152407099,0.139221964543823,27.2276915652102,1.19834850860612,20.7790665489522,0.160667210963225,0.0239158985292861,0.423194615718955,TRUE,FALSE,TRUE,0.0617283950617284,TRUE,3,0.158999999999992,"central"
"FULL","smooth_smooth",16,20262284,"cGCV_start_high",8,-1.12018417918662,-1.10845224512061,0.0758255939399011,0.0779018470460822,-0.011731934066007,0.139592321198623,26.0703136451836,1.17994951788495,21.1144105075747,0.161625389624327,0.0241917785382823,0.545499497791917,TRUE,FALSE,TRUE,0.0617283950617284,TRUE,3,0.158000000000015,"high"
"FULL","smooth_smooth",17,20262381,"tt_grid_oracle",8,-1,-2.5,0.1,0.00316227766016838,1.5,0.155432015988515,32.6776559100989,1.83179909206766,21.7579695490881,0.151110582585315,0.0281424182138497,0,TRUE,FALSE,FALSE,0.163265306122449,TRUE,3,2.53800000000001,NA
"FULL","smooth_smooth",17,20262381,"full_tp_gcv",8,-1,-2.5,0.1,0.00316227766016838,1.5,0.155432015988515,32.6776559100989,1.83179909206766,21.7579695490881,0.151110582585315,0.0281424182138497,0,TRUE,FALSE,FALSE,0.163265306122449,TRUE,3,NA,NA
"FULL","smooth_smooth",17,20262381,"cGCV_default",8,-1.04557624564629,-2.36435342415443,0.0900375677039776,0.00432161999132924,1.31877717850813,0.155169860981108,32.5534898147537,1.83974880104484,21.7535217686606,0.149812633850766,0.0263623448993758,0.143098524471219,TRUE,FALSE,FALSE,0.163265306122449,TRUE,3,0.174000000000035,"central"
"FULL","smooth_smooth",17,20262381,"cGCV_best_global",8,-1.15280311232873,-2.22011001712415,0.0703391130414762,0.00602406962728667,1.06730690479542,0.154963311058644,32.8445723320218,1.8634465069218,21.6491005571252,0.148234298104273,0.0244530516403056,0.318884295084583,TRUE,FALSE,FALSE,0.163265306122449,TRUE,3,0.162000000000035,"low"
"FULL","smooth_smooth",17,20262381,"cGCV_start_low",8,-1.15280311232873,-2.22011001712415,0.0703391130414762,0.00602406962728667,1.06730690479542,0.154963311058644,32.8445723320218,1.8634465069218,21.6491005571252,0.148234298104273,0.0244530516403056,0.318884295084583,TRUE,FALSE,FALSE,0.163265306122449,TRUE,3,0.162000000000035,"low"
"FULL","smooth_smooth",17,20262381,"cGCV_start_central",8,-1.04557624564629,-2.36435342415443,0.0900375677039776,0.00432161999132924,1.31877717850813,0.155169860981108,32.5534898147537,1.83974880104484,21.7535217686606,0.149812633850766,0.0263623448993758,0.143098524471219,TRUE,FALSE,FALSE,0.163265306122449,TRUE,3,0.174000000000035,"central"
"FULL","smooth_smooth",17,20262381,"cGCV_start_high",8,-0.927916550702119,-2.22496109927232,0.118054745500146,0.00595715500708527,1.2970445485702,0.155619114939336,30.9767284115495,1.79889621674623,22.229308472059,0.149976114271953,0.0248627820410736,0.28432801581302,TRUE,FALSE,FALSE,0.163265306122449,TRUE,3,0.158999999999992,"high"
"FULL","smooth_smooth",18,20262478,"tt_grid_oracle",8,-1,-1.5,0.1,0.0316227766016838,0.5,0.146000944425556,29.4511515815763,1.34445281418818,21.2335814308051,0.145986146338732,0.0243975397997693,0,TRUE,FALSE,TRUE,0.0246913580246914,TRUE,3,2.50399999999985,NA
"FULL","smooth_smooth",18,20262478,"full_tp_gcv",8,-1,-1.5,0.1,0.0316227766016838,0.5,0.146000944425556,29.4511515815763,1.34445281418818,21.2335814308051,0.145986146338732,0.0243975397997693,0,TRUE,FALSE,TRUE,0.0246913580246914,TRUE,3,NA,NA
"FULL","smooth_smooth",18,20262478,"cGCV_default",8,-0.978962098396969,-1.33329160092339,0.104963402796571,0.0464203487657015,0.354329502526418,0.145800610268965,28.2182483356598,1.31061347144288,21.512129321393,0.147010847582765,0.0251055158109579,0.16803060324401,TRUE,FALSE,TRUE,0.0246913580246914,TRUE,3,0.157999999999959,"central"
"FULL","smooth_smooth",18,20262478,"cGCV_best_global",8,-1.04281447594301,-1.39030888526908,0.0906119598868085,0.040709063786184,0.347494409326067,0.145785482724881,29.0493913053433,1.33165073299816,21.3022553646613,0.146329322849426,0.024278670394184,0.117750668792951,TRUE,FALSE,TRUE,0.0246913580246914,TRUE,3,0.158999999999992,"low"
"FULL","smooth_smooth",18,20262478,"cGCV_start_low",8,-1.04281447594301,-1.39030888526908,0.0906119598868085,0.040709063786184,0.347494409326067,0.145785482724881,29.0493913053433,1.33165073299816,21.3022553646613,0.146329322849426,0.024278670394184,0.117750668792951,TRUE,FALSE,TRUE,0.0246913580246914,TRUE,3,0.158999999999992,"low"
"FULL","smooth_smooth",18,20262478,"cGCV_start_central",8,-0.978962098396969,-1.33329160092339,0.104963402796571,0.0464203487657015,0.354329502526418,0.145800610268965,28.2182483356598,1.31061347144288,21.512129321393,0.147010847582765,0.0251055158109579,0.16803060324401,TRUE,FALSE,TRUE,0.0246913580246914,TRUE,3,0.157999999999959,"central"
"FULL","smooth_smooth",18,20262478,"cGCV_start_high",8,-0.886088495971346,-1.23903759424403,0.129990467011372,0.0576716538372213,0.352949098272681,0.146177885476398,26.9535316261091,1.2772499016795,21.8865425324741,0.14846494524767,0.0267089488526193,0.284740597681495,FALSE,FALSE,TRUE,0.0246913580246914,TRUE,3,0.177000000000021,"high"
"FULL","smooth_smooth",19,20262575,"tt_grid_oracle",8,-1,-1,0.1,0.1,0,0.154817541485282,25.5357997442811,1.19416263060388,23.5614936675987,0.134270570030583,0.0284197985936068,0,TRUE,TRUE,TRUE,0.0246913580246914,TRUE,3,2.55300000000011,NA
"FULL","smooth_smooth",19,20262575,"full_tp_gcv",8,-1,-1,0.1,0.1,0,0.154817541485282,25.5357997442811,1.19416263060388,23.5614936675987,0.134270570030583,0.0284197985936068,0,TRUE,TRUE,TRUE,0.0246913580246914,TRUE,3,NA,NA
"FULL","smooth_smooth",19,20262575,"cGCV_default",8,-0.934953811869959,-1.27668448101419,0.11615721429078,0.0528829311666803,0.341730669144234,0.153559458628449,26.8800728005998,1.20838972945814,23.0112758328837,0.131810235012086,0.0262977994720351,0.284227564856652,TRUE,TRUE,TRUE,0.0246913580246914,TRUE,3,0.213000000000022,"central"
"FULL","smooth_smooth",19,20262575,"cGCV_best_global",8,-0.934953811869959,-1.27668448101419,0.11615721429078,0.0528829311666803,0.341730669144234,0.153559458628449,26.8800728005998,1.20838972945814,23.0112758328837,0.131810235012086,0.0262977994720351,0.284227564856652,TRUE,TRUE,TRUE,0.0246913580246914,TRUE,3,0.213000000000022,"central"
"FULL","smooth_smooth",19,20262575,"cGCV_start_low",8,-1.01162425551146,-1.35740287842987,0.0973589192954888,0.0439134058509,0.34577862291841,0.153618273933717,27.976005017685,1.24126166003394,22.7295555590691,0.131684120910071,0.0260658023573082,0.357591863478678,TRUE,TRUE,TRUE,0.0246913580246914,TRUE,3,0.16799999999995,"low"
"FULL","smooth_smooth",19,20262575,"cGCV_start_central",8,-0.934953811869959,-1.27668448101419,0.11615721429078,0.0528829311666803,0.341730669144234,0.153559458628449,26.8800728005998,1.20838972945814,23.0112758328837,0.131810235012086,0.0262977994720351,0.284227564856652,TRUE,TRUE,TRUE,0.0246913580246914,TRUE,3,0.213000000000022,"central"
"FULL","smooth_smooth",19,20262575,"cGCV_start_high",8,-0.83672646985272,-1.17059373735995,0.145637605593003,0.0675159313064382,0.333867267507226,0.154048099441903,25.5000272952165,1.16567939421104,23.45400836282,0.132401793712479,0.0270453204646584,0.23613654709339,TRUE,TRUE,TRUE,0.0246913580246914,TRUE,3,0.165999999999997,"high"
"FULL","smooth_smooth",20,20262672,"tt_grid_oracle",8,-1,-1.5,0.1,0.0316227766016838,0.5,0.151605688475132,29.2333122584441,1.39083623978453,22.1050657403626,0.153573210572928,0.0231638823052515,0,TRUE,FALSE,TRUE,0.0246913580246914,TRUE,3,2.51000000000033,NA
"FULL","smooth_smooth",20,20262672,"full_tp_gcv",8,-0.5,-4,0.316227766016838,1e-04,3.5,0.162267149761444,31.4110908267885,1.35710892613675,23.059963386792,0.158594549109406,0.0337494242178796,2.54950975679639,FALSE,FALSE,TRUE,0.0246913580246914,TRUE,3,NA,NA
"FULL","smooth_smooth",20,20262672,"cGCV_default",8,-0.900125213508459,-1.38608973939405,0.125856249733801,0.0411064772949197,0.48596452588559,0.151403325023522,27.7264736967151,1.37528263646069,22.4668664768125,0.154333070185953,0.0242079968645445,0.151494291800209,TRUE,FALSE,TRUE,0.0246913580246914,TRUE,3,0.158999999999992,"central"
"FULL","smooth_smooth",20,20262672,"cGCV_best_global",8,-0.900125213508459,-1.38608973939405,0.125856249733801,0.0411064772949197,0.48596452588559,0.151403325023522,27.7264736967151,1.37528263646069,22.4668664768125,0.154333070185953,0.0242079968645445,0.151494291800209,TRUE,FALSE,TRUE,0.0246913580246914,TRUE,3,0.158999999999992,"central"
"FULL","smooth_smooth",20,20262672,"cGCV_start_low",8,-0.99290644843001,-1.51792314976225,0.101646762703894,0.0303442809152017,0.525016701332239,0.151636337417163,29.2999396307899,1.3917701818057,22.0922851334971,0.153498334383817,0.0231662602265043,0.0192758338672061,TRUE,FALSE,TRUE,0.0246913580246914,TRUE,3,0.164999999999964,"low"
"FULL","smooth_smooth",20,20262672,"cGCV_start_central",8,-0.900125213508459,-1.38608973939405,0.125856249733801,0.0411064772949197,0.48596452588559,0.151403325023522,27.7264736967151,1.37528263646069,22.4668664768125,0.154333070185953,0.0242079968645445,0.151494291800209,TRUE,FALSE,TRUE,0.0246913580246914,TRUE,3,0.158999999999992,"central"
"FULL","smooth_smooth",20,20262672,"cGCV_start_high",8,-0.807874791847527,-1.25910191057454,0.155641428494133,0.0550678460263522,0.451227118727016,0.151766472121347,26.2228608205791,1.35447582748187,22.9155945657217,0.155708444789919,0.0257684244824701,0.308129818577278,TRUE,FALSE,TRUE,0.0246913580246914,TRUE,3,0.158999999999992,"high"
"FULL","smooth_smooth",21,20262769,"tt_grid_oracle",8,-1,-1,0.1,0.1,0,0.14783747771519,24.4431499446873,1.25760320701841,22.7819087722057,0.14473514293788,0.0262244662422742,0,TRUE,TRUE,TRUE,0.0123456790123457,TRUE,3,2.62399999999985,NA
"FULL","smooth_smooth",21,20262769,"full_tp_gcv",8,-2,-1.5,0.01,0.0316227766016838,-0.5,0.155253761383751,34.692402585425,1.52013421757207,21.2127885476919,0.13880702206049,0.0206864828727459,1.11803398874989,FALSE,TRUE,TRUE,0.0123456790123457,TRUE,3,NA,NA
"FULL","smooth_smooth",21,20262769,"cGCV_default",8,-0.99291905388989,-1.11037105320547,0.101643812434785,0.077558418862807,0.117451999315581,0.147611583969472,25.0551473470844,1.2701063639195,22.5887803622333,0.144650409113517,0.0256313363874821,0.110597961931941,TRUE,TRUE,TRUE,0.0123456790123457,TRUE,3,0.166999999999973,"central"
"FULL","smooth_smooth",21,20262769,"cGCV_best_global",8,-0.99291905388989,-1.11037105320547,0.101643812434785,0.077558418862807,0.117451999315581,0.147611583969472,25.0551473470844,1.2701063639195,22.5887803622333,0.144650409113517,0.0256313363874821,0.110597961931941,TRUE,TRUE,TRUE,0.0123456790123457,TRUE,3,0.166999999999973,"central"
"FULL","smooth_smooth",21,20262769,"cGCV_start_low",8,-1.06176777114598,-1.18874134364433,0.086742558738728,0.0647528154625211,0.126973572498349,0.147695532697289,26.0127367073748,1.29521186431004,22.354876650196,0.143562568464028,0.0245221418395341,0.198591420643012,TRUE,TRUE,TRUE,0.0123456790123457,TRUE,3,0.162000000000035,"low"
"FULL","smooth_smooth",21,20262769,"cGCV_start_central",8,-0.99291905388989,-1.11037105320547,0.101643812434785,0.077558418862807,0.117451999315581,0.147611583969472,25.0551473470844,1.2701063639195,22.5887803622333,0.144650409113517,0.0256313363874821,0.110597961931941,TRUE,TRUE,TRUE,0.0123456790123457,TRUE,3,0.166999999999973,"central"
"FULL","smooth_smooth",21,20262769,"cGCV_start_high",8,-0.932470293929348,-1.02692134101153,0.11682336351917,0.0939893527738662,0.0944510470821822,0.147825988611809,24.1489164785747,1.24668175465503,22.8565613500576,0.145818142402394,0.0268678313532274,0.0726981416808419,TRUE,TRUE,TRUE,0.0123456790123457,TRUE,3,0.163999999999987,"high"
"FULL","smooth_smooth",22,20262866,"tt_grid_oracle",8,-1.5,-2,0.0316227766016838,0.01,0.5,0.113240722950753,33.6208430007536,1.25290193551696,15.6736619866962,0.155350649179926,0.0275515429864594,0,TRUE,FALSE,FALSE,0.0816326530612245,TRUE,3,2.54500000000007,NA
"FULL","smooth_smooth",22,20262866,"full_tp_gcv",8,-1.5,-2,0.0316227766016838,0.01,0.5,0.113240722950753,33.6208430007536,1.25290193551696,15.6736619866962,0.155350649179926,0.0275515429864594,0,TRUE,FALSE,FALSE,0.0816326530612245,TRUE,3,NA,NA
"FULL","smooth_smooth",22,20262866,"cGCV_default",8,-1.35374842097873,-1.81014620381266,0.0442844830159748,0.0154829530263315,0.456397782833927,0.112927198658056,31.1312040251366,1.19305539682371,16.1015384341986,0.153056112700698,0.0250559374220354,0.239653892713973,TRUE,FALSE,FALSE,0.0816326530612245,TRUE,3,0.156000000000006,"central"
"FULL","smooth_smooth",22,20262866,"cGCV_best_global",8,-1.35374842097873,-1.81014620381266,0.0442844830159748,0.0154829530263315,0.456397782833927,0.112927198658056,31.1312040251366,1.19305539682371,16.1015384341986,0.153056112700698,0.0250559374220354,0.239653892713973,TRUE,FALSE,FALSE,0.0816326530612245,TRUE,3,0.156000000000006,"central"
"FULL","smooth_smooth",22,20262866,"cGCV_start_low",8,-1.43197557503744,-1.88252886256909,0.0369848979707132,0.0131060293873836,0.45055328753165,0.112988228220769,32.2796717486691,1.21953133575206,15.8918556002993,0.153894925789253,0.026041175011521,0.135745314912889,TRUE,FALSE,FALSE,0.0816326530612245,TRUE,3,0.163999999999987,"low"
"FULL","smooth_smooth",22,20262866,"cGCV_start_central",8,-1.35374842097873,-1.81014620381266,0.0442844830159748,0.0154829530263315,0.456397782833927,0.112927198658056,31.1312040251366,1.19305539682371,16.1015384341986,0.153056112700698,0.0250559374220354,0.239653892713973,TRUE,FALSE,FALSE,0.0816326530612245,TRUE,3,0.156000000000006,"central"
"FULL","smooth_smooth",22,20262866,"cGCV_start_high",8,-1.26485092181972,-1.68350995189707,0.0543436842433259,0.0207247856800588,0.418659030077345,0.113127682161992,29.5671108017043,1.15325146436278,16.4303080469009,0.152004377626316,0.0239617004597113,0.394285479718988,TRUE,FALSE,FALSE,0.0816326530612245,TRUE,3,0.158000000000015,"high"
"FULL","smooth_smooth",23,20262963,"tt_grid_oracle",8,-1.5,-2,0.0316227766016838,0.01,0.5,0.134885394292893,35.3259496408584,1.39938687697587,18.2888023057641,0.160297298938538,0.0258833867842565,0,TRUE,FALSE,FALSE,0.122448979591837,TRUE,3,2.60300000000012,NA
"FULL","smooth_smooth",23,20262963,"full_tp_gcv",8,-1,-1.5,0.1,0.0316227766016838,0.5,0.134361860104235,27.7837096056335,1.33428520455559,19.9248230039893,0.160336479377148,0.0244118495629396,0.707106781186548,FALSE,FALSE,FALSE,0.122448979591837,TRUE,3,NA,NA
"FULL","smooth_smooth",23,20262963,"cGCV_default",8,-1.17328428800722,-1.72724691487948,0.0670989481214663,0.018739287969432,0.553962626872266,0.133872859200709,30.6493513242164,1.36012440911214,19.197128515461,0.159385435268328,0.0242515630588419,0.425602398848636,FALSE,FALSE,FALSE,0.122448979591837,TRUE,3,0.158999999999992,"central"
"FULL","smooth_smooth",23,20262963,"cGCV_best_global",8,-1.17328428800722,-1.72724691487948,0.0670989481214663,0.018739287969432,0.553962626872266,0.133872859200709,30.6493513242164,1.36012440911214,19.197128515461,0.159385435268328,0.0242515630588419,0.425602398848636,FALSE,FALSE,FALSE,0.122448979591837,TRUE,3,0.158999999999992,"central"
"FULL","smooth_smooth",23,20262963,"cGCV_start_low",8,-1.24987914228525,-1.77133633300525,0.0562497838219576,0.0169302615329434,0.521457190720004,0.133949649187353,31.6123893341008,1.36611945171365,18.9903012430212,0.159338060519506,0.02434589774542,0.338891599287221,TRUE,FALSE,FALSE,0.122448979591837,TRUE,3,0.173000000000002,"low"
"FULL","smooth_smooth",23,20262963,"cGCV_start_central",8,-1.17328428800722,-1.72724691487948,0.0670989481214663,0.018739287969432,0.553962626872266,0.133872859200709,30.6493513242164,1.36012440911214,19.197128515461,0.159385435268328,0.0242515630588419,0.425602398848636,FALSE,FALSE,FALSE,0.122448979591837,TRUE,3,0.158999999999992,"central"
"FULL","smooth_smooth",23,20262963,"cGCV_start_high",8,-1.07600999497278,-1.57880359835224,0.0839440667178459,0.0263752388756238,0.502793603379466,0.134062229535326,28.9058136470243,1.34383135998714,19.6221660991155,0.159761590163928,0.024128859486703,0.597640304132849,FALSE,FALSE,FALSE,0.122448979591837,TRUE,3,0.160000000000025,"high"
"FULL","smooth_smooth",24,20263060,"tt_grid_oracle",8,-1.5,-1.5,0.0316227766016838,0.0316227766016838,0,0.146424056439144,30.1828117810371,1.29611023579911,21.1127949506987,0.167224252293068,0.0206595659518596,0,TRUE,FALSE,TRUE,0.0617283950617284,TRUE,3,2.65500000000014,NA
"FULL","smooth_smooth",24,20263060,"full_tp_gcv",8,-1,-1.5,0.1,0.0316227766016838,0.5,0.146702590748977,26.5473349460986,1.25483602358959,22.0683438391176,0.164689449117521,0.020410365582937,0.5,TRUE,FALSE,TRUE,0.0617283950617284,TRUE,3,NA,NA
"FULL","smooth_smooth",24,20263060,"cGCV_default",8,-1.21460850262362,-1.58863536100347,0.0610086615683581,0.0257848517632197,0.374026858379847,0.145801163024315,28.655789789752,1.27290178502523,21.4027638988207,0.165593696405182,0.0203703813213915,0.298838642071182,TRUE,FALSE,TRUE,0.0617283950617284,TRUE,3,0.158999999999992,"central"
"FULL","smooth_smooth",24,20263060,"cGCV_best_global",8,-1.28307282859793,-1.64393501400013,0.0521107317184216,0.0227020453032783,0.3608621854022,0.145755893791136,29.4979290064591,1.27751563760663,21.186316031007,0.166636175468013,0.0209936035046462,0.260335717771727,TRUE,FALSE,TRUE,0.0617283950617284,TRUE,3,0.165999999999997,"low"
"FULL","smooth_smooth",24,20263060,"cGCV_start_low",8,-1.28307282859793,-1.64393501400013,0.0521107317184216,0.0227020453032783,0.3608621854022,0.145755893791136,29.4979290064591,1.27751563760663,21.186316031007,0.166636175468013,0.0209936035046462,0.260335717771727,TRUE,FALSE,TRUE,0.0617283950617284,TRUE,3,0.165999999999997,"low"
"FULL","smooth_smooth",24,20263060,"cGCV_start_central",8,-1.21460850262362,-1.58863536100347,0.0610086615683581,0.0257848517632197,0.374026858379847,0.145801163024315,28.655789789752,1.27290178502523,21.4027638988207,0.165593696405182,0.0203703813213915,0.298838642071182,TRUE,FALSE,TRUE,0.0617283950617284,TRUE,3,0.158999999999992,"central"
"FULL","smooth_smooth",24,20263060,"cGCV_start_high",8,-1.11703342007654,-1.50095310387596,0.0763777006712587,0.0315534532647586,0.383919683799421,0.146180204064821,27.419090068246,1.26520055747682,21.7692805881294,0.164351557418991,0.01967488663613,0.382967765935029,TRUE,FALSE,TRUE,0.0617283950617284,TRUE,3,0.161000000000001,"high"
"FULL","smooth_smooth",25,20263157,"tt_grid_oracle",8,-1,-1.5,0.1,0.0316227766016838,0.5,0.14477843722233,25.8696867446284,0.974855144082169,21.9493999155876,0.145811959018091,0.0251464597389115,0,TRUE,FALSE,TRUE,0.0123456790123457,TRUE,3,2.56899999999996,NA
"FULL","smooth_smooth",25,20263157,"full_tp_gcv",8,-1.5,-4.5,0.0316227766016838,3.16227766016838e-05,3,0.156259629805676,38.4498383738563,1.0703221388204,20.3906743663567,0.151005019397417,0.0310296506628927,3.04138126514911,FALSE,FALSE,TRUE,0.0123456790123457,TRUE,3,NA,NA
"FULL","smooth_smooth",25,20263157,"cGCV_default",8,-1.16239470198654,-1.27389555588231,0.0688026709416919,0.0532236242152221,0.111500853895763,0.144110813854034,25.7838208038065,0.994757290134241,21.8697362174265,0.14592786066941,0.0250433001222668,0.278379702713882,TRUE,FALSE,TRUE,0.0123456790123457,TRUE,3,0.156000000000006,"central"
"FULL","smooth_smooth",25,20263157,"cGCV_best_global",8,-1.16239470198654,-1.27389555588231,0.0688026709416919,0.0532236242152221,0.111500853895763,0.144110813854034,25.7838208038065,0.994757290134241,21.8697362174265,0.14592786066941,0.0250433001222668,0.278379702713882,TRUE,FALSE,TRUE,0.0123456790123457,TRUE,3,0.156000000000006,"central"
"FULL","smooth_smooth",25,20263157,"cGCV_start_low",8,-1.21165462288986,-1.33841282310479,0.0614250299785634,0.0458761724815466,0.126758200214925,0.144125303245767,26.5738121338386,1.00033709002228,21.6740262039295,0.145518316751061,0.0250525193360726,0.266285739624964,TRUE,FALSE,TRUE,0.0123456790123457,TRUE,3,0.166999999999973,"low"
"FULL","smooth_smooth",25,20263157,"cGCV_start_central",8,-1.16239470198654,-1.27389555588231,0.0688026709416919,0.0532236242152221,0.111500853895763,0.144110813854034,25.7838208038065,0.994757290134241,21.8697362174265,0.14592786066941,0.0250433001222668,0.278379702713882,TRUE,FALSE,TRUE,0.0123456790123457,TRUE,3,0.156000000000006,"central"
"FULL","smooth_smooth",25,20263157,"cGCV_start_high",8,-1.08233529829144,-1.20917893290205,0.0827303195297647,0.0617761824740665,0.126843634610615,0.14436128951506,24.7752402908417,0.983942293871624,22.162140472966,0.14666101090519,0.0252145395651942,0.302251541621757,FALSE,FALSE,TRUE,0.0123456790123457,TRUE,3,0.168999999999983,"high"
"FULL","smooth_smooth",26,20263254,"tt_grid_oracle",8,-1.5,-1.5,0.0316227766016838,0.0316227766016838,0,0.115108422265624,33.1058893018087,1.30332959045661,16.0309451828432,0.183592507618061,0.0288115601280769,0,TRUE,FALSE,TRUE,0.0617283950617284,TRUE,3,2.52399999999983,NA
"FULL","smooth_smooth",26,20263254,"full_tp_gcv",8,-1.5,-1,0.0316227766016838,0.1,-0.5,0.115046936087406,29.1229021953501,1.20252111845688,16.796267398617,0.183414985103391,0.0317203275541475,0.5,FALSE,FALSE,TRUE,0.0617283950617284,TRUE,3,NA,NA
"FULL","smooth_smooth",26,20263254,"cGCV_default",8,-1.47482429811415,-1.22220716999618,0.0335100983054107,0.05995050282224,-0.252617128117968,0.114635826311701,30.77171265699,1.24432734682404,16.4148261925987,0.182980705428984,0.029688050343364,0.278931304028382,FALSE,FALSE,TRUE,0.0617283950617284,TRUE,3,0.158000000000015,"central"
"FULL","smooth_smooth",26,20263254,"cGCV_best_global",8,-1.47482429811415,-1.22220716999618,0.0335100983054107,0.05995050282224,-0.252617128117968,0.114635826311701,30.77171265699,1.24432734682404,16.4148261925987,0.182980705428984,0.029688050343364,0.278931304028382,FALSE,FALSE,TRUE,0.0617283950617284,TRUE,3,0.158000000000015,"central"
"FULL","smooth_smooth",26,20263254,"cGCV_start_low",8,-1.51157264810536,-1.30375431277582,0.0307912522714163,0.0496873331021188,-0.207818335329539,0.114692032920272,31.6788910339629,1.26640707672631,16.2472709311158,0.183032713126306,0.0292917841643705,0.196586611798113,TRUE,FALSE,TRUE,0.0617283950617284,TRUE,3,0.162999999999954,"low"
"FULL","smooth_smooth",26,20263254,"cGCV_start_central",8,-1.47482429811415,-1.22220716999618,0.0335100983054107,0.05995050282224,-0.252617128117968,0.114635826311701,30.77171265699,1.24432734682404,16.4148261925987,0.182980705428984,0.029688050343364,0.278931304028382,FALSE,FALSE,TRUE,0.0617283950617284,TRUE,3,0.158000000000015,"central"
"FULL","smooth_smooth",26,20263254,"cGCV_start_high",8,-1.38014673401007,-1.12160039898803,0.041672856062655,0.0755787319335377,-0.258546335022042,0.114768811617621,29.3156190969806,1.21102374653864,16.7178895452177,0.183149978095468,0.0304216755977024,0.39692702530121,FALSE,FALSE,TRUE,0.0617283950617284,TRUE,3,0.159999999999968,"high"
"FULL","smooth_smooth",27,20263351,"tt_grid_oracle",8,-1.5,-2,0.0316227766016838,0.01,0.5,0.128142596581721,31.7752861062905,1.35099211543073,18.1318918919402,0.14262131964135,0.0242589030452089,0,TRUE,FALSE,FALSE,0.142857142857143,TRUE,3,2.66199999999998,NA
"FULL","smooth_smooth",27,20263351,"full_tp_gcv",8,-1.5,-1.5,0.0316227766016838,0.0316227766016838,0,0.127778751764346,28.2334567281537,1.21553605800916,18.8497587899769,0.141824175594005,0.0206098817772391,0.5,TRUE,FALSE,FALSE,0.142857142857143,TRUE,3,NA,NA
"FULL","smooth_smooth",27,20263351,"cGCV_default",8,-1.82332059014763,-1.75292303302487,0.0150203277703636,0.0176635083095928,-0.0703975571227537,0.127572665512158,32.4933794381148,1.35348739125142,17.8974677214037,0.143353874498324,0.0230021683984092,0.406919195446759,TRUE,FALSE,FALSE,0.142857142857143,TRUE,3,0.177999999999997,"central"
"FULL","smooth_smooth",27,20263351,"cGCV_best_global",8,-1.76363083578129,-1.68788837058311,0.01723332840669,0.0205168946958524,-0.0757424651981781,0.127511710463465,31.5471890530363,1.32350954944544,18.0915843174289,0.142769239248929,0.0222069040911549,0.408552183682827,TRUE,FALSE,FALSE,0.142857142857143,TRUE,3,0.173000000000002,"high"
"FULL","smooth_smooth",27,20263351,"cGCV_start_low",8,-1.88899583211214,-1.85049112030497,0.012912316653965,0.0141094108462212,-0.0385047118071628,0.127762802594998,33.7528143322081,1.39271662858664,17.655622655463,0.144330424242131,0.0243193719372661,0.41673812221619,TRUE,FALSE,FALSE,0.142857142857143,TRUE,3,0.16700000000003,"low"
"FULL","smooth_smooth",27,20263351,"cGCV_start_central",8,-1.82332059014763,-1.75292303302487,0.0150203277703636,0.0176635083095928,-0.0703975571227537,0.127572665512158,32.4933794381148,1.35348739125142,17.8974677214037,0.143353874498324,0.0230021683984092,0.406919195446759,TRUE,FALSE,FALSE,0.142857142857143,TRUE,3,0.177999999999997,"central"
"FULL","smooth_smooth",27,20263351,"cGCV_start_high",8,-1.76363083578129,-1.68788837058311,0.01723332840669,0.0205168946958524,-0.0757424651981781,0.127511710463465,31.5471890530363,1.32350954944544,18.0915843174289,0.142769239248929,0.0222069040911549,0.408552183682827,TRUE,FALSE,FALSE,0.142857142857143,TRUE,3,0.173000000000002,"high"
"FULL","smooth_smooth",28,20263448,"tt_grid_oracle",8,-1.5,-1.5,0.0316227766016838,0.0316227766016838,0,0.138406856078586,32.3399763664052,1.26040284060767,19.4530030170263,0.126687919531846,0.0157393255074555,0,TRUE,FALSE,TRUE,0.0493827160493827,TRUE,3,2.517,NA
"FULL","smooth_smooth",28,20263448,"full_tp_gcv",8,-1.5,-1.5,0.0316227766016838,0.0316227766016838,0,0.138406856078586,32.3399763664052,1.26040284060767,19.4530030170263,0.126687919531846,0.0157393255074555,0,TRUE,FALSE,TRUE,0.0493827160493827,TRUE,3,NA,NA
"FULL","smooth_smooth",28,20263448,"cGCV_default",8,-1.20289354704384,-1.29346921744089,0.0626767477202456,0.0508780880481632,0.0905756703970506,0.137723508393693,28.7818999242168,1.12965832090594,20.1872624386398,0.126934208820268,0.0162552743533276,0.361838649860217,TRUE,FALSE,TRUE,0.0493827160493827,TRUE,3,0.164999999999964,"central"
"FULL","smooth_smooth",28,20263448,"cGCV_best_global",8,-1.20289354704384,-1.29346921744089,0.0626767477202456,0.0508780880481632,0.0905756703970506,0.137723508393693,28.7818999242168,1.12965832090594,20.1872624386398,0.126934208820268,0.0162552743533276,0.361838649860217,TRUE,FALSE,TRUE,0.0493827160493827,TRUE,3,0.164999999999964,"central"
"FULL","smooth_smooth",28,20263448,"cGCV_start_low",8,-1.31543907289704,-1.41581239750107,0.0483683115368928,0.0383873031591194,0.100373324604035,0.137891741618599,30.4366370066565,1.1882466988159,19.8231334270682,0.126463022067339,0.0154915490778529,0.20285533817877,TRUE,FALSE,TRUE,0.0493827160493827,TRUE,3,0.172000000000025,"low"
"FULL","smooth_smooth",28,20263448,"cGCV_start_central",8,-1.20289354704384,-1.29346921744089,0.0626767477202456,0.0508780880481632,0.0905756703970506,0.137723508393693,28.7818999242168,1.12965832090594,20.1872624386398,0.126934208820268,0.0162552743533276,0.361838649860217,TRUE,FALSE,TRUE,0.0493827160493827,TRUE,3,0.164999999999964,"central"
"FULL","smooth_smooth",28,20263448,"cGCV_start_high",8,-1.10459959656302,-1.1962635445125,0.0785959926633741,0.0636409209172925,0.0916639479494811,0.137903972002205,27.426327201842,1.08283916593779,20.5350546827751,0.127824314567111,0.0173562554552019,0.49859534036154,FALSE,FALSE,TRUE,0.0493827160493827,TRUE,3,0.168999999999983,"high"
"FULL","smooth_smooth",29,20263545,"tt_grid_oracle",8,-2,-1.5,0.01,0.0316227766016838,-0.5,0.13994959161374,32.2034642101735,1.782524654829,19.7018777848319,0.13474580601979,0.0251511270665594,0,TRUE,FALSE,TRUE,0.0617283950617284,TRUE,3,2.59999999999997,NA
"FULL","smooth_smooth",29,20263545,"full_tp_gcv",8,-2.5,-1.5,0.00316227766016838,0.0316227766016838,-1,0.140557492883879,34.6921406931028,1.86730167594521,19.204854015512,0.142307788465298,0.0343774043157918,0.5,TRUE,FALSE,TRUE,0.0617283950617284,TRUE,3,NA,NA
"FULL","smooth_smooth",29,20263545,"cGCV_default",8,-1.50163354193617,-1.22474364287337,0.0315040550779653,0.0596013857215557,-0.276889899062796,0.139319320787263,26.8773800131574,1.5906350894472,20.878004399578,0.138731107784053,0.02712765289154,0.569328717580374,TRUE,FALSE,TRUE,0.0617283950617284,TRUE,3,0.158000000000015,"central"
"FULL","smooth_smooth",29,20263545,"cGCV_best_global",8,-1.50163354193617,-1.22474364287337,0.0315040550779653,0.0596013857215557,-0.276889899062796,0.139319320787263,26.8773800131574,1.5906350894472,20.878004399578,0.138731107784053,0.02712765289154,0.569328717580374,TRUE,FALSE,TRUE,0.0617283950617284,TRUE,3,0.158000000000015,"central"
"FULL","smooth_smooth",29,20263545,"cGCV_start_low",8,-1.66280776667982,-1.34106785988607,0.0217366310223331,0.0455965664307948,-0.32173990679375,0.139362085680894,28.8052075316199,1.65803793703199,20.4218810076066,0.135599685739864,0.0245103272363119,0.372770743718771,TRUE,FALSE,TRUE,0.0617283950617284,TRUE,3,0.165999999999997,"low"
"FULL","smooth_smooth",29,20263545,"cGCV_start_central",8,-1.50163354193617,-1.22474364287337,0.0315040550779653,0.0596013857215557,-0.276889899062796,0.139319320787263,26.8773800131574,1.5906350894472,20.878004399578,0.138731107784053,0.02712765289154,0.569328717580374,TRUE,FALSE,TRUE,0.0617283950617284,TRUE,3,0.158000000000015,"central"
"FULL","smooth_smooth",29,20263545,"cGCV_start_high",8,-1.28560788216977,-1.11133299125838,0.0518074382264771,0.0773868214007146,-0.174274890911393,0.139767473889194,24.6859674328968,1.52196662799693,21.4787735487357,0.14406462231217,0.0319818294501834,0.813276177999899,TRUE,FALSE,TRUE,0.0617283950617284,TRUE,3,0.157999999999959,"high"
"FULL","smooth_smooth",30,20263642,"tt_grid_oracle",8,-2,-1.5,0.01,0.0316227766016838,-0.5,0.144056891436353,32.4053570802117,1.50730279192641,20.2313241446726,0.142826050038328,0.0290030672263317,0,TRUE,FALSE,TRUE,0.037037037037037,TRUE,3,2.49699999999984,NA
"FULL","smooth_smooth",30,20263642,"full_tp_gcv",8,-0.5,-4.5,0.316227766016838,3.16227766016838e-05,4,0.165840763596358,26.880373105209,1.13039513689007,24.8515744317274,0.142269767725727,0.0321664722976533,3.35410196624968,FALSE,FALSE,TRUE,0.037037037037037,TRUE,3,NA,NA
"FULL","smooth_smooth",30,20263642,"cGCV_default",8,-1.58479555171007,-1.32647575594129,0.0260138390136318,0.0471546194200318,-0.258319795768782,0.143805432230979,28.4552822932797,1.35375929105571,21.1592366217783,0.1374999392123,0.0242677110304123,0.45000599679992,TRUE,FALSE,TRUE,0.037037037037037,TRUE,3,0.163000000000011,"central"
"FULL","smooth_smooth",30,20263642,"cGCV_best_global",8,-1.6974835481184,-1.47094775942889,0.0200685711205305,0.0338105503916678,-0.22653578868951,0.143622644909828,30.248218951225,1.41537489061153,20.6929116684315,0.138382234030747,0.0252449822871667,0.3039082696164,TRUE,FALSE,TRUE,0.037037037037037,TRUE,3,0.158999999999992,"low"
"FULL","smooth_smooth",30,20263642,"cGCV_start_low",8,-1.6974835481184,-1.47094775942889,0.0200685711205305,0.0338105503916678,-0.22653578868951,0.143622644909828,30.248218951225,1.41537489061153,20.6929116684315,0.138382234030747,0.0252449822871667,0.3039082696164,TRUE,FALSE,TRUE,0.037037037037037,TRUE,3,0.158999999999992,"low"
"FULL","smooth_smooth",30,20263642,"cGCV_start_central",8,-1.58479555171007,-1.32647575594129,0.0260138390136318,0.0471546194200318,-0.258319795768782,0.143805432230979,28.4552822932797,1.35375929105571,21.1592366217783,0.1374999392123,0.0242677110304123,0.45000599679992,TRUE,FALSE,TRUE,0.037037037037037,TRUE,3,0.163000000000011,"central"
"FULL","smooth_smooth",30,20263642,"cGCV_start_high",8,-1.42368250719504,-1.15576333519048,0.0376979290565621,0.0698613003138202,-0.267919172004557,0.144763132183479,26.1972558736821,1.27632381178969,21.8645847555938,0.137243732622636,0.0240042018918871,0.671297798232781,FALSE,FALSE,TRUE,0.037037037037037,TRUE,3,0.158000000000015,"high"
"FULL","smooth_smooth",31,20263739,"tt_grid_oracle",8,-2,-1,0.01,0.1,-1,0.136662143861935,28.884362244967,1.3978475391866,20.0077215296362,0.158103409202222,0.0295445024379487,0,TRUE,TRUE,TRUE,0.0617283950617284,TRUE,3,2.55700000000002,NA
"FULL","smooth_smooth",31,20263739,"full_tp_gcv",8,-0.5,-2.5,0.316227766016838,0.00316227766016838,2,0.154047717996571,26.1687077841736,1.4526107731013,23.2745445275567,0.15591176393864,0.026482112351005,2.12132034355964,FALSE,TRUE,TRUE,0.0617283950617284,TRUE,3,NA,NA
"FULL","smooth_smooth",31,20263739,"cGCV_default",8,-1.69154866719101,-1.11797961572764,0.0203447019963641,0.0762114780202838,-0.573569051463373,0.136406599952806,28.3295485960762,1.38860190931412,20.1000198573188,0.151957785745949,0.0237142095567374,0.330244476772712,TRUE,TRUE,TRUE,0.0617283950617284,TRUE,3,0.159000000000049,"central"
"FULL","smooth_smooth",31,20263739,"cGCV_best_global",8,-1.7582393650818,-1.2009114988535,0.0174486019337576,0.0629634477593046,-0.557327866228299,0.136366395208278,29.3161467568014,1.41281137579663,19.8637957926701,0.151684087998034,0.0231889726002732,0.314346361467111,TRUE,TRUE,TRUE,0.0617283950617284,TRUE,3,0.166000000000054,"low"
"FULL","smooth_smooth",31,20263739,"cGCV_start_low",8,-1.7582393650818,-1.2009114988535,0.0174486019337576,0.0629634477593046,-0.557327866228299,0.136366395208278,29.3161467568014,1.41281137579663,19.8637957926701,0.151684087998034,0.0231889726002732,0.314346361467111,TRUE,TRUE,TRUE,0.0617283950617284,TRUE,3,0.166000000000054,"low"
"FULL","smooth_smooth",31,20263739,"cGCV_start_central",8,-1.69154866719101,-1.11797961572764,0.0203447019963641,0.0762114780202838,-0.573569051463373,0.136406599952806,28.3295485960762,1.38860190931412,20.1000198573188,0.151957785745949,0.0237142095567374,0.330244476772712,TRUE,TRUE,TRUE,0.0617283950617284,TRUE,3,0.159000000000049,"central"
"FULL","smooth_smooth",31,20263739,"cGCV_start_high",8,-1.61920958382757,-1.03740253192791,0.0240320277148227,0.0917481821381903,-0.581807051899666,0.136649173261633,27.3433578494712,1.36421719548904,20.3677752341088,0.152437242624543,0.024405264680685,0.38262290893697,TRUE,TRUE,TRUE,0.0617283950617284,TRUE,3,0.165999999999997,"high"
"FULL","smooth_smooth",32,20263836,"tt_grid_oracle",8,-1,-1.5,0.1,0.0316227766016838,0.5,0.151387590296888,25.8023117686039,1.33700616110825,22.9691569290272,0.141492933747591,0.0238448921389296,0,TRUE,FALSE,TRUE,0.037037037037037,TRUE,3,2.53699999999992,NA
"FULL","smooth_smooth",32,20263836,"full_tp_gcv",8,-1,-1.5,0.1,0.0316227766016838,0.5,0.151387590296888,25.8023117686039,1.33700616110825,22.9691569290272,0.141492933747591,0.0238448921389296,0,TRUE,FALSE,TRUE,0.037037037037037,TRUE,3,NA,NA
"FULL","smooth_smooth",32,20263836,"cGCV_default",8,-1.02984672299398,-1.35370558188849,0.0933583735493815,0.0442888514816407,0.323858858894511,0.151361070533925,25.1681537949162,1.32347566815714,23.1326444324849,0.14158977262193,0.0235832594255214,0.149308016007394,TRUE,FALSE,TRUE,0.037037037037037,TRUE,3,0.161000000000001,"central"
"FULL","smooth_smooth",32,20263836,"cGCV_best_global",8,-1.08993771792148,-1.42028649443373,0.0812947092372997,0.0379938676517559,0.330348776512249,0.151302688180925,25.983464579275,1.33033158629198,22.9085543689486,0.141477090394303,0.0235377231687381,0.120179183199869,TRUE,FALSE,TRUE,0.037037037037037,TRUE,3,0.161999999999978,"low"
"FULL","smooth_smooth",32,20263836,"cGCV_start_low",8,-1.08993771792148,-1.42028649443373,0.0812947092372997,0.0379938676517559,0.330348776512249,0.151302688180925,25.983464579275,1.33033158629198,22.9085543689486,0.141477090394303,0.0235377231687381,0.120179183199869,TRUE,FALSE,TRUE,0.037037037037037,TRUE,3,0.161999999999978,"low"
"FULL","smooth_smooth",32,20263836,"cGCV_start_central",8,-1.02984672299398,-1.35370558188849,0.0933583735493815,0.0442888514816407,0.323858858894511,0.151361070533925,25.1681537949162,1.32347566815714,23.1326444324849,0.14158977262193,0.0235832594255214,0.149308016007394,TRUE,FALSE,TRUE,0.037037037037037,TRUE,3,0.161000000000001,"central"
"FULL","smooth_smooth",32,20263836,"cGCV_start_high",8,-0.956019386626405,-1.250475524418,0.11065743861061,0.0561725934714035,0.294456137791597,0.151754776105457,24.0625234647255,1.31383963103595,23.4870833968719,0.142125536733318,0.0239907515624036,0.253370792056206,TRUE,FALSE,TRUE,0.037037037037037,TRUE,3,0.157999999999959,"high"
"FULL","smooth_smooth",33,20263933,"tt_grid_oracle",8,-1.5,-1.5,0.0316227766016838,0.0316227766016838,0,0.15412224363869,30.7225689968975,1.39136653265939,22.0817478230215,0.162737859772266,0.0311528726326772,0,TRUE,FALSE,TRUE,0.0493827160493827,TRUE,3,2.53800000000007,NA
"FULL","smooth_smooth",33,20263933,"full_tp_gcv",8,-0.5,-1.5,0.316227766016838,0.0316227766016838,1,0.160559070773505,23.6914040880531,1.28403738041224,24.9546695890009,0.172560487690606,0.0376931673391345,1,FALSE,FALSE,TRUE,0.0493827160493827,TRUE,3,NA,NA
"FULL","smooth_smooth",33,20263933,"cGCV_default",8,-1.14245573601864,-1.78288393089853,0.072035116682866,0.0164860293659695,0.640428194879891,0.153898012843649,30.0934110293754,1.38066482132774,22.213830758128,0.160032375325323,0.0270902950649585,0.455917995988947,TRUE,FALSE,TRUE,0.0493827160493827,TRUE,3,0.154999999999973,"central"
"FULL","smooth_smooth",33,20263933,"cGCV_best_global",8,-1.14245573601864,-1.78288393089853,0.072035116682866,0.0164860293659695,0.640428194879891,0.153898012843649,30.0934110293754,1.38066482132774,22.213830758128,0.160032375325323,0.0270902950649585,0.455917995988947,TRUE,FALSE,TRUE,0.0493827160493827,TRUE,3,0.154999999999973,"central"
"FULL","smooth_smooth",33,20263933,"cGCV_start_low",8,-1.20717832826023,-1.84405810931459,0.0620614147808446,0.0143199628300119,0.636879781054369,0.153955076191544,31.0132201538857,1.38846266801396,21.9821151165091,0.159614010727774,0.0267782136020326,0.451796983196667,TRUE,FALSE,TRUE,0.0493827160493827,TRUE,3,0.159000000000049,"low"
"FULL","smooth_smooth",33,20263933,"cGCV_start_central",8,-1.14245573601864,-1.78288393089853,0.072035116682866,0.0164860293659695,0.640428194879891,0.153898012843649,30.0934110293754,1.38066482132774,22.213830758128,0.160032375325323,0.0270902950649585,0.455917995988947,TRUE,FALSE,TRUE,0.0493827160493827,TRUE,3,0.154999999999973,"central"
"FULL","smooth_smooth",33,20263933,"cGCV_start_high",8,-1.06672236584326,-1.6524005285852,0.0857585904349769,0.0222638091979541,0.585678162741942,0.153950937434299,28.6403134772569,1.3697320260025,22.6031860664118,0.161076535014696,0.0281731041513943,0.459298845386649,TRUE,FALSE,TRUE,0.0493827160493827,TRUE,3,0.156000000000006,"high"
"FULL","smooth_smooth",34,20264030,"tt_grid_oracle",8,-1,-1.5,0.1,0.0316227766016838,0.5,0.161520193554738,28.6743679810057,1.19468948996647,23.7050849445356,0.129948140542088,0.0237085463358497,0,TRUE,FALSE,TRUE,0.0493827160493827,TRUE,3,2.52700000000016,NA
"FULL","smooth_smooth",34,20264030,"full_tp_gcv",8,-2.5,-4,0.00316227766016838,1e-04,1.5,0.186648393556524,52.0665784466253,1.54218373577403,20.4233445941225,0.158908977240072,0.043943644085173,2.91547594742265,FALSE,FALSE,TRUE,0.0493827160493827,TRUE,3,NA,NA
"FULL","smooth_smooth",34,20264030,"cGCV_default",8,-0.951601704388501,-1.5829593960707,0.111788800355216,0.0261240558723591,0.6313576916822,0.161691013236769,28.8781807241771,1.21465841052822,23.673728598162,0.130174393668283,0.0239740657236117,0.0960450749102397,TRUE,FALSE,TRUE,0.0493827160493827,TRUE,3,0.162000000000035,"central"
"FULL","smooth_smooth",34,20264030,"cGCV_best_global",8,-1.03515919532165,-1.57228732242998,0.0922233310631793,0.0267739641519842,0.53712812710833,0.161616730409283,29.4353484580528,1.21198085532565,23.5090123178054,0.12961643316394,0.0230070907181396,0.0803842397473697,TRUE,FALSE,TRUE,0.0493827160493827,TRUE,3,0.165999999999997,"low"
"FULL","smooth_smooth",34,20264030,"cGCV_start_low",8,-1.03515919532165,-1.57228732242998,0.0922233310631793,0.0267739641519842,0.53712812710833,0.161616730409283,29.4353484580528,1.21198085532565,23.5090123178054,0.12961643316394,0.0230070907181396,0.0803842397473697,TRUE,FALSE,TRUE,0.0493827160493827,TRUE,3,0.165999999999997,"low"
"FULL","smooth_smooth",34,20264030,"cGCV_start_central",8,-0.951601704388501,-1.5829593960707,0.111788800355216,0.0261240558723591,0.6313576916822,0.161691013236769,28.8781807241771,1.21465841052822,23.673728598162,0.130174393668283,0.0239740657236117,0.0960450749102397,TRUE,FALSE,TRUE,0.0493827160493827,TRUE,3,0.162000000000035,"central"
"FULL","smooth_smooth",34,20264030,"cGCV_start_high",8,-0.859854987225352,-1.57804938718077,0.138084525773939,0.026421082844757,0.718194399955423,0.162011515947618,28.1515323448417,1.21410361868792,23.9225360655225,0.131073216968192,0.0254169700135112,0.160413002730143,TRUE,FALSE,TRUE,0.0493827160493827,TRUE,3,0.156999999999982,"high"
"FULL","smooth_smooth",35,20264127,"tt_grid_oracle",8,-1.5,-1.5,0.0316227766016838,0.0316227766016838,0,0.13676191909206,30.7289160643029,1.22512885465823,19.5929910979004,0.150777500447421,0.0176335257707266,0,TRUE,FALSE,TRUE,0.0987654320987654,TRUE,3,2.53299999999996,NA
"FULL","smooth_smooth",35,20264127,"full_tp_gcv",8,-1.5,-1.5,0.0316227766016838,0.0316227766016838,0,0.13676191909206,30.7289160643029,1.22512885465823,19.5929910979004,0.150777500447421,0.0176335257707266,0,TRUE,FALSE,TRUE,0.0987654320987654,TRUE,3,NA,NA
"FULL","smooth_smooth",35,20264127,"cGCV_default",8,-1.3552383292855,-1.26689333294775,0.0441328191688901,0.0540887153907242,-0.0883449963377492,0.13618270208039,27.9040096718497,1.16943822127208,20.166635788055,0.15368019539652,0.0201107246247373,0.27439872363454,TRUE,FALSE,TRUE,0.0987654320987654,TRUE,3,0.160000000000025,"central"
"FULL","smooth_smooth",35,20264127,"cGCV_best_global",8,-1.3552383292855,-1.26689333294775,0.0441328191688901,0.0540887153907242,-0.0883449963377492,0.13618270208039,27.9040096718497,1.16943822127208,20.166635788055,0.15368019539652,0.0201107246247373,0.27439872363454,TRUE,FALSE,TRUE,0.0987654320987654,TRUE,3,0.160000000000025,"central"
"FULL","smooth_smooth",35,20264127,"cGCV_start_low",8,-1.41492202374399,-1.34278589233332,0.0384660840531901,0.0454165465550696,-0.0721361314106719,0.136213349525231,28.8974830245025,1.18813912584993,19.938958674017,0.152462358321493,0.0190808259925863,0.178758322025154,TRUE,FALSE,TRUE,0.0987654320987654,TRUE,3,0.161999999999978,"low"
"FULL","smooth_smooth",35,20264127,"cGCV_start_central",8,-1.3552383292855,-1.26689333294775,0.0441328191688901,0.0540887153907242,-0.0883449963377492,0.13618270208039,27.9040096718497,1.16943822127208,20.166635788055,0.15368019539652,0.0201107246247373,0.27439872363454,TRUE,FALSE,TRUE,0.0987654320987654,TRUE,3,0.160000000000025,"central"
"FULL","smooth_smooth",35,20264127,"cGCV_start_high",8,-1.2853920485807,-1.17020442032066,0.0518331916375711,0.0675764821274797,-0.115187628260038,0.136439557468467,26.6996656487834,1.14756865202747,20.4884501628346,0.155599384318824,0.0217884883105439,0.393473883743789,TRUE,FALSE,TRUE,0.0987654320987654,TRUE,3,0.159999999999968,"high"
"FULL","smooth_smooth",36,20264224,"tt_grid_oracle",8,-1.5,-2,0.0316227766016838,0.01,0.5,0.138958449680284,31.253919446155,1.16806354373548,19.7843758165198,0.143670293785982,0.0237596584860362,0,TRUE,FALSE,FALSE,0.0612244897959184,TRUE,3,2.57900000000001,NA
"FULL","smooth_smooth",36,20264224,"full_tp_gcv",8,-2.5,-1.5,0.00316227766016838,0.0316227766016838,-1,0.143631479779671,34.5495010753077,1.3610647811611,19.6587455494035,0.147979804956214,0.0272257108533341,1.11803398874989,FALSE,FALSE,FALSE,0.0612244897959184,TRUE,3,NA,NA
"FULL","smooth_smooth",36,20264224,"cGCV_default",8,-1.47436124823656,-1.6738489461337,0.0335458462198516,0.0211909805986408,0.199487697897138,0.139268882066799,29.2018224401401,1.12256347918941,20.3137712948834,0.137894674621747,0.0203171409848536,0.32715723365086,TRUE,FALSE,FALSE,0.0612244897959184,TRUE,3,0.168999999999983,"central"
"FULL","smooth_smooth",36,20264224,"cGCV_best_global",8,-1.61179182163351,-1.86123812216228,0.0244460208799252,0.0137645455668245,0.249446300528778,0.13898595782812,31.4626452286573,1.18364079676422,19.7393694393342,0.143362309122049,0.0234817436412179,0.178191666823078,TRUE,FALSE,FALSE,0.0612244897959184,TRUE,3,0.211000000000013,"low"
"FULL","smooth_smooth",36,20264224,"cGCV_start_low",8,-1.61179182163351,-1.86123812216228,0.0244460208799252,0.0137645455668245,0.249446300528778,0.13898595782812,31.4626452286573,1.18364079676422,19.7393694393342,0.143362309122049,0.0234817436412179,0.178191666823078,TRUE,FALSE,FALSE,0.0612244897959184,TRUE,3,0.211000000000013,"low"
"FULL","smooth_smooth",36,20264224,"cGCV_start_central",8,-1.47436124823656,-1.6738489461337,0.0335458462198516,0.0211909805986408,0.199487697897138,0.139268882066799,29.2018224401401,1.12256347918941,20.3137712948834,0.137894674621747,0.0203171409848536,0.32715723365086,TRUE,FALSE,FALSE,0.0612244897959184,TRUE,3,0.168999999999983,"central"
"FULL","smooth_smooth",36,20264224,"cGCV_start_high",8,-1.31390870950555,-1.52017156494236,0.0485390520532072,0.0301875894559475,0.206262855436812,0.14007941039401,27.0315239857168,1.0694737255873,20.9545446243342,0.133946191410743,0.0185867964070832,0.514650653830099,TRUE,FALSE,FALSE,0.0612244897959184,TRUE,3,0.158000000000015,"high"
"FULL","smooth_smooth",37,20264321,"tt_grid_oracle",8,-1,-1.5,0.1,0.0316227766016838,0.5,0.161318579797323,26.7679419025563,1.43953472869497,24.2053253486613,0.143075854103811,0.0159562228435249,0,TRUE,FALSE,TRUE,0.0123456790123457,TRUE,3,2.60699999999991,NA
"FULL","smooth_smooth",37,20264321,"full_tp_gcv",8,-1.5,-4.5,0.0316227766016838,3.16227766016838e-05,3,0.174525732430351,40.1775547711086,1.84266196352392,22.2897406589527,0.157022793075286,0.0300409959622178,3.04138126514911,FALSE,FALSE,TRUE,0.0123456790123457,TRUE,3,NA,NA
"FULL","smooth_smooth",37,20264321,"cGCV_default",8,-1.08448406701869,-1.37481792625876,0.0823220037878181,0.0421873332654145,0.290333859240071,0.160978124465738,26.5239448073345,1.44550701926931,24.2223314835267,0.140716181774522,0.0142244218171052,0.151023538450718,TRUE,FALSE,TRUE,0.0123456790123457,TRUE,3,0.160000000000025,"central"
"FULL","smooth_smooth",37,20264321,"cGCV_best_global",8,-1.08448406701869,-1.37481792625876,0.0823220037878181,0.0421873332654145,0.290333859240071,0.160978124465738,26.5239448073345,1.44550701926931,24.2223314835267,0.140716181774522,0.0142244218171052,0.151023538450718,TRUE,FALSE,TRUE,0.0123456790123457,TRUE,3,0.160000000000025,"central"
"FULL","smooth_smooth",37,20264321,"cGCV_start_low",8,-1.12580386883186,-1.42677833123419,0.0748507456675907,0.0374301587244607,0.300974462402336,0.16109659196006,27.2118669219578,1.46880021137629,24.0482889624518,0.140710561063203,0.0142236147399773,0.145561073745397,TRUE,FALSE,TRUE,0.0123456790123457,TRUE,3,0.159999999999968,"low"
"FULL","smooth_smooth",37,20264321,"cGCV_start_central",8,-1.08448406701869,-1.37481792625876,0.0823220037878181,0.0421873332654145,0.290333859240071,0.160978124465738,26.5239448073345,1.44550701926931,24.2223314835267,0.140716181774522,0.0142244218171052,0.151023538450718,TRUE,FALSE,TRUE,0.0123456790123457,TRUE,3,0.160000000000025,"central"
"FULL","smooth_smooth",37,20264321,"cGCV_start_high",8,-1.01199777899878,-1.3184530894014,0.0972752198462073,0.0480337961452393,0.306455310402616,0.161017495203264,25.5835299903092,1.41024568731933,24.4916506506447,0.141225803405923,0.0146220412738314,0.181942923601881,TRUE,FALSE,TRUE,0.0123456790123457,TRUE,3,0.162000000000035,"high"
"FULL","smooth_smooth",38,20264418,"tt_grid_oracle",8,-1,-2,0.1,0.01,1,0.144375181892495,30.9360339151774,1.74444347722049,20.6331081484003,0.148314167623453,0.0295330274065462,0,TRUE,FALSE,FALSE,0.122448979591837,TRUE,3,2.5259999999999,NA
"FULL","smooth_smooth",38,20264418,"full_tp_gcv",8,-0.5,-3,0.316227766016838,0.001,2.5,0.152149745795984,29.0214770381644,1.68540666098189,22.239466123723,0.164724762638069,0.046547903928011,1.11803398874989,FALSE,FALSE,FALSE,0.122448979591837,TRUE,3,NA,NA
"FULL","smooth_smooth",38,20264418,"cGCV_default",8,-0.985332266389237,-1.90568453362519,0.10343505116447,0.0124255455679425,0.920352267235956,0.144449318572177,30.373871105132,1.72390551893678,20.7812182641926,0.147279727033525,0.0285156010553723,0.0954491990892212,TRUE,FALSE,FALSE,0.122448979591837,TRUE,3,0.161000000000001,"central"
"FULL","smooth_smooth",38,20264418,"cGCV_best_global",8,-1.06745569205104,-1.95732443896477,0.0856139052987493,0.0110325412782571,0.889868746913731,0.144421741986323,31.3355314372422,1.75546644666031,20.5423340817554,0.147476542821641,0.0285627365520214,0.0798215127628906,TRUE,FALSE,FALSE,0.122448979591837,TRUE,3,0.159000000000049,"low"
"FULL","smooth_smooth",38,20264418,"cGCV_start_low",8,-1.06745569205104,-1.95732443896477,0.0856139052987493,0.0110325412782571,0.889868746913731,0.144421741986323,31.3355314372422,1.75546644666031,20.5423340817554,0.147476542821641,0.0285627365520214,0.0798215127628906,TRUE,FALSE,FALSE,0.122448979591837,TRUE,3,0.159000000000049,"low"
"FULL","smooth_smooth",38,20264418,"cGCV_start_central",8,-0.985332266389237,-1.90568453362519,0.10343505116447,0.0124255455679425,0.920352267235956,0.144449318572177,30.373871105132,1.72390551893678,20.7812182641926,0.147279727033525,0.0285156010553723,0.0954491990892212,TRUE,FALSE,FALSE,0.122448979591837,TRUE,3,0.161000000000001,"central"
"FULL","smooth_smooth",38,20264418,"cGCV_start_high",8,-0.898873874586733,-1.7703098385163,0.12621940408155,0.0169703250734364,0.871435963929565,0.144935641574151,28.9850113589987,1.67356417551347,21.1940304231473,0.146342500095471,0.0276403836770792,0.250966259731281,TRUE,FALSE,FALSE,0.122448979591837,TRUE,3,0.161999999999978,"high"
"FULL","smooth_smooth",39,20264515,"tt_grid_oracle",8,-1,-1,0.1,0.1,0,0.106010713737029,21.883953801598,1.58531734547028,16.8161222180711,0.153680942026704,0.0303271976022157,0,TRUE,TRUE,TRUE,0.0246913580246914,TRUE,3,2.54099999999988,NA
"FULL","smooth_smooth",39,20264515,"full_tp_gcv",8,-2.5,-4,0.00316227766016838,1e-04,1.5,0.120844310725873,46.143236139708,2.14922761893466,14.303074482677,0.172543660688345,0.0518931010741651,3.35410196624968,FALSE,TRUE,TRUE,0.0246913580246914,TRUE,3,NA,NA
"FULL","smooth_smooth",39,20264515,"cGCV_default",8,-1.1283311512053,-1.17070551612966,0.0744164329367497,0.0674985562834281,0.0423743649243605,0.105330920210241,23.7963221185685,1.68009248594716,16.3514330687321,0.150604969889523,0.0274524014287779,0.213563240298438,TRUE,TRUE,TRUE,0.0246913580246914,TRUE,3,0.161000000000001,"central"
"FULL","smooth_smooth",39,20264515,"cGCV_best_global",8,-1.19050349938363,-1.23357661532084,0.0644906123433163,0.0584014170140083,0.0430731159372158,0.105307953399382,24.6117521866554,1.71842754889995,16.196909502582,0.149756330069692,0.0266834715677736,0.301412704613041,TRUE,TRUE,TRUE,0.0246913580246914,TRUE,3,0.17900000000003,"low"
"FULL","smooth_smooth",39,20264515,"cGCV_start_low",8,-1.19050349938363,-1.23357661532084,0.0644906123433163,0.0584014170140083,0.0430731159372158,0.105307953399382,24.6117521866554,1.71842754889995,16.196909502582,0.149756330069692,0.0266834715677736,0.301412704613041,TRUE,TRUE,TRUE,0.0246913580246914,TRUE,3,0.17900000000003,"low"
"FULL","smooth_smooth",39,20264515,"cGCV_start_central",8,-1.1283311512053,-1.17070551612966,0.0744164329367497,0.0674985562834281,0.0423743649243605,0.105330920210241,23.7963221185685,1.68009248594716,16.3514330687321,0.150604969889523,0.0274524014287779,0.213563240298438,TRUE,TRUE,TRUE,0.0246913580246914,TRUE,3,0.161000000000001,"central"
"FULL","smooth_smooth",39,20264515,"cGCV_start_high",8,-1.04677072620541,-1.10494470117294,0.0897902692362835,0.0785335625229317,0.0581739749675333,0.105554323475049,22.8534478362045,1.62938945810519,16.5619488456541,0.151868977807947,0.0285826498227,0.114895131028516,TRUE,TRUE,TRUE,0.0246913580246914,TRUE,3,0.161000000000001,"high"
"FULL","smooth_smooth",40,20264612,"tt_grid_oracle",8,-1,-1.5,0.1,0.0316227766016838,0.5,0.140447272180459,26.9274960465667,1.18618604300031,21.0348522966711,0.151992695560947,0.0263796982703549,0,TRUE,FALSE,TRUE,0.0246913580246914,TRUE,3,2.6989999999999,NA
"FULL","smooth_smooth",40,20264612,"full_tp_gcv",8,0,-3,1,0.001,3,0.173158923174115,22.9940618239782,1.11484911277488,27.1262995503918,0.214852498458941,0.0803898208846315,1.80277563773199,FALSE,FALSE,TRUE,0.0246913580246914,TRUE,3,NA,NA
"FULL","smooth_smooth",40,20264612,"cGCV_default",8,-1.13117761119178,-1.2713764960378,0.073930286431569,0.0535332369079995,0.140198884846015,0.140634088775393,26.767421893177,1.20403894918595,21.1018118006055,0.150347730513491,0.0256766674805919,0.263583520429365,TRUE,FALSE,TRUE,0.0246913580246914,TRUE,3,0.170000000000016,"central"
"FULL","smooth_smooth",40,20264612,"cGCV_best_global",8,-1.13117761119178,-1.2713764960378,0.073930286431569,0.0535332369079995,0.140198884846015,0.140634088775393,26.767421893177,1.20403894918595,21.1018118006055,0.150347730513491,0.0256766674805919,0.263583520429365,TRUE,FALSE,TRUE,0.0246913580246914,TRUE,3,0.170000000000016,"central"
"FULL","smooth_smooth",40,20264612,"cGCV_start_low",8,-1.21935839267606,-1.37652690812172,0.0603450438659556,0.0420216490996547,0.157168515445662,0.140653595129374,28.0878449551191,1.23364403471568,20.7842333994178,0.149386859732761,0.0249747598621289,0.25172149065069,TRUE,FALSE,TRUE,0.0246913580246914,TRUE,3,0.161000000000001,"low"
"FULL","smooth_smooth",40,20264612,"cGCV_start_central",8,-1.13117761119178,-1.2713764960378,0.073930286431569,0.0535332369079995,0.140198884846015,0.140634088775393,26.767421893177,1.20403894918595,21.1018118006055,0.150347730513491,0.0256766674805919,0.263583520429365,TRUE,FALSE,TRUE,0.0246913580246914,TRUE,3,0.170000000000016,"central"
"FULL","smooth_smooth",40,20264612,"cGCV_start_high",8,-1.06151236918278,-1.16258320471716,0.0867935857175976,0.0687728140643161,0.101070835534375,0.140917149216627,25.6075276411396,1.17966116512748,21.4283791685281,0.151440302794564,0.0266373812610373,0.342977937047591,FALSE,FALSE,TRUE,0.0246913580246914,TRUE,3,0.158999999999992,"high"
"FULL","smooth_smooth",41,20264709,"tt_grid_oracle",8,-1,-1.5,0.1,0.0316227766016838,0.5,0.167799671036829,29.1158935330443,0.994043985987676,24.499907979396,0.140872251043452,0.022267597869576,0,TRUE,FALSE,TRUE,0.037037037037037,TRUE,3,2.61200000000014,NA
"FULL","smooth_smooth",41,20264709,"full_tp_gcv",8,-1.5,-3,0.0316227766016838,0.001,1.5,0.175732706086463,41.3432215305254,1.41106130169585,22.1176949754479,0.144954803242273,0.0320849471513633,1.58113883008419,FALSE,FALSE,TRUE,0.037037037037037,TRUE,3,NA,NA
"FULL","smooth_smooth",41,20264709,"cGCV_default",8,-0.989187591504302,-1.32872686293637,0.102520899628612,0.0469108321618725,0.339539271432066,0.167503491861786,27.8139156451225,0.945422441764451,24.8307575375,0.141581890338796,0.0226440456280116,0.171614089331545,TRUE,FALSE,TRUE,0.037037037037037,TRUE,3,0.163000000000011,"central"
"FULL","smooth_smooth",41,20264709,"cGCV_best_global",8,-0.989187591504302,-1.32872686293637,0.102520899628612,0.0469108321618725,0.339539271432066,0.167503491861786,27.8139156451225,0.945422441764451,24.8307575375,0.141581890338796,0.0226440456280116,0.171614089331545,TRUE,FALSE,TRUE,0.037037037037037,TRUE,3,0.163000000000011,"central"
"FULL","smooth_smooth",41,20264709,"cGCV_start_low",8,-1.08574253555751,-1.399097251717,0.0820838020628274,0.0398935558578336,0.313354716159491,0.167646439041725,29.0873317603596,0.980617919550493,24.4857181448816,0.140430099553427,0.0218724264987591,0.132412790223956,TRUE,FALSE,TRUE,0.037037037037037,TRUE,3,0.198000000000036,"low"
"FULL","smooth_smooth",41,20264709,"cGCV_start_central",8,-0.989187591504302,-1.32872686293637,0.102520899628612,0.0469108321618725,0.339539271432066,0.167503491861786,27.8139156451225,0.945422441764451,24.8307575375,0.141581890338796,0.0226440456280116,0.171614089331545,TRUE,FALSE,TRUE,0.037037037037037,TRUE,3,0.163000000000011,"central"
"FULL","smooth_smooth",41,20264709,"cGCV_start_high",8,-0.865929157490771,-1.18426786049421,0.136166678066955,0.0654232537567792,0.318338703003438,0.167833392322059,25.8435196217187,0.886552857920835,25.4523364585775,0.143878410769177,0.0243962305484246,0.34301862154705,TRUE,FALSE,TRUE,0.037037037037037,TRUE,3,0.16700000000003,"high"
"FULL","smooth_smooth",42,20264806,"tt_grid_oracle",8,-1.5,-1.5,0.0316227766016838,0.0316227766016838,0,0.149750246481469,29.4910434348211,1.17211141327532,21.7686724015272,0.198012203674585,0.0731898714407098,0,TRUE,FALSE,TRUE,0.037037037037037,TRUE,3,2.62599999999992,NA
"FULL","smooth_smooth",42,20264806,"full_tp_gcv",8,-3,-3.5,0.001,0.000316227766016838,0.5,0.170829032278649,52.8030638606465,1.36824147445098,18.506710262435,0.286818461661908,0.171279381263183,2.5,FALSE,FALSE,TRUE,0.037037037037037,TRUE,3,NA,NA
"FULL","smooth_smooth",42,20264806,"cGCV_default",8,-1.35272487737786,-1.43127260141138,0.0443889756044243,0.0370448122969006,0.0785477240335203,0.149797363050478,27.9593034455655,1.16333891269311,22.1685127097538,0.199402096731284,0.0745456544180053,0.162522050996549,TRUE,FALSE,TRUE,0.037037037037037,TRUE,3,0.157999999999959,"central"
"FULL","smooth_smooth",42,20264806,"cGCV_best_global",8,-1.49715253032485,-1.57372998340921,0.0318307938317589,0.0266851726258347,0.0765774530843542,0.149776277960214,29.999291379171,1.18745388140908,21.6428525944304,0.200163714757659,0.07510706142871,0.0737849479031642,TRUE,FALSE,TRUE,0.037037037037037,TRUE,3,0.159999999999968,"low"
"FULL","smooth_smooth",42,20264806,"cGCV_start_low",8,-1.49715253032485,-1.57372998340921,0.0318307938317589,0.0266851726258347,0.0765774530843542,0.149776277960214,29.999291379171,1.18745388140908,21.6428525944304,0.200163714757659,0.07510706142871,0.0737849479031642,TRUE,FALSE,TRUE,0.037037037037037,TRUE,3,0.159999999999968,"low"
"FULL","smooth_smooth",42,20264806,"cGCV_start_central",8,-1.35272487737786,-1.43127260141138,0.0443889756044243,0.0370448122969006,0.0785477240335203,0.149797363050478,27.9593034455655,1.16333891269311,22.1685127097538,0.199402096731284,0.0745456544180053,0.162522050996549,TRUE,FALSE,TRUE,0.037037037037037,TRUE,3,0.157999999999959,"central"
"FULL","smooth_smooth",42,20264806,"cGCV_start_high",8,-1.24159926442616,-1.30100925572977,0.0573324809705495,0.0500023878301824,0.059409991303613,0.150250598711424,26.2885656706931,1.14007362244734,22.6695567231488,0.198888430016836,0.0742136668917106,0.326141466928572,TRUE,FALSE,TRUE,0.037037037037037,TRUE,3,0.161000000000001,"high"
"FULL","smooth_smooth",43,20264903,"tt_grid_oracle",8,-1.5,-1.5,0.0316227766016838,0.0316227766016838,0,0.128257568604293,31.3530691444519,1.33742288309926,18.2393724209529,0.142786220931266,0.0237615574267121,0,TRUE,FALSE,TRUE,0.0493827160493827,TRUE,3,2.58999999999997,NA
"FULL","smooth_smooth",43,20264903,"full_tp_gcv",8,-1.5,-1.5,0.0316227766016838,0.0316227766016838,0,0.128257568604293,31.3530691444519,1.33742288309926,18.2393724209529,0.142786220931266,0.0237615574267121,0,TRUE,FALSE,TRUE,0.0493827160493827,TRUE,3,NA,NA
"FULL","smooth_smooth",43,20264903,"cGCV_default",8,-1.37093338024746,-1.23037988651844,0.042566370393738,0.0588328806631619,-0.140553493729021,0.127430683105401,28.2511127353839,1.25561830994922,18.7945477383808,0.142630816929987,0.0238316772118865,0.298920052736778,TRUE,FALSE,TRUE,0.0493827160493827,TRUE,3,0.168999999999983,"central"
"FULL","smooth_smooth",43,20264903,"cGCV_best_global",8,-1.37093338024746,-1.23037988651844,0.042566370393738,0.0588328806631619,-0.140553493729021,0.127430683105401,28.2511127353839,1.25561830994922,18.7945477383808,0.142630816929987,0.0238316772118865,0.298920052736778,TRUE,FALSE,TRUE,0.0493827160493827,TRUE,3,0.168999999999983,"central"
"FULL","smooth_smooth",43,20264903,"cGCV_start_low",8,-1.44162711234839,-1.31913055416483,0.03617203044072,0.0479589256643858,-0.122496558183569,0.127539037136457,29.4701974301508,1.28612325175741,18.5444397277389,0.142710526367143,0.0237482692856522,0.190055650927591,TRUE,FALSE,TRUE,0.0493827160493827,TRUE,3,0.163000000000011,"low"
"FULL","smooth_smooth",43,20264903,"cGCV_start_central",8,-1.37093338024746,-1.23037988651844,0.042566370393738,0.0588328806631619,-0.140553493729021,0.127430683105401,28.2511127353839,1.25561830994922,18.7945477383808,0.142630816929987,0.0238316772118865,0.298920052736778,TRUE,FALSE,TRUE,0.0493827160493827,TRUE,3,0.168999999999983,"central"
"FULL","smooth_smooth",43,20264903,"cGCV_start_high",8,-1.24098759974412,-1.14778386035491,0.0574132854984515,0.0711567558434502,-0.09320373938921,0.12766218328426,26.6829116201271,1.2202522032663,19.1741023336929,0.142507404119589,0.0240194242058024,0.437199762709001,FALSE,FALSE,TRUE,0.0493827160493827,TRUE,3,0.158999999999992,"high"
"FULL","smooth_smooth",44,20265000,"tt_grid_oracle",8,-1,-1.5,0.1,0.0316227766016838,0.5,0.145336733965778,25.094944425176,0.814073173946605,22.2305458419981,0.156533588008741,0.0352691190472487,0,TRUE,FALSE,TRUE,0.037037037037037,TRUE,3,2.51899999999989,NA
"FULL","smooth_smooth",44,20265000,"full_tp_gcv",8,-0.5,-1.5,0.316227766016838,0.0316227766016838,1,0.149745310490128,21.4797156614873,0.737661714161701,23.8615348138423,0.171056184311675,0.0486594648774222,0.5,FALSE,FALSE,TRUE,0.037037037037037,TRUE,3,NA,NA
"FULL","smooth_smooth",44,20265000,"cGCV_default",8,-1.04986443614954,-1.45039026996628,0.089152918313324,0.0354494686565537,0.400525833816734,0.145269591956021,25.1617556360524,0.829199943673146,22.2033034663967,0.155583862505001,0.0344892043351645,0.0703390880416479,TRUE,FALSE,TRUE,0.037037037037037,TRUE,3,0.156000000000006,"central"
"FULL","smooth_smooth",44,20265000,"cGCV_best_global",8,-1.04986443614954,-1.45039026996628,0.089152918313324,0.0354494686565537,0.400525833816734,0.145269591956021,25.1617556360524,0.829199943673146,22.2033034663967,0.155583862505001,0.0344892043351645,0.0703390880416479,TRUE,FALSE,TRUE,0.037037037037037,TRUE,3,0.156000000000006,"central"
"FULL","smooth_smooth",44,20265000,"cGCV_start_low",8,-1.10571685033307,-1.49338772346774,0.0783940586792928,0.0321079277119915,0.387670873134664,0.145269865670671,25.8383763595096,0.841607231771758,22.0318247765747,0.154711455566823,0.0337299905957687,0.105923437657983,TRUE,FALSE,TRUE,0.037037037037037,TRUE,3,0.216000000000008,"low"
"FULL","smooth_smooth",44,20265000,"cGCV_start_central",8,-1.04986443614954,-1.45039026996628,0.089152918313324,0.0354494686565537,0.400525833816734,0.145269591956021,25.1617556360524,0.829199943673146,22.2033034663967,0.155583862505001,0.0344892043351645,0.0703390880416479,TRUE,FALSE,TRUE,0.037037037037037,TRUE,3,0.156000000000006,"central"
"FULL","smooth_smooth",44,20265000,"cGCV_start_high",8,-0.963632295993786,-1.40263776404355,0.108734585685456,0.0395696524672236,0.439005468049761,0.145437457737899,24.2478998866841,0.811021223464046,22.4619432277154,0.157192880559839,0.0359041473893109,0.103932742122603,TRUE,FALSE,TRUE,0.037037037037037,TRUE,3,0.155999999999949,"high"
"FULL","smooth_smooth",45,20265097,"tt_grid_oracle",8,-1,-1.5,0.1,0.0316227766016838,0.5,0.116237135830221,28.0614857760667,1.15564306280448,17.1815066087118,0.134894147414581,0.0271209099990963,0,TRUE,FALSE,TRUE,0.0123456790123457,TRUE,3,2.54999999999995,NA
"FULL","smooth_smooth",45,20265097,"full_tp_gcv",8,-1,-1.5,0.1,0.0316227766016838,0.5,0.116237135830221,28.0614857760667,1.15564306280448,17.1815066087118,0.134894147414581,0.0271209099990963,0,TRUE,FALSE,TRUE,0.0123456790123457,TRUE,3,NA,NA
"FULL","smooth_smooth",45,20265097,"cGCV_default",8,-0.933007028312858,-1.33963602586033,0.116679073439719,0.0457471427307419,0.406628997547476,0.116092242817117,26.4943075928312,1.11603979494081,17.4743351654038,0.135702470983591,0.0276435555321593,0.17379488616568,TRUE,FALSE,TRUE,0.0123456790123457,TRUE,3,0.154000000000053,"central"
"FULL","smooth_smooth",45,20265097,"cGCV_best_global",8,-0.933007028312858,-1.33963602586033,0.116679073439719,0.0457471427307419,0.406628997547476,0.116092242817117,26.4943075928312,1.11603979494081,17.4743351654038,0.135702470983591,0.0276435555321593,0.17379488616568,TRUE,FALSE,TRUE,0.0123456790123457,TRUE,3,0.154000000000053,"central"
"FULL","smooth_smooth",45,20265097,"cGCV_start_low",8,-1.02320132212951,-1.42530310236401,0.0947978915059226,0.0375575191740912,0.402101780234497,0.116131137115221,27.7521148001993,1.14907528419679,17.2276674486936,0.134837655298651,0.0269766087956812,0.0782171839495581,TRUE,FALSE,TRUE,0.0123456790123457,TRUE,3,0.158000000000015,"low"
"FULL","smooth_smooth",45,20265097,"cGCV_start_central",8,-0.933007028312858,-1.33963602586033,0.116679073439719,0.0457471427307419,0.406628997547476,0.116092242817117,26.4943075928312,1.11603979494081,17.4743351654038,0.135702470983591,0.0276435555321593,0.17379488616568,TRUE,FALSE,TRUE,0.0123456790123457,TRUE,3,0.154000000000053,"central"
"FULL","smooth_smooth",45,20265097,"cGCV_start_high",8,-0.827304667052915,-1.26648141820155,0.148831662482151,0.0541400411838338,0.439176751148635,0.116456624197566,25.2395535496313,1.08117361751096,17.783633199112,0.136944730974328,0.0286693368997934,0.290438644238098,TRUE,FALSE,TRUE,0.0123456790123457,TRUE,3,0.160000000000025,"high"
"FULL","smooth_smooth",46,20265194,"tt_grid_oracle",8,-1.5,-1.5,0.0316227766016838,0.0316227766016838,0,0.141286187433516,28.7601408546091,1.04407094303858,20.7147374973277,0.135516454880343,0.0299674590682718,0,TRUE,FALSE,TRUE,0.0864197530864197,TRUE,3,2.51200000000006,NA
"FULL","smooth_smooth",46,20265194,"full_tp_gcv",8,-1,-1.5,0.1,0.0316227766016838,0.5,0.140995484344173,24.9941572715225,0.953234170200304,21.591375211348,0.134229857934736,0.0283219144579889,0.5,TRUE,FALSE,TRUE,0.0864197530864197,TRUE,3,NA,NA
"FULL","smooth_smooth",46,20265194,"cGCV_default",8,-1.13006218251976,-1.47139559942564,0.0741204107696313,0.0337757032704179,0.341333416905872,0.140633049739981,25.7948610029168,0.969508671611826,21.3392584818819,0.134542974306969,0.0286946615039084,0.371042046854881,TRUE,FALSE,TRUE,0.0864197530864197,TRUE,3,0.157999999999959,"central"
"FULL","smooth_smooth",46,20265194,"cGCV_best_global",8,-1.21143727370994,-1.54035603862005,0.0614557787487649,0.0288166811640774,0.328918764910117,0.140547721086666,26.8326707656845,0.998139326264345,21.0729690926622,0.134665295953613,0.0287915774708348,0.291370995222683,TRUE,FALSE,TRUE,0.0864197530864197,TRUE,3,0.180999999999983,"low"
"FULL","smooth_smooth",46,20265194,"cGCV_start_low",8,-1.21143727370994,-1.54035603862005,0.0614557787487649,0.0288166811640774,0.328918764910117,0.140547721086666,26.8326707656845,0.998139326264345,21.0729690926622,0.134665295953613,0.0287915774708348,0.291370995222683,TRUE,FALSE,TRUE,0.0864197530864197,TRUE,3,0.180999999999983,"low"
"FULL","smooth_smooth",46,20265194,"cGCV_start_central",8,-1.13006218251976,-1.47139559942564,0.0741204107696313,0.0337757032704179,0.341333416905872,0.140633049739981,25.7948610029168,0.969508671611826,21.3392584818819,0.134542974306969,0.0286946615039084,0.371042046854881,TRUE,FALSE,TRUE,0.0864197530864197,TRUE,3,0.157999999999959,"central"
"FULL","smooth_smooth",46,20265194,"cGCV_start_high",8,-1.03337424898672,-1.39388912402427,0.0926031480950818,0.040374845734465,0.360514875037556,0.141004114193373,24.6140560646973,0.937713561239145,21.6865944453627,0.134545019444185,0.028750525273778,0.478538514133447,TRUE,FALSE,TRUE,0.0864197530864197,TRUE,3,0.160000000000025,"high"
"FULL","smooth_smooth",47,20265291,"tt_grid_oracle",8,-1.5,-1.5,0.0316227766016838,0.0316227766016838,0,0.142122257050707,29.8626043549051,0.872609020617459,20.5698754230594,0.137890303192647,0.0118465586416221,0,TRUE,FALSE,TRUE,0.0740740740740741,TRUE,3,2.56400000000008,NA
"FULL","smooth_smooth",47,20265291,"full_tp_gcv",8,-0.5,-3,0.316227766016838,0.001,2.5,0.152679580583303,28.0240792334843,1.00938014190721,22.5780405820046,0.156409642569845,0.0273673674921797,1.80277563773199,FALSE,FALSE,TRUE,0.0740740740740741,TRUE,3,NA,NA
"FULL","smooth_smooth",47,20265291,"cGCV_default",8,-1.20298640853426,-1.48889726180083,0.0626633475177414,0.0324416353322975,0.28591085326657,0.142020950917203,27.7332895483553,0.827776670169626,21.0729405443694,0.13904737754442,0.0126541249913313,0.297221036117733,TRUE,FALSE,TRUE,0.0740740740740741,TRUE,3,0.157000000000039,"central"
"FULL","smooth_smooth",47,20265291,"cGCV_best_global",8,-1.20298640853426,-1.48889726180083,0.0626633475177414,0.0324416353322975,0.28591085326657,0.142020950917203,27.7332895483553,0.827776670169626,21.0729405443694,0.13904737754442,0.0126541249913313,0.297221036117733,TRUE,FALSE,TRUE,0.0740740740740741,TRUE,3,0.157000000000039,"central"
"FULL","smooth_smooth",47,20265291,"cGCV_start_low",8,-1.26418172202747,-1.55192316575406,0.0544274864022643,0.0280593001185418,0.287741443726595,0.142068376179377,28.6364948882412,0.830387100486417,20.859509614459,0.138788815289014,0.0120885367023881,0.241466923962382,TRUE,FALSE,TRUE,0.0740740740740741,TRUE,3,0.177999999999997,"low"
"FULL","smooth_smooth",47,20265291,"cGCV_start_central",8,-1.20298640853426,-1.48889726180083,0.0626633475177414,0.0324416353322975,0.28591085326657,0.142020950917203,27.7332895483553,0.827776670169626,21.0729405443694,0.13904737754442,0.0126541249913313,0.297221036117733,TRUE,FALSE,TRUE,0.0740740740740741,TRUE,3,0.157000000000039,"central"
"FULL","smooth_smooth",47,20265291,"cGCV_start_high",8,-1.13232686382661,-1.37971837387017,0.0737349068901093,0.0417139797647213,0.247391510043554,0.142103052598838,26.4318350283102,0.827569222617506,21.4049173685672,0.139694835730203,0.0139474923731611,0.38684777968603,TRUE,FALSE,TRUE,0.0740740740740741,TRUE,3,0.172000000000025,"high"
"FULL","smooth_smooth",48,20265388,"tt_grid_oracle",8,-1,-1.5,0.1,0.0316227766016838,0.5,0.146298252342247,27.5739242163305,1.10333759803857,21.7477850069361,0.122504803364259,0.0244702743088695,0,TRUE,FALSE,TRUE,0.0123456790123457,TRUE,3,2.53399999999993,NA
"FULL","smooth_smooth",48,20265388,"full_tp_gcv",8,0,-5,1,1e-05,5,0.185336442895424,25.29801611417,1.28071542250364,28.2830669389292,0.157551041583757,0.0677072231398914,3.64005494464026,FALSE,FALSE,TRUE,0.0123456790123457,TRUE,3,NA,NA
"FULL","smooth_smooth",48,20265388,"cGCV_default",8,-0.993337081198525,-1.20506002708172,0.101546022919839,0.0623648630393202,0.211722945883192,0.145488155076808,25.599577048505,1.0148617832929,22.1254803781654,0.122340421564974,0.0238839045369061,0.295015223525826,FALSE,FALSE,TRUE,0.0123456790123457,TRUE,3,0.158999999999992,"central"
"FULL","smooth_smooth",48,20265388,"cGCV_best_global",8,-0.993337081198525,-1.20506002708172,0.101546022919839,0.0623648630393202,0.211722945883192,0.145488155076808,25.599577048505,1.0148617832929,22.1254803781654,0.122340421564974,0.0238839045369061,0.295015223525826,FALSE,FALSE,TRUE,0.0123456790123457,TRUE,3,0.158999999999992,"central"
"FULL","smooth_smooth",48,20265388,"cGCV_start_low",8,-1.0553707694736,-1.26398292353016,0.0880297017669922,0.0544524063121207,0.208612154056564,0.145513026345619,26.4220995345513,1.02723521398292,21.9210190506332,0.121930565237597,0.0232992099953106,0.242425210111217,TRUE,FALSE,TRUE,0.0123456790123457,TRUE,3,0.165999999999997,"low"
"FULL","smooth_smooth",48,20265388,"cGCV_start_central",8,-0.993337081198525,-1.20506002708172,0.101546022919839,0.0623648630393202,0.211722945883192,0.145488155076808,25.599577048505,1.0148617832929,22.1254803781654,0.122340421564974,0.0238839045369061,0.295015223525826,FALSE,FALSE,TRUE,0.0123456790123457,TRUE,3,0.158999999999992,"central"
"FULL","smooth_smooth",48,20265388,"cGCV_start_high",8,-0.922593864148968,-1.14263785617103,0.119510519944463,0.0720049152950023,0.220043992022064,0.145694711746493,24.7144663764598,1.00343756390383,22.3823634214378,0.122934413495525,0.0247295505521997,0.365649301530065,FALSE,FALSE,TRUE,0.0123456790123457,TRUE,3,0.154999999999973,"high"
"FULL","smooth_smooth",49,20265485,"tt_grid_oracle",8,-1,-1.5,0.1,0.0316227766016838,0.5,0.121928723459476,24.5488639910454,1.18720982893617,18.7667211225933,0.140965286804412,0.0280502521286027,0,TRUE,FALSE,TRUE,0.0246913580246914,TRUE,3,2.54500000000019,NA
"FULL","smooth_smooth",49,20265485,"full_tp_gcv",8,-1,-1.5,0.1,0.0316227766016838,0.5,0.121928723459476,24.5488639910454,1.18720982893617,18.7667211225933,0.140965286804412,0.0280502521286027,0,TRUE,FALSE,TRUE,0.0246913580246914,TRUE,3,NA,NA
"FULL","smooth_smooth",49,20265485,"cGCV_default",8,-1.0309388873811,-1.39980269149627,0.0931238907398647,0.0398288079543846,0.368863804115172,0.121839470061215,24.1593340008326,1.16997406424336,18.8363454093768,0.141172558240804,0.0282355428868414,0.104865224854437,TRUE,FALSE,TRUE,0.0246913580246914,TRUE,3,0.157000000000039,"central"
"FULL","smooth_smooth",49,20265485,"cGCV_best_global",8,-1.10338788384548,-1.46695684482924,0.0788155873135017,0.034122681711823,0.363568960983755,0.121793195993424,25.0674363278783,1.18995488674228,18.6352126555401,0.139718117557247,0.0265902923601191,0.108539875758573,TRUE,FALSE,TRUE,0.0246913580246914,TRUE,3,0.159000000000049,"low"
"FULL","smooth_smooth",49,20265485,"cGCV_start_low",8,-1.10338788384548,-1.46695684482924,0.0788155873135017,0.034122681711823,0.363568960983755,0.121793195993424,25.0674363278783,1.18995488674228,18.6352126555401,0.139718117557247,0.0265902923601191,0.108539875758573,TRUE,FALSE,TRUE,0.0246913580246914,TRUE,3,0.159000000000049,"low"
"FULL","smooth_smooth",49,20265485,"cGCV_start_central",8,-1.0309388873811,-1.39980269149627,0.0931238907398647,0.0398288079543846,0.368863804115172,0.121839470061215,24.1593340008326,1.16997406424336,18.8363454093768,0.141172558240804,0.0282355428868414,0.104865224854437,TRUE,FALSE,TRUE,0.0246913580246914,TRUE,3,0.157000000000039,"central"
"FULL","smooth_smooth",49,20265485,"cGCV_start_high",8,-0.935340802387692,-1.34516666708992,0.11605375518515,0.045168257107705,0.409825864702225,0.122162509502345,23.186026402006,1.15001053786921,19.0959433884434,0.143271974832407,0.0305518647422858,0.16779205230258,TRUE,FALSE,TRUE,0.0246913580246914,TRUE,3,0.168999999999983,"high"
"FULL","smooth_smooth",50,20265582,"tt_grid_oracle",8,-1.5,-1.5,0.0316227766016838,0.0316227766016838,0,0.134653008999083,31.8507091612226,1.55058162047985,19.0360197694211,0.15949570720475,0.0462254372003514,0,TRUE,FALSE,TRUE,0.037037037037037,TRUE,3,2.55799999999982,NA
"FULL","smooth_smooth",50,20265582,"full_tp_gcv",8,-1,-1.5,0.1,0.0316227766016838,0.5,0.134876033058014,28.4358241597251,1.56404306774062,19.8498854614374,0.160725153046785,0.0445136747081475,0.5,TRUE,FALSE,TRUE,0.037037037037037,TRUE,3,NA,NA
"FULL","smooth_smooth",50,20265582,"cGCV_default",8,-1.15453191824056,-1.36545864502602,0.0700596690994325,0.0431063603369643,0.210926726785454,0.134214256468956,28.6357073399245,1.54729941210178,19.7064919134885,0.158716868212942,0.0436702879939842,0.370741920630485,TRUE,FALSE,TRUE,0.037037037037037,TRUE,3,0.168999999999983,"central"
"FULL","smooth_smooth",50,20265582,"cGCV_best_global",8,-1.15453191824056,-1.36545864502602,0.0700596690994325,0.0431063603369643,0.210926726785454,0.134214256468956,28.6357073399245,1.54729941210178,19.7064919134885,0.158716868212942,0.0436702879939842,0.370741920630485,TRUE,FALSE,TRUE,0.037037037037037,TRUE,3,0.168999999999983,"central"
"FULL","smooth_smooth",50,20265582,"cGCV_start_low",8,-1.24327305795983,-1.45688666002901,0.0571119438590778,0.0349231444237795,0.213613602069189,0.134251227878851,29.8424352414995,1.55343845653982,19.4352796394458,0.158893957858883,0.0442478542217622,0.260321883161506,TRUE,FALSE,TRUE,0.037037037037037,TRUE,3,0.182999999999993,"low"
"FULL","smooth_smooth",50,20265582,"cGCV_start_central",8,-1.15453191824056,-1.36545864502602,0.0700596690994325,0.0431063603369643,0.210926726785454,0.134214256468956,28.6357073399245,1.54729941210178,19.7064919134885,0.158716868212942,0.0436702879939842,0.370741920630485,TRUE,FALSE,TRUE,0.037037037037037,TRUE,3,0.168999999999983,"central"
"FULL","smooth_smooth",50,20265582,"cGCV_start_high",8,-1.03888754565371,-1.30841111482434,0.0914349968670834,0.0491573978227184,0.269523569170631,0.134529701426488,27.501542936775,1.54560959427231,20.0151390822901,0.159273839858226,0.0436035923922635,0.499330548310545,TRUE,FALSE,TRUE,0.037037037037037,TRUE,3,0.175000000000011,"high"
"FULL","strong_aniso",1,20260842,"tt_grid_oracle",8,1,5,10,1e+05,-4,0.326499431852754,6.06280080223451,0.67676171575005,61.4008909375994,0.473220206840252,0.24234566210591,0,TRUE,TRUE,TRUE,0.987654320987654,TRUE,26,3.18099999999987,NA
"FULL","strong_aniso",1,20260842,"full_tp_gcv",8,1.5,1,31.6227766016838,10,0.5,0.324268855395989,7.0070662078124,0.756701335713671,60.3890307465214,0.47003191816891,0.239148296259987,4.03112887414927,TRUE,TRUE,TRUE,0.987654320987654,TRUE,3,NA,NA
"FULL","strong_aniso",1,20260842,"cGCV_default",8,1.9616717187445,-0.552524402015717,91.5528184841596,0.280204817655182,2.51419612076022,0.307303135806715,10.1997601003139,0.977452243145319,55.3516422064362,0.47704254663275,0.246486227825635,5.63518763925506,TRUE,TRUE,TRUE,0.987654320987654,TRUE,3,0.156999999999982,"central"
"FULL","strong_aniso",1,20260842,"cGCV_best_global",8,1.9616717187445,-0.552524402015717,91.5528184841596,0.280204817655182,2.51419612076022,0.307303135806715,10.1997601003139,0.977452243145319,55.3516422064362,0.47704254663275,0.246486227825635,5.63518763925506,TRUE,TRUE,TRUE,0.987654320987654,TRUE,3,0.156999999999982,"central"
"FULL","strong_aniso",1,20260842,"cGCV_start_low",8,1.43205308716145,-0.694697571556458,27.0428890998012,0.201977237736098,2.1267506587179,0.308118092863981,11.7602035698123,1.04420238783676,54.5896229217015,0.478495877679493,0.248909225226398,5.71106385024863,TRUE,TRUE,TRUE,0.987654320987654,TRUE,3,0.163000000000011,"low"
"FULL","strong_aniso",1,20260842,"cGCV_start_central",8,1.9616717187445,-0.552524402015717,91.5528184841596,0.280204817655182,2.51419612076022,0.307303135806715,10.1997601003139,0.977452243145319,55.3516422064362,0.47704254663275,0.246486227825635,5.63518763925506,TRUE,TRUE,TRUE,0.987654320987654,TRUE,3,0.156999999999982,"central"
"FULL","strong_aniso",1,20260842,"cGCV_start_high",8,2.0635933944169,-0.448845482010755,115.769296556723,0.355757871438791,2.51243887642765,0.307392410521543,9.76791417308259,0.955977197957161,55.6199615871926,0.475385391172094,0.244682818672228,5.55167974539925,TRUE,TRUE,TRUE,0.987654320987654,TRUE,3,0.173999999999978,"high"
"FULL","strong_aniso",1,20260842,"tt_nelder",8,4.67049865722656,-0.435217285156251,46827.2503542976,0.367098588673998,5.10571594238281,0.307138423522262,9.19564324179161,0.931584870683869,55.9088718695605,0.475751856045764,0.24450543620804,6.55851715935571,TRUE,TRUE,TRUE,0.987654320987654,TRUE,3,7.12800000000004,NA
"FULL","strong_aniso",2,20260939,"tt_grid_oracle",8,5,5,1e+05,1e+05,0,0.485995397764916,3.15412200835022,0.521128331466436,94.1574765840763,0.460365460934254,0.266162910454977,0,TRUE,TRUE,TRUE,0.839506172839506,TRUE,3,2.95499999999998,NA
"FULL","strong_aniso",2,20260939,"full_tp_gcv",8,4,4.5,10000,31622.7766016838,-0.5,0.486002299277082,3.15691536563413,0.521288002209581,94.1561413758886,0.460355095204381,0.266154853889137,1.11803398874989,TRUE,TRUE,TRUE,0.839506172839506,TRUE,3,NA,NA
"FULL","strong_aniso",2,20260939,"cGCV_default",8,3.87326732829303,-1.42502756452279,7469.08373506486,0.037581355077345,5.29829489281581,0.474642602781777,9.7655244723236,0.799424415976033,85.8845752204659,0.536127819920583,0.341582237827343,6.52307486683769,TRUE,TRUE,TRUE,0.839506172839506,TRUE,3,0.165999999999997,"central"
"FULL","strong_aniso",2,20260939,"cGCV_best_global",8,3.87326732829303,-1.42502756452279,7469.08373506486,0.037581355077345,5.29829489281581,0.474642602781777,9.7655244723236,0.799424415976033,85.8845752204659,0.536127819920583,0.341582237827343,6.52307486683769,TRUE,TRUE,TRUE,0.839506172839506,TRUE,3,0.165999999999997,"central"
"FULL","strong_aniso",2,20260939,"cGCV_start_low",8,3.69963644533447,-1.40228844113621,5007.67857556474,0.0396014929514525,5.10192488647068,0.474659879353492,9.69059725040792,0.794564801801464,85.9553714558091,0.534329388189106,0.339817646778075,6.5330117601156,TRUE,TRUE,TRUE,0.839506172839506,TRUE,3,0.168000000000006,"low"
"FULL","strong_aniso",2,20260939,"cGCV_start_central",8,3.87326732829303,-1.42502756452279,7469.08373506486,0.037581355077345,5.29829489281581,0.474642602781777,9.7655244723236,0.799424415976033,85.8845752204659,0.536127819920583,0.341582237827343,6.52307486683769,TRUE,TRUE,TRUE,0.839506172839506,TRUE,3,0.165999999999997,"central"
"FULL","strong_aniso",2,20260939,"cGCV_start_high",8,3.96829972197176,-1.29754209019376,9296.07720595159,0.050403176786528,5.26584181216552,0.474741357596218,9.32844229306681,0.772268675885663,86.2976363767951,0.526056954167579,0.331697973751239,6.38149213283582,TRUE,TRUE,TRUE,0.839506172839506,TRUE,3,0.174000000000035,"high"
"FULL","strong_aniso",2,20260939,"tt_nelder",8,4.84158416036628,-2.19968103018139,69435.914603983,0.00631420924569477,7.04126519054767,0.475840990845635,12.2604085968653,0.938779595953278,83.8578246430599,0.596397346060733,0.401125542475431,7.20142364498858,TRUE,TRUE,TRUE,0.839506172839506,TRUE,3,2.60700000000008,NA
"FULL","strong_aniso",3,20261036,"tt_grid_oracle",8,5,5,1e+05,1e+05,0,0.460589780785221,3.09464863358832,0.366840415460046,89.2892840821321,0.391149896305584,0.229603844152612,0,TRUE,TRUE,TRUE,0.925925925925926,TRUE,7,3.28999999999985,NA
"FULL","strong_aniso",3,20261036,"full_tp_gcv",8,3.5,4,3162.27766016838,10000,-0.5,0.461135312829585,3.24660014314897,0.383147602138975,89.2571214026834,0.393043129452658,0.231770683539566,1.80277563773199,TRUE,TRUE,TRUE,0.925925925925926,TRUE,3,NA,NA
"FULL","strong_aniso",3,20261036,"cGCV_default",8,2.18974030211957,2.72185674594394,154.78907398754,527.055980878532,-0.532116443824366,0.461204907225415,3.40278573170797,0.381087229839382,89.1289198341819,0.392877452562718,0.231567429189275,3.6176644752564,TRUE,TRUE,TRUE,0.925925925925926,TRUE,3,0.158999999999992,"central"
"FULL","strong_aniso",3,20261036,"cGCV_best_global",8,3.89860184124687,3.9683021839127,7917.75102642756,9296.12990396847,-0.0697003426658373,0.461135407616376,3.24318108580223,0.383183956755093,89.2602418858578,0.393047685811948,0.231775822147878,1.50913163369671,TRUE,TRUE,TRUE,0.925925925925926,TRUE,3,0.170999999999992,"high"
"FULL","strong_aniso",3,20261036,"cGCV_start_low",8,1.89594207272006,1.30369089850239,78.6940818567743,20.1229152678472,0.592251174217677,0.462683677980203,4.27603369720172,0.374966547010761,88.6221332153461,0.392139028630372,0.230649979100699,4.82678739843838,TRUE,TRUE,TRUE,0.925925925925926,TRUE,3,0.168000000000006,"low"
"FULL","strong_aniso",3,20261036,"cGCV_start_central",8,2.18974030211957,2.72185674594394,154.78907398754,527.055980878532,-0.532116443824366,0.461204907225415,3.40278573170797,0.381087229839382,89.1289198341819,0.392877452562718,0.231567429189275,3.6176644752564,TRUE,TRUE,TRUE,0.925925925925926,TRUE,3,0.158999999999992,"central"
"FULL","strong_aniso",3,20261036,"cGCV_start_high",8,3.89860184124687,3.9683021839127,7917.75102642756,9296.12990396847,-0.0697003426658373,0.461135407616376,3.24318108580223,0.383183956755093,89.2602418858578,0.393047685811948,0.231775822147878,1.50913163369671,TRUE,TRUE,TRUE,0.925925925925926,TRUE,3,0.170999999999992,"high"
"FULL","strong_aniso",3,20261036,"tt_nelder",8,5,5,1e+05,1e+05,0,0.460589780785221,3.09464863358832,0.366840415460046,89.2892840821321,0.391149896305584,0.229603844152612,0,TRUE,TRUE,TRUE,0.925925925925926,TRUE,7,8.56400000000019,NA
"FULL","strong_aniso",4,20261133,"tt_grid_oracle",8,5,4.5,1e+05,31622.7766016838,0.5,0.438600139905592,1.68160861421354,2.01010016915981,86.2511218180919,0.478362772083754,0.249826017354716,0,TRUE,TRUE,TRUE,0.0123456790123457,TRUE,8,3.1089999999997,NA
"FULL","strong_aniso",4,20261133,"full_tp_gcv",8,1.5,5,31.6227766016838,1e+05,-3.5,0.447270788450065,4.7687836257407,0.683246218288406,85.2391400553471,0.476376042380954,0.249426966892402,3.53553390593274,FALSE,TRUE,TRUE,0.0123456790123457,TRUE,3,NA,NA
"FULL","strong_aniso",4,20261133,"cGCV_default",8,1.08423616212251,1.73331901591318,12.1404885059104,54.1151686062428,-0.649082853790672,0.448382414253553,6.03524851781967,0.77791455889749,84.3459441576087,0.476314807398974,0.250410396135982,4.79455212733543,FALSE,TRUE,TRUE,0.0123456790123457,TRUE,3,0.184000000000083,"central"
"FULL","strong_aniso",4,20261133,"cGCV_best_global",8,1.17435540104891,2.33335810539323,14.9401652466902,215.45575820085,-1.15900270434432,0.447458959069885,5.46532344559814,0.751696006089216,84.6676033934848,0.476106417083622,0.250042829004398,4.39657749811701,FALSE,TRUE,TRUE,0.0123456790123457,TRUE,3,0.163999999999987,"high"
"FULL","strong_aniso",4,20261133,"cGCV_start_low",8,1.00292609101213,1.30369436535017,10.0676032205513,20.123075903926,-0.300768274338038,0.449656709292756,6.78845085368209,0.80263580763044,83.9300047112207,0.476726643788582,0.250833229323154,5.11790675413355,FALSE,TRUE,TRUE,0.0123456790123457,TRUE,3,0.170999999999935,"low"
"FULL","strong_aniso",4,20261133,"cGCV_start_central",8,1.08423616212251,1.73331901591318,12.1404885059104,54.1151686062428,-0.649082853790672,0.448382414253553,6.03524851781967,0.77791455889749,84.3459441576087,0.476314807398974,0.250410396135982,4.79455212733543,FALSE,TRUE,TRUE,0.0123456790123457,TRUE,3,0.184000000000083,"central"
"FULL","strong_aniso",4,20261133,"cGCV_start_high",8,1.17435540104891,2.33335810539323,14.9401652466902,215.45575820085,-1.15900270434432,0.447458959069885,5.46532344559814,0.751696006089216,84.6676033934848,0.476106417083622,0.250042829004398,4.39657749811701,FALSE,TRUE,TRUE,0.0123456790123457,TRUE,3,0.163999999999987,"high"
"FULL","strong_aniso",4,20261133,"tt_nelder",8,5,4.5,1e+05,31622.7766016838,0.5,0.438600139905592,1.68160861421354,2.01010016915981,86.2511218180919,0.478362772083754,0.249826017354716,0,TRUE,TRUE,TRUE,0.0123456790123457,TRUE,8,3.77999999999986,NA
"FULL","strong_aniso",5,20261230,"tt_grid_oracle",8,1,4,10,10000,-3,0.426903953752539,4.76953716929655,0.5271174483678,81.3570792907578,0.431521302280932,0.232576199092831,0,TRUE,TRUE,TRUE,0.197530864197531,TRUE,3,2.54499999999996,NA
"FULL","strong_aniso",5,20261230,"full_tp_gcv",8,1.5,5,31.6227766016838,1e+05,-3.5,0.429160461306903,4.21211668177084,0.516717320752153,82.2548150526782,0.427282286576785,0.228074835887747,1.11803398874989,TRUE,TRUE,TRUE,0.197530864197531,TRUE,7,NA,NA
"FULL","strong_aniso",5,20261230,"cGCV_default",8,0.759998532409571,2.62549694479823,5.75437992783974,422.179309067484,-1.86549841238866,0.42655964662945,5.26467149263131,0.550907046547217,80.8796507722502,0.4347850065945,0.235859415006046,1.3952990192803,TRUE,TRUE,TRUE,0.197530864197531,TRUE,3,0.158999999999992,"central"
"FULL","strong_aniso",5,20261230,"cGCV_best_global",8,0.681952417973079,2.60544272016365,4.80786669775525,403.127773730709,-1.92349030219057,0.42652489091816,5.40720264543336,0.559366719250236,80.7547184801409,0.435910948989199,0.237017343313547,1.43036508317903,TRUE,TRUE,TRUE,0.197530864197531,TRUE,3,0.158999999999992,"low"
"FULL","strong_aniso",5,20261230,"cGCV_start_low",8,0.681952417973079,2.60544272016365,4.80786669775525,403.127773730709,-1.92349030219057,0.42652489091816,5.40720264543336,0.559366719250236,80.7547184801409,0.435910948989199,0.237017343313547,1.43036508317903,TRUE,TRUE,TRUE,0.197530864197531,TRUE,3,0.158999999999992,"low"
"FULL","strong_aniso",5,20261230,"cGCV_start_central",8,0.759998532409571,2.62549694479823,5.75437992783974,422.179309067484,-1.86549841238866,0.42655964662945,5.26467149263131,0.550907046547217,80.8796507722502,0.4347850065945,0.235859415006046,1.3952990192803,TRUE,TRUE,TRUE,0.197530864197531,TRUE,3,0.158999999999992,"central"
"FULL","strong_aniso",5,20261230,"cGCV_start_high",8,0.852718094014643,2.00993204455563,7.12390458446871,102.313288688512,-1.15721395054099,0.427245860943562,5.40059963447592,0.55330236101432,80.8967107894526,0.433618838805404,0.234372622819862,1.99551056802944,TRUE,TRUE,TRUE,0.197530864197531,TRUE,3,0.168000000000006,"high"
"FULL","strong_aniso",5,20261230,"tt_nelder",8,0.234899143449926,3.28187118099779,1.71750948225866,1913.68820891968,-3.04697203754786,0.427263996129892,6.20242139754044,0.612810004940048,80.2348408182822,0.441964746224181,0.243275323241908,1.04932755675965,TRUE,TRUE,TRUE,0.197530864197531,TRUE,3,4.50099999999998,NA
"FULL","strong_aniso",6,20261327,"tt_grid_oracle",8,5,1,1e+05,10,4,0.435749245353429,5.84020552365527,0.704065914923415,82.134431448922,0.488808476130138,0.28626653508062,0,TRUE,TRUE,TRUE,0.197530864197531,TRUE,3,5.70600000000013,NA
"FULL","strong_aniso",6,20261327,"full_tp_gcv",8,3.5,1,3162.27766016838,10,2.5,0.435784715727284,5.8545994261041,0.703815476005276,82.1289387655539,0.488805610358388,0.286253869418544,1.5,TRUE,TRUE,TRUE,0.197530864197531,TRUE,3,NA,NA
"FULL","strong_aniso",6,20261327,"cGCV_default",8,3.87327043468585,0.762574722874443,7469.13715962374,5.788615762597,3.11069571181141,0.43535310089934,6.26780407999633,0.704660573940092,81.6987193296177,0.49077535211072,0.28724198693571,1.1514730893821,TRUE,TRUE,TRUE,0.197530864197531,TRUE,3,0.16700000000003,"central"
"FULL","strong_aniso",6,20261327,"cGCV_best_global",8,3.87327043468585,0.762574722874443,7469.13715962374,5.788615762597,3.11069571181141,0.43535310089934,6.26780407999633,0.704660573940092,81.6987193296177,0.49077535211072,0.28724198693571,1.1514730893821,TRUE,TRUE,TRUE,0.197530864197531,TRUE,3,0.16700000000003,"central"
"FULL","strong_aniso",6,20261327,"cGCV_start_low",8,3.69963750160864,0.685397437738839,5007.69075506084,4.84615653084517,3.0142400638698,0.435404131007591,6.41890119591239,0.707228949516064,81.5808922490029,0.49130329026728,0.287446532037748,1.33787794637774,TRUE,TRUE,TRUE,0.197530864197531,TRUE,3,0.168000000000006,"low"
"FULL","strong_aniso",6,20261327,"cGCV_start_central",8,3.87327043468585,0.762574722874443,7469.13715962374,5.788615762597,3.11069571181141,0.43535310089934,6.26780407999633,0.704660573940092,81.6987193296177,0.49077535211072,0.28724198693571,1.1514730893821,TRUE,TRUE,TRUE,0.197530864197531,TRUE,3,0.16700000000003,"central"
"FULL","strong_aniso",6,20261327,"cGCV_start_high",8,3.96830142319505,0.85449335619827,9296.11362072231,7.15308451261015,3.11380806699678,0.43540802353341,6.09704383864565,0.703150836796698,81.8531302588041,0.490060001401882,0.286910914446917,1.04190889082098,TRUE,TRUE,TRUE,0.197530864197531,TRUE,3,0.177999999999997,"high"
"FULL","strong_aniso",6,20261327,"tt_nelder",8,4.26059747815444,0.762574722874443,18222.0602451773,5.788615762597,3.49802275528,0.435343789381307,6.2641224767109,0.704727319813132,81.7000770202223,0.490775982820443,0.287244784989095,0.776586667107879,TRUE,TRUE,TRUE,0.197530864197531,TRUE,3,2.89800000000002,NA
"FULL","strong_aniso",7,20261424,"tt_grid_oracle",8,1,1,10,10,0,0.509742950630139,8.68240342932513,0.989749613138978,93.2891348833016,0.450242265263437,0.242286017623778,0,TRUE,TRUE,TRUE,0.975308641975309,TRUE,3,3.17299999999989,NA
"FULL","strong_aniso",7,20261424,"full_tp_gcv",8,5,3.5,1e+05,3162.27766016838,1.5,0.508195487152025,5.59285261870044,0.85169811959384,96.0340542833889,0.452471067676034,0.241866981892863,4.7169905660283,TRUE,TRUE,TRUE,0.975308641975309,TRUE,3,NA,NA
"FULL","strong_aniso",7,20261424,"cGCV_default",8,-0.399950085719189,0.0633612554603577,0.398152928388088,1.15707432122314,-0.463311341179547,0.502161274878208,16.8439499850119,1.22217964020867,84.2278587764343,0.455081841632298,0.254848573902164,1.68438486702949,TRUE,TRUE,TRUE,0.975308641975309,TRUE,3,0.161000000000058,"central"
"FULL","strong_aniso",7,20261424,"cGCV_best_global",8,3.69964756918694,-0.33718187902297,5007.80684196783,0.460063862199785,4.0368294482099,0.499483931267054,10.0318870869243,1.20447576204522,90.1265906667314,0.434040925475167,0.232284962388201,3.01266532748069,TRUE,TRUE,TRUE,0.975308641975309,TRUE,3,0.201999999999998,"low"
"FULL","strong_aniso",7,20261424,"cGCV_start_low",8,3.69964756918694,-0.33718187902297,5007.80684196783,0.460063862199785,4.0368294482099,0.499483931267054,10.0318870869243,1.20447576204522,90.1265906667314,0.434040925475167,0.232284962388201,3.01266532748069,TRUE,TRUE,TRUE,0.975308641975309,TRUE,3,0.201999999999998,"low"
"FULL","strong_aniso",7,20261424,"cGCV_start_central",8,-0.399950085719189,0.0633612554603577,0.398152928388088,1.15707432122314,-0.463311341179547,0.502161274878208,16.8439499850119,1.22217964020867,84.2278587764343,0.455081841632298,0.254848573902164,1.68438486702949,TRUE,TRUE,TRUE,0.975308641975309,TRUE,3,0.161000000000058,"central"
"FULL","strong_aniso",7,20261424,"cGCV_start_high",8,0.00424861570260645,0.00719705092588205,1.00983080718578,1.01670989648038,-0.00294843522327562,0.503293936904074,15.2736013322985,1.2423048625731,85.8716148302165,0.448796971587554,0.247420421333281,1.40612179949691,TRUE,TRUE,TRUE,0.975308641975309,TRUE,3,0.166000000000054,"high"
"FULL","strong_aniso",7,20261424,"tt_nelder",8,5,-0.743554687500013,1e+05,0.180486744917941,5.74355468750001,0.500753754917591,11.0792565661711,1.28465427990479,89.3621297610568,0.433072763566612,0.233826227338744,4.36348289194575,TRUE,TRUE,TRUE,0.975308641975309,TRUE,3,2.73899999999992,NA
"FULL","strong_aniso",8,20261521,"tt_grid_oracle",8,4.5,5,31622.7766016838,1e+05,-0.5,0.483089810249914,4.40632328630612,0.685480295465418,92.4075598870994,0.438849331633755,0.243979082748899,0,TRUE,TRUE,TRUE,0.666666666666667,TRUE,10,3.87699999999984,NA
"FULL","strong_aniso",8,20261521,"full_tp_gcv",8,3.5,1,3162.27766016838,10,2.5,0.477997672270876,5.52575770727692,0.616428190593554,90.389911711371,0.437175032889437,0.244125475124767,4.12310562561766,TRUE,TRUE,TRUE,0.666666666666667,TRUE,3,NA,NA
"FULL","strong_aniso",8,20261521,"cGCV_default",8,3.87327871950749,-0.514519858818293,7469.27964602853,0.30583003975762,4.38779857832578,0.459435898708452,8.55670695771928,0.757637755748518,84.1928561679086,0.424782569826345,0.23548975691596,5.55001881408735,TRUE,TRUE,TRUE,0.666666666666667,TRUE,3,0.169000000000096,"central"
"FULL","strong_aniso",8,20261521,"cGCV_best_global",8,3.60073651750984,-0.62262228154467,3987.8289102377,0.238439234270176,4.2233587990545,0.459243602927661,8.82498607585454,0.763210108862951,83.9219141128039,0.42581265509471,0.236686059167026,5.69408079779897,TRUE,TRUE,TRUE,0.666666666666667,TRUE,3,0.187999999999988,"low"
"FULL","strong_aniso",8,20261521,"cGCV_start_low",8,3.60073651750984,-0.62262228154467,3987.8289102377,0.238439234270176,4.2233587990545,0.459243602927661,8.82498607585454,0.763210108862951,83.9219141128039,0.42581265509471,0.236686059167026,5.69408079779897,TRUE,TRUE,TRUE,0.666666666666667,TRUE,3,0.187999999999988,"low"
"FULL","strong_aniso",8,20261521,"cGCV_start_central",8,3.87327871950749,-0.514519858818293,7469.27964602853,0.30583003975762,4.38779857832578,0.459435898708452,8.55670695771928,0.757637755748518,84.1928561679086,0.424782569826345,0.23548975691596,5.55001881408735,TRUE,TRUE,TRUE,0.666666666666667,TRUE,3,0.169000000000096,"central"
"FULL","strong_aniso",8,20261521,"cGCV_start_high",8,3.96830072451859,-0.416365141726512,9296.09866550007,0.383384771573456,4.3846658662451,0.459870745421875,8.32567904800276,0.752482922262508,84.4760607695283,0.424231670761328,0.234765086598077,5.44239978943641,TRUE,TRUE,TRUE,0.666666666666667,TRUE,3,0.163999999999987,"high"
"FULL","strong_aniso",8,20261521,"tt_nelder",8,4.26060659145823,-0.901847730769042,18222.4426237708,0.125358061938734,5.16245432222728,0.459701237992726,9.53616405621059,0.778591085296759,83.381697286416,0.430088937936583,0.241274206484413,5.90670092701814,TRUE,TRUE,TRUE,0.666666666666667,TRUE,3,2.10599999999999,NA
"FULL","strong_aniso",9,20261618,"tt_grid_oracle",8,5,5,1e+05,1e+05,0,0.45712596356087,3.97300998687991,0.647975265805874,87.8289389038415,0.413774520695733,0.222298045084967,0,TRUE,TRUE,TRUE,0.987654320987654,TRUE,23,3.774,NA
"FULL","strong_aniso",9,20261618,"full_tp_gcv",8,5,1.5,1e+05,31.6227766016838,3.5,0.457274558063011,4.68652019075776,0.659341201425525,87.2190753980527,0.413735016640976,0.222340422424346,3.5,TRUE,TRUE,TRUE,0.987654320987654,TRUE,3,NA,NA
"FULL","strong_aniso",9,20261618,"cGCV_default",8,3.87327965022372,1.63880589918236,7469.29565311035,43.5317272264776,2.23447375104137,0.457320155587384,4.56393611472907,0.659922270334777,87.3372999496274,0.41368535371297,0.222229408925253,3.54501403804996,TRUE,TRUE,TRUE,0.987654320987654,TRUE,3,0.180000000000064,"central"
"FULL","strong_aniso",9,20261618,"cGCV_best_global",8,3.87327965022372,1.63880589918236,7469.29565311035,43.5317272264776,2.23447375104137,0.457320155587384,4.56393611472907,0.659922270334777,87.3372999496274,0.41368535371297,0.222229408925253,3.54501403804996,TRUE,TRUE,TRUE,0.987654320987654,TRUE,3,0.180000000000064,"central"
"FULL","strong_aniso",9,20261618,"cGCV_start_low",8,3.69964598894695,1.62179427292641,5007.78862040955,41.8595227872347,2.07785171602054,0.457327806510609,4.58230053614479,0.659554458795067,87.3223480494323,0.41368770217206,0.222239482912588,3.61983348905644,TRUE,TRUE,TRUE,0.987654320987654,TRUE,3,0.174999999999955,"low"
"FULL","strong_aniso",9,20261618,"cGCV_start_central",8,3.87327965022372,1.63880589918236,7469.29565311035,43.5317272264776,2.23447375104137,0.457320155587384,4.56393611472907,0.659922270334777,87.3372999496274,0.41368535371297,0.222229408925253,3.54501403804996,TRUE,TRUE,TRUE,0.987654320987654,TRUE,3,0.180000000000064,"central"
"FULL","strong_aniso",9,20261618,"cGCV_start_high",8,3.96830911521284,1.67885765892962,9296.27827053382,47.7372787925084,2.28945145628321,0.457327830328337,4.52968050798433,0.660343273572429,87.3693854227734,0.413677573831834,0.222204359164529,3.47769644037592,TRUE,TRUE,TRUE,0.987654320987654,TRUE,3,0.170000000000073,"high"
"FULL","strong_aniso",9,20261618,"tt_nelder",8,5,5,1e+05,1e+05,0,0.45712596356087,3.97300998687991,0.647975265805874,87.8289389038415,0.413774520695733,0.222298045084967,0,TRUE,TRUE,TRUE,0.987654320987654,TRUE,23,2.25100000000009,NA
"FULL","strong_aniso",10,20261715,"tt_grid_oracle",8,1.5,1,31.6227766016838,10,0.5,0.440813444828266,6.28428904524185,0.605801546046455,82.7093344203536,0.508532765602609,0.274700111498632,0,TRUE,TRUE,TRUE,0.123456790123457,TRUE,3,3.76299999999992,NA
"FULL","strong_aniso",10,20261715,"full_tp_gcv",8,2,1,100,10,1,0.440538536012002,5.61763564913432,0.596572765100027,83.2276494347339,0.507331591884407,0.272896532563745,0.5,TRUE,TRUE,TRUE,0.123456790123457,TRUE,3,NA,NA
"FULL","strong_aniso",10,20261715,"cGCV_default",8,1.23280050610958,-0.761708872856151,17.0922999710207,0.173097632174389,1.99450937896573,0.406510124588779,12.0524663516716,1.03547564234473,71.7983779784369,0.518877373184715,0.281364805422159,1.78185681866849,TRUE,TRUE,TRUE,0.123456790123457,TRUE,3,0.154999999999973,"central"
"FULL","strong_aniso",10,20261715,"cGCV_best_global",8,1.43732631015258,-0.599275917419601,27.3732466159234,0.251607789685555,2.03660222757218,0.406498363284945,10.8847299811357,0.991759680879786,72.6912270504545,0.516941794641644,0.278683591655055,1.60050349935181,TRUE,TRUE,TRUE,0.123456790123457,TRUE,3,0.166000000000054,"high"
"FULL","strong_aniso",10,20261715,"cGCV_start_low",8,0.979582829304668,-1.04340967116646,9.5407568825809,0.0904878623714173,2.02299250047113,0.40777865943722,13.9956510935873,1.11896768573332,70.5408510556941,0.521326912408251,0.285392224269267,2.10863868781998,TRUE,TRUE,TRUE,0.123456790123457,TRUE,3,0.163999999999987,"low"
"FULL","strong_aniso",10,20261715,"cGCV_start_central",8,1.23280050610958,-0.761708872856151,17.0922999710207,0.173097632174389,1.99450937896573,0.406510124588779,12.0524663516716,1.03547564234473,71.7983779784369,0.518877373184715,0.281364805422159,1.78185681866849,TRUE,TRUE,TRUE,0.123456790123457,TRUE,3,0.154999999999973,"central"
"FULL","strong_aniso",10,20261715,"cGCV_start_high",8,1.43732631015258,-0.599275917419601,27.3732466159234,0.251607789685555,2.03660222757218,0.406498363284945,10.8847299811357,0.991759680879786,72.6912270504545,0.516941794641644,0.278683591655055,1.60050349935181,TRUE,TRUE,TRUE,0.123456790123457,TRUE,3,0.166000000000054,"high"
"FULL","strong_aniso",10,20261715,"tt_nelder",8,1.23280050610958,-0.761708872856151,17.0922999710207,0.173097632174389,1.99450937896573,0.406510124588779,12.0524663516716,1.03547564234473,71.7983779784369,0.518877373184713,0.281364805422158,1.78185681866849,TRUE,TRUE,TRUE,0.123456790123457,TRUE,3,3.10899999999992,NA
"FULL","strong_aniso",11,20261812,"tt_grid_oracle",8,1.5,1,31.6227766016838,10,0.5,0.462921366976424,6.35947597505282,0.654357881287002,86.7900082650612,0.387264785871372,0.216471354877719,0,TRUE,TRUE,TRUE,0.987654320987654,TRUE,3,4.14400000000012,NA
"FULL","strong_aniso",11,20261812,"full_tp_gcv",8,1.5,1,31.6227766016838,10,0.5,0.462921366976424,6.35947597505282,0.654357881287002,86.7900082650612,0.387264785871372,0.216471354877719,0,TRUE,TRUE,TRUE,0.987654320987654,TRUE,3,NA,NA
"FULL","strong_aniso",11,20261812,"cGCV_default",8,1.79548598200787,-0.608516722470813,62.4433194738016,0.246310699469109,2.40400270447868,0.443609492715941,10.0738173073553,0.971331962099138,80.0093080106445,0.401711604828645,0.211476050684325,1.63543205668453,TRUE,TRUE,TRUE,0.987654320987654,TRUE,3,0.164999999999964,"central"
"FULL","strong_aniso",11,20261812,"cGCV_best_global",8,1.705295057244,-0.619946210298997,50.7335271962712,0.239913004574309,2.32524126754299,0.443584904033459,10.2217077806915,0.975536672408011,79.8803263718746,0.401985387924654,0.211734054805811,1.63290287059301,TRUE,TRUE,TRUE,0.987654320987654,TRUE,3,0.174000000000092,"low"
"FULL","strong_aniso",11,20261812,"cGCV_start_low",8,1.705295057244,-0.619946210298997,50.7335271962712,0.239913004574309,2.32524126754299,0.443584904033459,10.2217077806915,0.975536672408011,79.8803263718746,0.401985387924654,0.211734054805811,1.63290287059301,TRUE,TRUE,TRUE,0.987654320987654,TRUE,3,0.174000000000092,"low"
"FULL","strong_aniso",11,20261812,"cGCV_start_central",8,1.79548598200787,-0.608516722470813,62.4433194738016,0.246310699469109,2.40400270447868,0.443609492715941,10.0738173073553,0.971331962099138,80.0093080106445,0.401711604828645,0.211476050684325,1.63543205668453,TRUE,TRUE,TRUE,0.987654320987654,TRUE,3,0.164999999999964,"central"
"FULL","strong_aniso",11,20261812,"cGCV_start_high",8,1.80372648128197,-0.524899210795843,63.6394593276048,0.29860755341371,2.32862569207782,0.443996520936171,9.8476936174831,0.959746012830352,80.2699081839476,0.39965269175711,0.210639234897258,1.55485284786623,TRUE,TRUE,TRUE,0.987654320987654,TRUE,3,0.162000000000035,"high"
"FULL","strong_aniso",12,20261909,"tt_grid_oracle",8,5,5,1e+05,1e+05,0,0.454697613658899,4.97648827921866,0.551477247309238,86.4702319641826,0.47182725269762,0.257459838272739,0,TRUE,TRUE,TRUE,0.851851851851852,TRUE,9,3.81100000000004,NA
"FULL","strong_aniso",12,20261909,"full_tp_gcv",8,4,5,10000,1e+05,-1,0.455766422584886,5.21480635608989,0.55954817474257,86.4617882705961,0.472234715795539,0.258091989383127,1,TRUE,TRUE,TRUE,0.851851851851852,TRUE,5,NA,NA
"FULL","strong_aniso",12,20261909,"cGCV_default",8,3.8732774786863,-1.71285597611226,7469.25830560732,0.0193706424074317,5.58613345479856,0.428362309313497,13.6656443876799,1.05522595218091,74.3647508425729,0.472605694143029,0.277678053263558,6.80675686329852,TRUE,TRUE,TRUE,0.851851851851852,TRUE,3,0.163000000000011,"central"
"FULL","strong_aniso",12,20261909,"cGCV_best_global",8,3.69964464111188,-1.75836001833149,5007.77307873699,0.0174437551346179,5.45800465944337,0.428308473757218,13.8113815324279,1.06211803253624,74.2391395916395,0.47531066514118,0.280844786043676,6.88232186088173,TRUE,TRUE,TRUE,0.851851851851852,TRUE,3,0.174999999999955,"low"
"FULL","strong_aniso",12,20261909,"cGCV_start_low",8,3.69964464111188,-1.75836001833149,5007.77307873699,0.0174437551346179,5.45800465944337,0.428308473757218,13.8113815324279,1.06211803253624,74.2391395916395,0.47531066514118,0.280844786043676,6.88232186088173,TRUE,TRUE,TRUE,0.851851851851852,TRUE,3,0.174999999999955,"low"
"FULL","strong_aniso",12,20261909,"cGCV_start_central",8,3.8732774786863,-1.71285597611226,7469.25830560732,0.0193706424074317,5.58613345479856,0.428362309313497,13.6656443876799,1.05522595218091,74.3647508425729,0.472605694143029,0.277678053263558,6.80675686329852,TRUE,TRUE,TRUE,0.851851851851852,TRUE,3,0.163000000000011,"central"
"FULL","strong_aniso",12,20261909,"cGCV_start_high",8,3.96830556047861,-1.60742939576366,9296.20218008212,0.024692815089574,5.57573495624227,0.42866882340556,13.3278058317225,1.03913953030207,74.6880580827971,0.466591480037724,0.270538796867911,6.6874895616024,TRUE,TRUE,TRUE,0.851851851851852,TRUE,3,0.163000000000011,"high"
"FULL","strong_aniso",13,20262006,"tt_grid_oracle",8,5,4,1e+05,10000,1,0.472348853238501,6.70774617694375,3.94358549214552,88.2392422066856,0.395920753165369,0.208773181712938,0,TRUE,TRUE,TRUE,0.0123456790123457,TRUE,4,4.43900000000008,NA
"FULL","strong_aniso",13,20262006,"full_tp_gcv",8,5,1,1e+05,10,4,0.462753884073909,6.02801648642365,0.796036949745619,87.0558761296136,0.395043863309696,0.208347660429848,3,FALSE,TRUE,TRUE,0.0123456790123457,TRUE,3,NA,NA
"FULL","strong_aniso",13,20262006,"cGCV_default",8,3.87327100478716,0.161643229016355,7469.14696441701,1.45091920420609,3.7116277757708,0.461997902565747,7.7133400855072,0.733716333231063,85.409920877932,0.392481280931317,0.207307698157409,4.00031260403601,FALSE,TRUE,TRUE,0.0123456790123457,TRUE,3,0.166000000000054,"central"
"FULL","strong_aniso",13,20262006,"cGCV_best_global",8,3.87327100478716,0.161643229016355,7469.14696441701,1.45091920420609,3.7116277757708,0.461997902565747,7.7133400855072,0.733716333231063,85.409920877932,0.392481280931317,0.207307698157409,4.00031260403601,FALSE,TRUE,TRUE,0.0123456790123457,TRUE,3,0.166000000000054,"central"
"FULL","strong_aniso",13,20262006,"cGCV_start_low",8,3.69963946760823,0.216911629215499,5007.7134243341,1.6478270554986,3.48272783839273,0.462034365271423,7.58441418686745,0.73926543834103,85.5312418608095,0.39271050305894,0.207435740774543,4.00033687773507,FALSE,TRUE,TRUE,0.0123456790123457,TRUE,3,0.293999999999983,"low"
"FULL","strong_aniso",13,20262006,"cGCV_start_central",8,3.87327100478716,0.161643229016355,7469.14696441701,1.45091920420609,3.7116277757708,0.461997902565747,7.7133400855072,0.733716333231063,85.409920877932,0.392481280931317,0.207307698157409,4.00031260403601,FALSE,TRUE,TRUE,0.0123456790123457,TRUE,3,0.166000000000054,"central"
"FULL","strong_aniso",13,20262006,"cGCV_start_high",8,3.96830046204663,0.188805071017503,9296.09304727422,1.54456102228461,3.77949539102913,0.462006754734393,7.6450450543901,0.736464672966333,85.4722399191561,0.392594759873602,0.207371675316818,3.94836810889196,FALSE,TRUE,TRUE,0.0123456790123457,TRUE,3,0.175999999999931,"high"
"FULL","strong_aniso",14,20262103,"tt_grid_oracle",8,5,4.5,1e+05,31622.7766016838,0.5,0.531872553353151,5.34818110660539,6.89879511556883,100.761475051348,0.470796997827093,0.256337151100275,0,TRUE,TRUE,TRUE,0.234567901234568,TRUE,3,4.36099999999999,NA
"FULL","strong_aniso",14,20262103,"full_tp_gcv",8,1,1,10,10,0,0.518795921883894,6.98388708467298,0.589190850271618,96.6392806222198,0.471739012371784,0.258388420650767,5.31507290636732,TRUE,TRUE,TRUE,0.234567901234568,TRUE,3,NA,NA
"FULL","strong_aniso",14,20262103,"cGCV_default",8,0.270680728090532,-1.73032144324497,1.86500812464076,0.0186070942199986,2.00100217133551,0.468515618565472,19.6162932288144,0.790537181221227,76.2234658149048,0.549344904401393,0.346876559881581,7.82197967664276,TRUE,TRUE,TRUE,0.234567901234568,TRUE,3,0.163999999999987,"central"
"FULL","strong_aniso",14,20262103,"cGCV_best_global",8,0.210056301246394,-1.78241667801972,1.62202035987111,0.0165037760571098,1.99247297926611,0.46849538220075,20.1747994627457,0.794735567288532,75.7489165565638,0.555544735827702,0.353257656450588,7.90014683113483,TRUE,TRUE,TRUE,0.234567901234568,TRUE,3,0.172000000000025,"low"
"FULL","strong_aniso",14,20262103,"cGCV_start_low",8,0.210056301246394,-1.78241667801972,1.62202035987111,0.0165037760571098,1.99247297926611,0.46849538220075,20.1747994627457,0.794735567288532,75.7489165565638,0.555544735827702,0.353257656450588,7.90014683113483,TRUE,TRUE,TRUE,0.234567901234568,TRUE,3,0.172000000000025,"low"
"FULL","strong_aniso",14,20262103,"cGCV_start_central",8,0.270680728090532,-1.73032144324497,1.86500812464076,0.0186070942199986,2.00100217133551,0.468515618565472,19.6162932288144,0.790537181221227,76.2234658149048,0.549344904401393,0.346876559881581,7.82197967664276,TRUE,TRUE,TRUE,0.234567901234568,TRUE,3,0.163999999999987,"central"
"FULL","strong_aniso",14,20262103,"cGCV_start_high",8,0.318664683701433,-1.64371147155588,2.08288208069963,0.022713733632776,1.96237615525731,0.46892312913872,19.0150616718914,0.791066917044025,76.7991700934261,0.540309803915375,0.337601125596035,7.72399449697833,TRUE,TRUE,TRUE,0.234567901234568,TRUE,3,0.163000000000011,"high"
"FULL","strong_aniso",15,20262200,"tt_grid_oracle",8,2,1,100,10,1,0.454470558057346,6.14781212285006,0.536526160251012,85.3919973221169,0.44248892778063,0.235898050962732,0,TRUE,TRUE,TRUE,0.91358024691358,TRUE,3,3.8649999999999,NA
"FULL","strong_aniso",15,20262200,"full_tp_gcv",8,2,1,100,10,1,0.454470558057346,6.14781212285006,0.536526160251012,85.3919973221169,0.44248892778063,0.235898050962732,0,TRUE,TRUE,TRUE,0.91358024691358,TRUE,3,NA,NA
"FULL","strong_aniso",15,20262200,"cGCV_default",8,0.290492686148421,-1.68167957589698,1.95205785961761,0.0208123166133068,1.9721722620454,0.420850021882401,19.2355547644701,1.10872424328315,68.7580234486824,0.47020058070848,0.292887912347958,3.18022335754819,TRUE,TRUE,TRUE,0.91358024691358,TRUE,3,0.16599999999994,"central"
"FULL","strong_aniso",15,20262200,"cGCV_best_global",8,0.201876717953583,-1.65356921142493,1.59175681504046,0.02220397801124,1.85544592937851,0.420832654944868,19.6505795521296,1.11336645507823,68.4398325707307,0.474210526133007,0.2972409318663,3.20541368582274,TRUE,TRUE,TRUE,0.91358024691358,TRUE,3,0.169999999999959,"low"
"FULL","strong_aniso",15,20262200,"cGCV_start_low",8,0.201876717953583,-1.65356921142493,1.59175681504046,0.02220397801124,1.85544592937851,0.420832654944868,19.6505795521296,1.11336645507823,68.4398325707307,0.474210526133007,0.2972409318663,3.20541368582274,TRUE,TRUE,TRUE,0.91358024691358,TRUE,3,0.169999999999959,"low"
"FULL","strong_aniso",15,20262200,"cGCV_start_central",8,0.290492686148421,-1.68167957589698,1.95205785961761,0.0208123166133068,1.9721722620454,0.420850021882401,19.2355547644701,1.10872424328315,68.7580234486824,0.47020058070848,0.292887912347958,3.18022335754819,TRUE,TRUE,TRUE,0.91358024691358,TRUE,3,0.16599999999994,"central"
"FULL","strong_aniso",15,20262200,"cGCV_start_high",8,0.540874299944639,-1.9805474099521,3.47435586844328,0.0104580951796588,2.52142170989674,0.421010969889548,18.7780821353737,1.11135982515383,69.1329136298415,0.460434602652677,0.283786331633265,3.31854044295594,TRUE,TRUE,TRUE,0.91358024691358,TRUE,3,0.157999999999902,"high"
"FULL","strong_aniso",16,20262297,"tt_grid_oracle",8,5,1,1e+05,10,4,0.41002701468446,4.49027722885222,0.615379836654691,78.3644690344818,0.476819201118681,0.255487386055005,0,TRUE,TRUE,TRUE,0.975308641975309,TRUE,3,4.48799999999994,NA
"FULL","strong_aniso",16,20262297,"full_tp_gcv",8,2,5,100,1e+05,-3,0.41060042013869,3.90262003583791,0.618606110788738,78.946517306794,0.478786188886412,0.25779581508245,5,TRUE,TRUE,TRUE,0.975308641975309,TRUE,20,NA,NA
"FULL","strong_aniso",16,20262297,"cGCV_default",8,3.87327341621128,-0.486615218317208,7469.18843703976,0.32612551782299,4.35988863452849,0.398726162496963,7.68058523596503,0.66123739619618,73.7379389975702,0.471491116353384,0.250305322929218,1.86535187081379,TRUE,TRUE,TRUE,0.975308641975309,TRUE,3,0.158000000000015,"central"
"FULL","strong_aniso",16,20262297,"cGCV_best_global",8,3.87327341621128,-0.486615218317208,7469.18843703976,0.32612551782299,4.35988863452849,0.398726162496963,7.68058523596503,0.66123739619618,73.7379389975702,0.471491116353384,0.250305322929218,1.86535187081379,TRUE,TRUE,TRUE,0.975308641975309,TRUE,3,0.158000000000015,"central"
"FULL","strong_aniso",16,20262297,"cGCV_start_low",8,3.69964186325516,-0.464084944716474,5007.74104786349,0.343490757134508,4.16372680797164,0.398741631711945,7.6168054043573,0.65983153009395,73.7897179350531,0.471323900174783,0.250137827928504,1.95818181207567,TRUE,TRUE,TRUE,0.975308641975309,TRUE,3,0.16599999999994,"low"
"FULL","strong_aniso",16,20262297,"cGCV_start_central",8,3.87327341621128,-0.486615218317208,7469.18843703976,0.32612551782299,4.35988863452849,0.398726162496963,7.68058523596503,0.66123739619618,73.7379389975702,0.471491116353384,0.250305322929218,1.86535187081379,TRUE,TRUE,TRUE,0.975308641975309,TRUE,3,0.158000000000015,"central"
"FULL","strong_aniso",16,20262297,"cGCV_start_high",8,3.86328207886173,-0.392659950707694,7299.31454525905,0.404892795609039,4.25594202956943,0.398852302831775,7.40264147394612,0.655832032616557,73.9746231062318,0.470867157384067,0.249660152778908,1.79767332141912,TRUE,TRUE,TRUE,0.975308641975309,TRUE,3,0.163999999999987,"high"
"FULL","strong_aniso",17,20262394,"tt_grid_oracle",8,2.5,3,316.227766016838,1000,-0.5,0.474662464879398,4.21333196623147,0.747638215954993,90.9748033379504,0.443873956232117,0.254947068006534,0,TRUE,FALSE,FALSE,0.0408163265306122,TRUE,26,7.39600000000007,NA
"FULL","strong_aniso",17,20262394,"full_tp_gcv",8,4,4,10000,10000,0,0.489411869806144,7.14372073994872,3.16495208466614,91.0148106700378,0.443984226889138,0.255053200395311,1.80277563773199,FALSE,FALSE,FALSE,0.0408163265306122,TRUE,22,NA,NA
"FULL","strong_aniso",17,20262394,"cGCV_default",8,3.87327109934045,-0.75709825865154,7469.14859057756,0.174945083250787,4.63036935799199,0.455930678808135,9.6764082945718,0.644608910131009,82.576043464238,0.433826800039161,0.24414517114871,4.00020759929359,FALSE,FALSE,FALSE,0.0408163265306122,TRUE,3,0.164999999999964,"central"
"FULL","strong_aniso",17,20262394,"cGCV_best_global",8,3.96830223930379,-0.656764339093508,9296.13108962189,0.220412215985738,4.6250665783973,0.455841077928609,9.30971219050149,0.632893888129163,82.8782575256461,0.433489227952883,0.243731216449827,3.94053764067931,FALSE,FALSE,FALSE,0.0408163265306122,TRUE,3,0.189999999999941,"high"
"FULL","strong_aniso",17,20262394,"cGCV_start_low",8,3.69963744896947,-0.867097358867903,5007.69014809789,0.135800897797654,4.56673480783737,0.456233961917755,10.0968668500384,0.659290976245095,82.266283031931,0.434249152109932,0.244665322682231,4.04889762675386,FALSE,FALSE,FALSE,0.0408163265306122,TRUE,3,0.168999999999983,"low"
"FULL","strong_aniso",17,20262394,"cGCV_start_central",8,3.87327109934045,-0.75709825865154,7469.14859057756,0.174945083250787,4.63036935799199,0.455930678808135,9.6764082945718,0.644608910131009,82.576043464238,0.433826800039161,0.24414517114871,4.00020759929359,FALSE,FALSE,FALSE,0.0408163265306122,TRUE,3,0.164999999999964,"central"
"FULL","strong_aniso",17,20262394,"cGCV_start_high",8,3.96830223930379,-0.656764339093508,9296.13108962189,0.220412215985738,4.6250665783973,0.455841077928609,9.30971219050149,0.632893888129163,82.8782575256461,0.433489227952883,0.243731216449827,3.94053764067931,FALSE,FALSE,FALSE,0.0408163265306122,TRUE,3,0.189999999999941,"high"
"FULL","strong_aniso",18,20262491,"tt_grid_oracle",8,2,1,100,10,1,0.347956976440438,5.43908596096476,0.545751457251818,65.8577286745607,0.432709332389155,0.216698457655581,0,TRUE,TRUE,TRUE,0.209876543209877,TRUE,3,4.46399999999994,NA
"FULL","strong_aniso",18,20262491,"full_tp_gcv",8,1.5,1,31.6227766016838,10,0.5,0.347925034022665,5.92987616658761,0.552995464518505,65.5198732607585,0.431871161419434,0.216467900040675,0.5,TRUE,TRUE,TRUE,0.209876543209877,TRUE,3,NA,NA
"FULL","strong_aniso",18,20262491,"cGCV_default",8,1.3210496625208,-0.531622467763543,20.943519358678,0.294020446138428,1.85267213028434,0.334834068696193,9.91770655125948,0.668683849086505,60.4899145730096,0.433528928934536,0.220483182512952,1.67536292919511,TRUE,TRUE,TRUE,0.209876543209877,TRUE,3,0.171000000000049,"central"
"FULL","strong_aniso",18,20262491,"cGCV_best_global",8,1.3210496625208,-0.531622467763543,20.943519358678,0.294020446138428,1.85267213028434,0.334834068696193,9.91770655125948,0.668683849086505,60.4899145730096,0.433528928934536,0.220483182512952,1.67536292919511,TRUE,TRUE,TRUE,0.209876543209877,TRUE,3,0.171000000000049,"central"
"FULL","strong_aniso",18,20262491,"cGCV_start_low",8,1.13530131749166,-0.656265818746519,13.6553022538633,0.220665369244479,1.79156713623818,0.335168449060473,10.8939539266258,0.699443099836074,59.9299565236917,0.434935346244991,0.221971283665268,1.86840045864899,TRUE,TRUE,TRUE,0.209876543209877,TRUE,3,0.166000000000054,"low"
"FULL","strong_aniso",18,20262491,"cGCV_start_central",8,1.3210496625208,-0.531622467763543,20.943519358678,0.294020446138428,1.85267213028434,0.334834068696193,9.91770655125948,0.668683849086505,60.4899145730096,0.433528928934536,0.220483182512952,1.67536292919511,TRUE,TRUE,TRUE,0.209876543209877,TRUE,3,0.171000000000049,"central"
"FULL","strong_aniso",18,20262491,"cGCV_start_high",8,1.61411522940832,-0.389135491127587,41.1258824090461,0.408192018780629,2.00325072053591,0.335045558210126,8.8050650749038,0.640153886550352,61.2387947776614,0.432502358009407,0.219219617277617,1.4417366156427,TRUE,TRUE,TRUE,0.209876543209877,TRUE,3,0.156999999999925,"high"
"FULL","strong_aniso",19,20262588,"tt_grid_oracle",8,2,4.5,100,31622.7766016838,-2.5,Inf,277.302671424418,272.364687056782,88.3317088092848,0.466968908495949,0.271591878354048,0,TRUE,FALSE,TRUE,0.91358024691358,TRUE,40,7.00299999999982,NA
"FULL","strong_aniso",19,20262588,"full_tp_gcv",8,1,3.5,10,3162.27766016838,-2.5,0.463230569625915,6.24820109891032,0.917935252148931,86.9478210633137,0.466062758865523,0.271542511734776,1.4142135623731,TRUE,FALSE,TRUE,0.91358024691358,TRUE,40,NA,NA
"FULL","strong_aniso",19,20262588,"cGCV_default",8,0.954141634140374,2.16393187032875,8.99790977712503,145.858542766348,-1.20979023618838,0.463196556652284,6.60128238913448,0.880723013887807,86.6248522039146,0.465880418771099,0.271199069609011,2.55949878450924,TRUE,FALSE,TRUE,0.91358024691358,TRUE,3,0.162000000000035,"central"
"FULL","strong_aniso",19,20262588,"cGCV_best_global",8,1.0337219428418,2.30294203927861,10.8074178452499,200.882469799207,-1.26922009643681,0.463070434239805,6.36545885922098,0.873319693749972,86.8125911603799,0.465887169244331,0.271129950833207,2.40015769617637,TRUE,FALSE,TRUE,0.91358024691358,TRUE,3,0.156000000000063,"high"
"FULL","strong_aniso",19,20262588,"cGCV_start_low",8,0.924617486663585,2.1059846608119,8.40654392724103,127.639372606212,-1.18136717414831,0.463268532781233,6.70036492995131,0.884064265572938,86.5495620454008,0.465879885928132,0.271222697103662,2.62445365633643,TRUE,FALSE,TRUE,0.91358024691358,TRUE,3,0.206999999999994,"low"
"FULL","strong_aniso",19,20262588,"cGCV_start_central",8,0.954141634140374,2.16393187032875,8.99790977712503,145.858542766348,-1.20979023618838,0.463196556652284,6.60128238913448,0.880723013887807,86.6248522039146,0.465880418771099,0.271199069609011,2.55949878450924,TRUE,FALSE,TRUE,0.91358024691358,TRUE,3,0.162000000000035,"central"
"FULL","strong_aniso",19,20262588,"cGCV_start_high",8,1.0337219428418,2.30294203927861,10.8074178452499,200.882469799207,-1.26922009643681,0.463070434239805,6.36545885922098,0.873319693749972,86.8125911603799,0.465887169244331,0.271129950833207,2.40015769617637,TRUE,FALSE,TRUE,0.91358024691358,TRUE,3,0.156000000000063,"high"
"FULL","strong_aniso",20,20262685,"tt_grid_oracle",8,1,1,10,10,0,0.493807001665363,5.83490992385998,0.588204840564258,93.0828227791551,0.505526134015077,0.227041353518008,0,TRUE,TRUE,TRUE,0.111111111111111,TRUE,3,3.5060000000002,NA
"FULL","strong_aniso",20,20262685,"full_tp_gcv",8,1.5,1,31.6227766016838,10,0.5,0.494911403298176,4.9536339194227,0.563238615178887,94.1397827208094,0.505495297009831,0.226473591887967,0.5,TRUE,TRUE,TRUE,0.111111111111111,TRUE,3,NA,NA
"FULL","strong_aniso",20,20262685,"cGCV_default",8,-0.0725451628851119,-2.20604168814729,0.846164570405337,0.00622240553116489,2.13349652526218,0.409536061055237,23.0330658748622,1.14065099957231,64.127809770214,0.778220580067312,0.51042475415628,3.38068875121129,TRUE,TRUE,TRUE,0.111111111111111,TRUE,3,0.162000000000035,"central"
"FULL","strong_aniso",20,20262685,"cGCV_best_global",8,-0.0725451628851119,-2.20604168814729,0.846164570405337,0.00622240553116489,2.13349652526218,0.409536061055237,23.0330658748622,1.14065099957231,64.127809770214,0.778220580067312,0.51042475415628,3.38068875121129,TRUE,TRUE,TRUE,0.111111111111111,TRUE,3,0.162000000000035,"central"
"FULL","strong_aniso",20,20262685,"cGCV_start_low",8,-0.0938459479822152,-2.29690971730974,0.805664174006354,0.00504766219264485,2.20306376932752,0.409561466001435,23.4812568539713,1.15403408139993,63.8073555858162,0.80359127159085,0.536398842479704,3.47363104575148,TRUE,TRUE,TRUE,0.111111111111111,TRUE,3,0.161000000000058,"low"
"FULL","strong_aniso",20,20262685,"cGCV_start_central",8,-0.0725451628851119,-2.20604168814729,0.846164570405337,0.00622240553116489,2.13349652526218,0.409536061055237,23.0330658748622,1.14065099957231,64.127809770214,0.778220580067312,0.51042475415628,3.38068875121129,TRUE,TRUE,TRUE,0.111111111111111,TRUE,3,0.162000000000035,"central"
"FULL","strong_aniso",20,20262685,"cGCV_start_high",8,-0.12039134620687,-2.10465122903872,0.757894322639907,0.00785866490851578,1.98425988283185,0.409899130369321,23.0453827824469,1.14949264593456,64.1757273152234,0.750131602277975,0.481462123397983,3.30062661060394,TRUE,TRUE,TRUE,0.111111111111111,TRUE,3,0.161000000000058,"high"
"FULL","strong_aniso",21,20262782,"tt_grid_oracle",8,1,3.5,10,3162.27766016838,-2.5,0.485952984156018,4.95400080690178,0.564681194844715,92.4354054719171,0.441117247791118,0.224405477896602,0,TRUE,TRUE,TRUE,0.777777777777778,TRUE,22,4.65199999999993,NA
"FULL","strong_aniso",21,20262782,"full_tp_gcv",8,1,1,10,10,0,0.485838901731431,7.18708416490664,0.580698629134965,90.3097282391012,0.43664683811759,0.218629807630079,2.5,TRUE,TRUE,TRUE,0.777777777777778,TRUE,3,NA,NA
"FULL","strong_aniso",21,20262782,"cGCV_default",8,1.43010788601905,-0.591950898555191,26.9220350928176,0.255887517763144,2.02205878457424,0.468168344533354,10.630764717076,0.744466394310177,83.9442397857933,0.424615595284146,0.199802028790075,4.1144932798344,FALSE,TRUE,TRUE,0.777777777777778,TRUE,3,0.169999999999959,"central"
"FULL","strong_aniso",21,20262782,"cGCV_best_global",8,1.43168575774955,-0.666682469467209,27.020025699111,0.215435629741192,2.09836822721676,0.468109998406844,10.8316235834701,0.750637837082683,83.7558199343913,0.425255794779651,0.200166209398603,4.18898500770881,FALSE,TRUE,TRUE,0.777777777777778,TRUE,3,0.222000000000094,"low"
"FULL","strong_aniso",21,20262782,"cGCV_start_low",8,1.43168575774955,-0.666682469467209,27.020025699111,0.215435629741192,2.09836822721676,0.468109998406844,10.8316235834701,0.750637837082683,83.7558199343913,0.425255794779651,0.200166209398603,4.18898500770881,FALSE,TRUE,TRUE,0.777777777777778,TRUE,3,0.222000000000094,"low"
"FULL","strong_aniso",21,20262782,"cGCV_start_central",8,1.43010788601905,-0.591950898555191,26.9220350928176,0.255887517763144,2.02205878457424,0.468168344533354,10.630764717076,0.744466394310177,83.9442397857933,0.424615595284146,0.199802028790075,4.1144932798344,FALSE,TRUE,TRUE,0.777777777777778,TRUE,3,0.169999999999959,"central"
"FULL","strong_aniso",21,20262782,"cGCV_start_high",8,1.35142589872635,-0.521630933107726,22.4608350644673,0.300863197585364,1.87305683183407,0.468302876041836,10.6128760006711,0.741318668168795,83.9842266099745,0.42406978890425,0.19957532398874,4.03695622027593,FALSE,TRUE,TRUE,0.777777777777778,TRUE,3,0.165000000000077,"high"
"FULL","strong_aniso",22,20262879,"tt_grid_oracle",8,4.5,4,31622.7766016838,10000,0.5,0.417250629101335,1.79507262505056,3.78736620223049,81.9588579598354,0.401304305427065,0.216411539801642,0,TRUE,FALSE,TRUE,0.0123456790123457,TRUE,13,2.97200000000009,NA
"FULL","strong_aniso",22,20262879,"full_tp_gcv",8,2,1,100,10,1,0.423269577464035,6.14708715721566,0.709422268431817,79.5301352869525,0.401510873659382,0.217561472160541,3.90512483795333,FALSE,FALSE,TRUE,0.0123456790123457,TRUE,3,NA,NA
"FULL","strong_aniso",22,20262879,"cGCV_default",8,3.87326974934759,-0.537446443045545,7469.12537296369,0.29010389311458,4.41071619239314,0.40675616262217,9.79745808191873,0.924437031507,73.5761026149578,0.406397808206268,0.221595724420801,4.58052519156805,FALSE,FALSE,TRUE,0.0123456790123457,TRUE,3,0.163000000000011,"central"
"FULL","strong_aniso",22,20262879,"cGCV_best_global",8,3.87326974934759,-0.537446443045545,7469.12537296369,0.29010389311458,4.41071619239314,0.40675616262217,9.79745808191873,0.924437031507,73.5761026149578,0.406397808206268,0.221595724420801,4.58052519156805,FALSE,FALSE,TRUE,0.0123456790123457,TRUE,3,0.163000000000011,"central"
"FULL","strong_aniso",22,20262879,"cGCV_start_low",8,3.69964403244227,-0.62029405345926,5007.76606027994,0.239720925950016,4.31993808590153,0.40680664943809,10.0567720526048,0.932773689900064,73.384725807245,0.40732037954366,0.22241158935873,4.68910298620496,FALSE,FALSE,TRUE,0.0123456790123457,TRUE,3,0.169000000000096,"low"
"FULL","strong_aniso",22,20262879,"cGCV_start_central",8,3.87326974934759,-0.537446443045545,7469.12537296369,0.29010389311458,4.41071619239314,0.40675616262217,9.79745808191873,0.924437031507,73.5761026149578,0.406397808206268,0.221595724420801,4.58052519156805,FALSE,FALSE,TRUE,0.0123456790123457,TRUE,3,0.163000000000011,"central"
"FULL","strong_aniso",22,20262879,"cGCV_start_high",8,3.96830384117792,-0.438387088558761,9296.16537801379,0.364428984989337,4.40669092973668,0.406805909091911,9.4959449343401,0.91397659695756,73.8185832805609,0.405367702974701,0.220675746096174,4.47012088798405,FALSE,FALSE,TRUE,0.0123456790123457,TRUE,3,0.163000000000011,"high"
"FULL","strong_aniso",23,20262976,"tt_grid_oracle",8,1,1,10,10,0,0.40516839094104,5.04478438797519,0.473022125369049,76.9972612148681,0.455930088619523,0.249996797141591,0,TRUE,TRUE,TRUE,0.320987654320988,TRUE,3,4.40200000000016,NA
"FULL","strong_aniso",23,20262976,"full_tp_gcv",8,1.5,1,31.6227766016838,10,0.5,0.406356892401032,4.37107989248924,0.471127244491931,77.7577615606819,0.451558339795211,0.248349364110719,0.5,TRUE,TRUE,TRUE,0.320987654320988,TRUE,3,NA,NA
"FULL","strong_aniso",23,20262976,"cGCV_default",8,1.28969267665362,-0.386838277140026,19.4846530339973,0.410356883500192,1.67653095379365,0.398531952483273,7.99210236361358,0.69609066365907,73.4634527300666,0.46202743065422,0.259337682403632,1.41677177196874,TRUE,TRUE,TRUE,0.320987654320988,TRUE,3,0.162000000000035,"central"
"FULL","strong_aniso",23,20262976,"cGCV_best_global",8,1.20036860941832,-0.356563186980734,15.8623894879988,0.439983928421244,1.55693179639905,0.398502121729845,8.08954191609562,0.69585258567452,73.3834163770944,0.462715675901018,0.259632887111628,1.37128088293812,TRUE,TRUE,TRUE,0.320987654320988,TRUE,3,0.161000000000058,"low"
"FULL","strong_aniso",23,20262976,"cGCV_start_low",8,1.20036860941832,-0.356563186980734,15.8623894879988,0.439983928421244,1.55693179639905,0.398502121729845,8.08954191609562,0.69585258567452,73.3834163770944,0.462715675901018,0.259632887111628,1.37128088293812,TRUE,TRUE,TRUE,0.320987654320988,TRUE,3,0.161000000000058,"low"
"FULL","strong_aniso",23,20262976,"cGCV_start_central",8,1.28969267665362,-0.386838277140026,19.4846530339973,0.410356883500192,1.67653095379365,0.398531952483273,7.99210236361358,0.69609066365907,73.4634527300666,0.46202743065422,0.259337682403632,1.41677177196874,TRUE,TRUE,TRUE,0.320987654320988,TRUE,3,0.162000000000035,"central"
"FULL","strong_aniso",23,20262976,"cGCV_start_high",8,1.29915765314547,-0.320799625386022,19.9139610406072,0.477749646756475,1.61995727853149,0.398645355583768,7.7805925189359,0.682788082374708,73.6463421791736,0.461283484373703,0.258670009095732,1.35425512805208,TRUE,TRUE,TRUE,0.320987654320988,TRUE,3,0.165000000000077,"high"
"FULL","strong_aniso",24,20263073,"tt_grid_oracle",8,4.5,4.5,31622.7766016838,31622.7766016838,0,0.454267057026179,10.5340980066064,6.20023001381483,81.534867769588,0.487147192901238,0.24669835356299,0,TRUE,FALSE,TRUE,0.0246913580246914,TRUE,6,4.63199999999995,NA
"FULL","strong_aniso",24,20263073,"full_tp_gcv",8,1,3.5,10,3162.27766016838,-2.5,0.40276629453784,1.27047359846397,6.22397096427636,79.5331015521976,0.490049617587928,0.245822655771641,3.64005494464026,FALSE,FALSE,TRUE,0.0246913580246914,TRUE,4,NA,NA
"FULL","strong_aniso",24,20263073,"cGCV_default",8,-0.0879046568737012,-0.237999370626617,0.816761659988927,0.57809688517489,0.150094713752916,0.415518051409389,16.4748850883544,1.00111254196739,69.9762893512444,0.491084502349412,0.247165742915997,6.59526399597633,FALSE,FALSE,TRUE,0.0246913580246914,TRUE,3,0.16700000000003,"central"
"FULL","strong_aniso",24,20263073,"cGCV_best_global",8,-0.0879046568737012,-0.237999370626617,0.816761659988927,0.57809688517489,0.150094713752916,0.415518051409389,16.4748850883544,1.00111254196739,69.9762893512444,0.491084502349412,0.247165742915997,6.59526399597633,FALSE,FALSE,TRUE,0.0246913580246914,TRUE,3,0.16700000000003,"central"
"FULL","strong_aniso",24,20263073,"cGCV_start_low",8,-0.00164795429201847,-0.339575213601365,0.996212635239592,0.457535489412518,0.337927259309347,0.415586675603352,16.5316000677885,1.01523343456971,69.9445960022078,0.489629472069035,0.246184331817943,6.60956296229079,FALSE,FALSE,TRUE,0.0246913580246914,TRUE,3,0.18100000000004,"low"
"FULL","strong_aniso",24,20263073,"cGCV_start_central",8,-0.0879046568737012,-0.237999370626617,0.816761659988927,0.57809688517489,0.150094713752916,0.415518051409389,16.4748850883544,1.00111254196739,69.9762893512444,0.491084502349412,0.247165742915997,6.59526399597633,FALSE,FALSE,TRUE,0.0246913580246914,TRUE,3,0.16700000000003,"central"
"FULL","strong_aniso",24,20263073,"cGCV_start_high",8,0.0161492670946797,-0.227828119572762,1.03788507581718,0.591795802450232,0.243977386667441,0.415540584363642,15.9392418496957,0.995282191976961,70.3891731492268,0.489384553934328,0.245526079615087,6.51592480951081,FALSE,FALSE,TRUE,0.0246913580246914,TRUE,3,0.169999999999959,"high"
"FULL","strong_aniso",25,20263170,"tt_grid_oracle",8,3.5,5,3162.27766016838,1e+05,-1.5,0.541026121461363,3.54113714225339,0.548066148811339,104.407450302135,0.462907104491936,0.255437983557952,0,TRUE,TRUE,TRUE,1,TRUE,3,2.5889999999996,NA
"FULL","strong_aniso",25,20263170,"full_tp_gcv",8,5,5,1e+05,1e+05,0,0.54100677524199,3.53185073928031,0.548439238659478,104.413587200669,0.462888112366083,0.255424637914552,1.5,TRUE,TRUE,TRUE,1,TRUE,3,NA,NA
"FULL","strong_aniso",25,20263170,"cGCV_default",8,3.87327079216326,-2.89211121778723,7469.1433076385,0.0012820022346894,6.76538200995049,0.506681095875704,16.0462086788414,0.822680879602268,85.7279012814498,0.974039472928439,0.796052380672219,7.90093352447704,TRUE,TRUE,TRUE,1,TRUE,3,0.161999999999921,"central"
"FULL","strong_aniso",25,20263170,"cGCV_best_global",8,3.87327079216326,-2.89211121778723,7469.1433076385,0.0012820022346894,6.76538200995049,0.506681095875704,16.0462086788414,0.822680879602268,85.7279012814498,0.974039472928439,0.796052380672219,7.90093352447704,TRUE,TRUE,TRUE,1,TRUE,3,0.161999999999921,"central"
"FULL","strong_aniso",25,20263170,"cGCV_start_low",8,3.69963815191237,-2.87833621518039,5007.69825348088,0.00132331667432817,6.57797436709277,0.506698438186029,16.0310137810319,0.822059330138479,85.7449991256657,0.969569112579565,0.791490667518848,7.88086523873628,TRUE,TRUE,TRUE,1,TRUE,3,0.172000000000025,"low"
"FULL","strong_aniso",25,20263170,"cGCV_start_central",8,3.87327079216326,-2.89211121778723,7469.1433076385,0.0012820022346894,6.76538200995049,0.506681095875704,16.0462086788414,0.822680879602268,85.7279012814498,0.974039472928439,0.796052380672219,7.90093352447704,TRUE,TRUE,TRUE,1,TRUE,3,0.161999999999921,"central"
"FULL","strong_aniso",25,20263170,"cGCV_start_high",8,3.96830246115013,-2.7637403266181,9296.13583827349,0.00172289842259717,6.73204278776823,0.506824464041512,15.8559561167018,0.817573275413723,85.9296269862096,0.930234904176913,0.751334993825542,7.77785131345897,TRUE,TRUE,TRUE,1,TRUE,3,0.161000000000058,"high"
"FULL","strong_aniso",26,20263267,"tt_grid_oracle",8,5,5,1e+05,1e+05,0,0.405434608627167,2.9822124042795,0.595691738181418,78.6867663350646,0.456775451637609,0.245758720457779,0,TRUE,TRUE,TRUE,0.82716049382716,TRUE,10,2.7189999999996,NA
"FULL","strong_aniso",26,20263267,"full_tp_gcv",8,3.5,5,3162.27766016838,1e+05,-1.5,0.40584357125483,3.09201735868014,0.612146824966629,78.6783639986009,0.45699914491546,0.245478764270202,1.5,TRUE,TRUE,TRUE,0.82716049382716,TRUE,3,NA,NA
"FULL","strong_aniso",26,20263267,"cGCV_default",8,-0.452429276536649,-0.919635536918168,0.352834239864933,0.120327380713552,0.46720626038152,0.390341020785685,19.723334749789,1.32303285634731,63.4297835910642,0.450411306584608,0.247348449713313,8.0480475834564,FALSE,TRUE,TRUE,0.82716049382716,TRUE,3,0.172000000000025,"central"
"FULL","strong_aniso",26,20263267,"cGCV_best_global",8,-1.11523871810934,-1.56715861527928,0.0766939810625925,0.0270920198240425,0.451919897169937,0.385408496952282,28.185283278915,1.35681436567361,56.886866254281,0.486106216106436,0.290151821864262,8.97350081393546,FALSE,TRUE,TRUE,0.82716049382716,TRUE,3,0.202999999999975,"low"
"FULL","strong_aniso",26,20263267,"cGCV_start_low",8,-1.11523871810934,-1.56715861527928,0.0766939810625925,0.0270920198240425,0.451919897169937,0.385408496952282,28.185283278915,1.35681436567361,56.886866254281,0.486106216106436,0.290151821864262,8.97350081393546,FALSE,TRUE,TRUE,0.82716049382716,TRUE,3,0.202999999999975,"low"
"FULL","strong_aniso",26,20263267,"cGCV_start_central",8,-0.452429276536649,-0.919635536918168,0.352834239864933,0.120327380713552,0.46720626038152,0.390341020785685,19.723334749789,1.32303285634731,63.4297835910642,0.450411306584608,0.247348449713313,8.0480475834564,FALSE,TRUE,TRUE,0.82716049382716,TRUE,3,0.172000000000025,"central"
"FULL","strong_aniso",26,20263267,"cGCV_start_high",8,3.96829751586242,-0.42438831181547,9296.02998428174,0.376367130740813,4.39268582767789,0.388938964878699,7.95751259078392,0.958606316131385,71.7209615341708,0.440369192639701,0.231958796155621,5.52163006485729,TRUE,TRUE,TRUE,0.82716049382716,TRUE,3,0.163000000000011,"high"
"FULL","strong_aniso",27,20263364,"tt_grid_oracle",8,1.5,5,31.6227766016838,1e+05,-3.5,0.502667234269153,9.89919875733068,5.69427611782854,90.8277333388565,0.45303859690941,0.243314866658886,0,TRUE,TRUE,TRUE,0.925925925925926,TRUE,40,3.06599999999969,NA
"FULL","strong_aniso",27,20263364,"full_tp_gcv",8,1,1.5,10,31.6227766016838,-0.5,0.470676735949296,6.28057054941525,0.747132731785519,88.3159408499289,0.456941325863543,0.245501259597903,3.53553390593274,TRUE,TRUE,TRUE,0.925925925925926,TRUE,3,NA,NA
"FULL","strong_aniso",27,20263364,"cGCV_default",8,0.476815991128807,-0.000562392133931002,2.99789205473808,0.998705882349379,0.477378383262738,0.468124543162342,12.0958580329803,1.16864178453359,82.6426285990284,0.461870348724037,0.245805410402181,5.10416788062794,TRUE,TRUE,TRUE,0.925925925925926,TRUE,3,0.164000000000101,"central"
"FULL","strong_aniso",27,20263364,"cGCV_best_global",8,0.476815991128807,-0.000562392133931002,2.99789205473808,0.998705882349379,0.477378383262738,0.468124543162342,12.0958580329803,1.16864178453359,82.6426285990284,0.461870348724037,0.245805410402181,5.10416788062794,TRUE,TRUE,TRUE,0.925925925925926,TRUE,3,0.164000000000101,"central"
"FULL","strong_aniso",27,20263364,"cGCV_start_low",8,0.38208241574126,0.00663009545597326,2.4103627980458,1.01538348509083,0.375452320285287,0.468133546987527,12.4423229693194,1.17536410127831,82.3397338797452,0.462895789187901,0.24675806265783,5.11697984447867,TRUE,TRUE,TRUE,0.925925925925926,TRUE,3,0.163000000000011,"low"
"FULL","strong_aniso",27,20263364,"cGCV_start_central",8,0.476815991128807,-0.000562392133931002,2.99789205473808,0.998705882349379,0.477378383262738,0.468124543162342,12.0958580329803,1.16864178453359,82.6426285990284,0.461870348724037,0.245805410402181,5.10416788062794,TRUE,TRUE,TRUE,0.925925925925926,TRUE,3,0.164000000000101,"central"
"FULL","strong_aniso",27,20263364,"cGCV_start_high",8,0.554944737868461,0.108737630721548,3.58876266256163,1.28451041731043,0.446207107146913,0.468256959376745,11.3999574418601,1.14750129776641,83.2794441582483,0.461320887555741,0.245441308120974,4.98172430124369,TRUE,TRUE,TRUE,0.925925925925926,TRUE,3,0.162000000000035,"high"
"FULL","strong_aniso",28,20263461,"tt_grid_oracle",8,1,1,10,10,0,0.461140022873809,8.25389569259412,1.15777640133878,84.7726812347576,0.408342980102972,0.230780218853795,0,TRUE,TRUE,TRUE,0.987654320987654,TRUE,3,3.56399999999996,NA
"FULL","strong_aniso",28,20263461,"full_tp_gcv",8,5,1,1e+05,10,4,0.459648692309984,6.9186157512395,1.09631077573986,85.679483677038,0.407295167141232,0.229538680649946,4,TRUE,TRUE,TRUE,0.987654320987654,TRUE,3,NA,NA
"FULL","strong_aniso",28,20263461,"cGCV_default",8,3.87327361034214,-1.30075824085702,7469.19177578874,0.0500312967191342,5.17403185119915,0.418386288165343,12.9536962199787,1.45750164161764,73.1889823000918,0.429280275332513,0.232372867956814,3.6809224010783,TRUE,TRUE,TRUE,0.987654320987654,TRUE,3,0.161000000000058,"central"
"FULL","strong_aniso",28,20263461,"cGCV_best_global",8,3.69963949935579,-1.3356445412739,5007.71379040529,0.0461695305544641,5.0352840406297,0.418357455955693,13.0679860679547,1.46267435003757,73.0945316203705,0.429903507648195,0.23300749122142,3.56977434156062,TRUE,TRUE,TRUE,0.987654320987654,TRUE,3,0.166000000000054,"low"
"FULL","strong_aniso",28,20263461,"cGCV_start_low",8,3.69963949935579,-1.3356445412739,5007.71379040529,0.0461695305544641,5.0352840406297,0.418357455955693,13.0679860679547,1.46267435003757,73.0945316203705,0.429903507648195,0.23300749122142,3.56977434156062,TRUE,TRUE,TRUE,0.987654320987654,TRUE,3,0.166000000000054,"low"
"FULL","strong_aniso",28,20263461,"cGCV_start_central",8,3.87327361034214,-1.30075824085702,7469.19177578874,0.0500312967191342,5.17403185119915,0.418386288165343,12.9536962199787,1.45750164161764,73.1889823000918,0.429280275332513,0.232372867956814,3.6809224010783,TRUE,TRUE,TRUE,0.987654320987654,TRUE,3,0.161000000000058,"central"
"FULL","strong_aniso",28,20263461,"cGCV_start_high",8,3.65881798910916,-1.23693999741,4558.45832946613,0.0579508756445615,4.89575798651916,0.418494222952146,12.7527418837493,1.44807407957759,73.3652506329256,0.428080445411144,0.231206182133331,3.47465302601902,TRUE,TRUE,TRUE,0.987654320987654,TRUE,3,0.176999999999907,"high"
"FULL","strong_aniso",29,20263558,"tt_grid_oracle",8,5,1,1e+05,10,4,0.408572421251508,6.14855204448487,1.09799250097979,76.7674564315129,0.44840572920415,0.237972447824365,0,TRUE,TRUE,TRUE,0.740740740740741,TRUE,3,5.22799999999984,NA
"FULL","strong_aniso",29,20263558,"full_tp_gcv",8,5,1,1e+05,10,4,0.408572421251508,6.14855204448487,1.09799250097979,76.7674564315129,0.44840572920415,0.237972447824365,0,TRUE,TRUE,TRUE,0.740740740740741,TRUE,3,NA,NA
"FULL","strong_aniso",29,20263558,"cGCV_default",8,3.82271520584287,-0.676240145547253,6648.37037837573,0.210746249458711,4.49895535139012,0.390579657180919,9.64250556814753,1.53235840212603,70.7651748059979,0.437192039511381,0.23808977737151,2.04836044486752,TRUE,TRUE,TRUE,0.740740740740741,TRUE,3,0.174999999999955,"central"
"FULL","strong_aniso",29,20263558,"cGCV_best_global",8,3.61166596304711,-0.73703971951507,4089.45998530214,0.183214685102189,4.34870568256218,0.390489136266075,9.80931413333915,1.54631977299524,70.6248355319028,0.437400154911847,0.238741479080339,2.22368576587046,TRUE,TRUE,TRUE,0.740740740740741,TRUE,3,0.200000000000045,"low"
"FULL","strong_aniso",29,20263558,"cGCV_start_low",8,3.61166596304711,-0.73703971951507,4089.45998530214,0.183214685102189,4.34870568256218,0.390489136266075,9.80931413333915,1.54631977299524,70.6248355319028,0.437400154911847,0.238741479080339,2.22368576587046,TRUE,TRUE,TRUE,0.740740740740741,TRUE,3,0.200000000000045,"low"
"FULL","strong_aniso",29,20263558,"cGCV_start_central",8,3.82271520584287,-0.676240145547253,6648.37037837573,0.210746249458711,4.49895535139012,0.390579657180919,9.64250556814753,1.53235840212603,70.7651748059979,0.437192039511381,0.23808977737151,2.04836044486752,TRUE,TRUE,TRUE,0.740740740740741,TRUE,3,0.174999999999955,"central"
"FULL","strong_aniso",29,20263558,"cGCV_start_high",8,3.40873336004074,-0.610852150110245,2562.91002607322,0.244989713540646,4.01958551015099,0.390777611505264,9.47999799698123,1.51683343778157,70.9219769794647,0.437001669835112,0.23740397587719,2.26428226353563,TRUE,TRUE,TRUE,0.740740740740741,TRUE,3,0.168999999999983,"high"
"FULL","strong_aniso",30,20263655,"tt_grid_oracle",8,1.5,5,31.6227766016838,1e+05,-3.5,Inf,-19.2622203095768,23.6711044670477,83.9276479647936,0.438109719442263,0.227027092714939,0,TRUE,TRUE,TRUE,0.765432098765432,TRUE,40,4.80099999999982,NA
"FULL","strong_aniso",30,20263655,"full_tp_gcv",8,4,1,10000,10,3,0.437953124252396,5.88346981370355,0.557910320273232,82.5130560900328,0.440454926293128,0.22905499779344,4.7169905660283,TRUE,TRUE,TRUE,0.765432098765432,TRUE,3,NA,NA
"FULL","strong_aniso",30,20263655,"cGCV_default",8,3.87327784377003,-0.377936285342063,7469.26458454008,0.418855010167964,4.2512141291121,0.431079280126759,8.96807295922611,0.621919854252657,78.6573057823835,0.443179743563185,0.232539511892018,5.8783200332177,TRUE,TRUE,TRUE,0.765432098765432,TRUE,3,0.163000000000011,"central"
"FULL","strong_aniso",30,20263655,"cGCV_best_global",8,3.87327784377003,-0.377936285342063,7469.26458454008,0.418855010167964,4.2512141291121,0.431079280126759,8.96807295922611,0.621919854252657,78.6573057823835,0.443179743563185,0.232539511892018,5.8783200332177,TRUE,TRUE,TRUE,0.765432098765432,TRUE,3,0.163000000000011,"central"
"FULL","strong_aniso",30,20263655,"cGCV_start_low",8,3.10370681684517,-0.685882957665985,1269.71665656196,0.206118532773342,3.78958977451115,0.431390230846119,9.85353934451578,0.628006943708821,77.986028158248,0.447549014368167,0.237091811913201,5.90771872745074,TRUE,TRUE,TRUE,0.765432098765432,TRUE,3,0.163000000000011,"low"
"FULL","strong_aniso",30,20263655,"cGCV_start_central",8,3.87327784377003,-0.377936285342063,7469.26458454008,0.418855010167964,4.2512141291121,0.431079280126759,8.96807295922611,0.621919854252657,78.6573057823835,0.443179743563185,0.232539511892018,5.8783200332177,TRUE,TRUE,TRUE,0.765432098765432,TRUE,3,0.163000000000011,"central"
"FULL","strong_aniso",30,20263655,"cGCV_start_high",8,3.96830242343154,-0.262848591307024,9296.13503090179,0.545948162588726,4.23115101473857,0.431250017025064,8.66467532008016,0.619300486191172,78.9386045681065,0.442181835557336,0.231413934317377,5.81292457791604,TRUE,TRUE,TRUE,0.765432098765432,TRUE,3,0.173000000000002,"high"
"FULL","strong_aniso",31,20263752,"tt_grid_oracle",8,3,4,1000,10000,-1,0.448620238088446,2.87394767453809,0.648584416054159,87.1639525007235,0.436173838755535,0.235842678921267,0,TRUE,FALSE,FALSE,0.0204081632653061,TRUE,4,5.26800000000003,NA
"FULL","strong_aniso",31,20263752,"full_tp_gcv",8,4.5,4.5,31622.7766016838,31622.7766016838,0,0.450317260854859,3.21935179524361,0.574513653346444,87.1873287559217,0.436168928186881,0.235815925837001,1.58113883008419,FALSE,FALSE,FALSE,0.0204081632653061,TRUE,12,NA,NA
"FULL","strong_aniso",31,20263752,"cGCV_default",8,3.87327870461235,-1.83144901726352,7469.27938985222,0.0147418158807264,5.70472772187587,0.451140996606366,14.1862330642711,0.81804885823422,77.8821755184285,0.429594188059129,0.235731337311946,5.89647465328845,FALSE,FALSE,FALSE,0.0204081632653061,TRUE,3,0.162000000000035,"central"
"FULL","strong_aniso",31,20263752,"cGCV_best_global",8,3.89589684817521,-1.7283249514183,7868.58876040511,0.0186928296657955,5.6242217995935,0.450991992188249,13.7916047687342,0.814425141309505,78.1875040581659,0.428362421261516,0.234365155355274,5.79795980596724,FALSE,FALSE,FALSE,0.0204081632653061,TRUE,3,0.160000000000082,"high"
"FULL","strong_aniso",31,20263752,"cGCV_start_low",8,3.69964618554933,-1.90613045089112,5007.79088740443,0.0124127940318615,5.60577663644045,0.451327641308155,14.4669119063475,0.820962348661711,77.6791890919306,0.430553820781957,0.236807906465111,5.94742647603962,FALSE,FALSE,FALSE,0.0204081632653061,TRUE,3,0.174999999999955,"low"
"FULL","strong_aniso",31,20263752,"cGCV_start_central",8,3.87327870461235,-1.83144901726352,7469.27938985222,0.0147418158807264,5.70472772187587,0.451140996606366,14.1862330642711,0.81804885823422,77.8821755184285,0.429594188059129,0.235731337311946,5.89647465328845,FALSE,FALSE,FALSE,0.0204081632653061,TRUE,3,0.162000000000035,"central"
"FULL","strong_aniso",31,20263752,"cGCV_start_high",8,3.89589684817521,-1.7283249514183,7868.58876040511,0.0186928296657955,5.6242217995935,0.450991992188249,13.7916047687342,0.814425141309505,78.1875040581659,0.428362421261516,0.234365155355274,5.79795980596724,FALSE,FALSE,FALSE,0.0204081632653061,TRUE,3,0.160000000000082,"high"
"FULL","strong_aniso",32,20263849,"tt_grid_oracle",8,4.5,5,31622.7766016838,1e+05,-0.5,0.416508039324063,4.06373064448836,0.506511283523101,79.9508457732707,0.446921057091495,0.239798749527174,0,TRUE,TRUE,TRUE,0.876543209876543,TRUE,19,3.82700000000034,NA
"FULL","strong_aniso",32,20263849,"full_tp_gcv",8,1,1,10,10,0,0.416950834601237,7.15668670778923,0.515030910527664,77.5289712111162,0.447361904943644,0.238347565435956,5.31507290636732,TRUE,TRUE,TRUE,0.876543209876543,TRUE,3,NA,NA
"FULL","strong_aniso",32,20263849,"cGCV_default",8,3.87327727605338,-0.349544822575566,7469.254820605,0.447151999835539,4.22282209862895,0.406433690431743,8.13081413568994,0.782765229300946,74.8118114334285,0.434551850194847,0.224836221316978,5.38613137432203,TRUE,TRUE,TRUE,0.876543209876543,TRUE,3,0.158000000000015,"central"
"FULL","strong_aniso",32,20263849,"cGCV_best_global",8,3.69963949215411,-0.385529018244122,5007.7137073649,0.411595844794135,4.08516851039823,0.406383109726913,8.22741556406801,0.789020552110271,74.7271976104229,0.43449834418582,0.224707340611384,5.44467627585597,TRUE,TRUE,TRUE,0.876543209876543,TRUE,3,0.170000000000073,"low"
"FULL","strong_aniso",32,20263849,"cGCV_start_low",8,3.69963949215411,-0.385529018244122,5007.7137073649,0.411595844794135,4.08516851039823,0.406383109726913,8.22741556406801,0.789020552110271,74.7271976104229,0.43449834418582,0.224707340611384,5.44467627585597,TRUE,TRUE,TRUE,0.876543209876543,TRUE,3,0.170000000000073,"low"
"FULL","strong_aniso",32,20263849,"cGCV_start_central",8,3.87327727605338,-0.349544822575566,7469.254820605,0.447151999835539,4.22282209862895,0.406433690431743,8.13081413568994,0.782765229300946,74.8118114334285,0.434551850194847,0.224836221316978,5.38613137432203,TRUE,TRUE,TRUE,0.876543209876543,TRUE,3,0.158000000000015,"central"
"FULL","strong_aniso",32,20263849,"cGCV_start_high",8,3.71770621072524,-0.258991403691202,5220.42920641316,0.550818599053503,3.97669761441644,0.406675702340964,7.90501682415926,0.765542672927075,75.0326483117398,0.43474240985743,0.225213436073011,5.31685754528329,TRUE,TRUE,TRUE,0.876543209876543,TRUE,3,0.164999999999964,"high"
"FULL","strong_aniso",33,20263946,"tt_grid_oracle",8,5,1,1e+05,10,4,0.461693898091452,4.90401721470798,0.593770370837679,87.8659872411306,0.404103987352693,0.219171520579213,0,TRUE,TRUE,TRUE,0.962962962962963,TRUE,3,5.49099999999976,NA
"FULL","strong_aniso",33,20263946,"full_tp_gcv",8,4.5,4,31622.7766016838,10000,0.5,0.460801618916562,3.46054841752633,0.437331735281381,88.9986625648642,0.406250150537934,0.219892240850723,3.04138126514911,TRUE,TRUE,TRUE,0.962962962962963,TRUE,3,NA,NA
"FULL","strong_aniso",33,20263946,"cGCV_default",8,3.87327402821237,-0.450138296236998,7469.19896251242,0.354700420852336,4.32341232444937,0.45683719584385,8.65727354996102,0.776385784177138,83.6287060752458,0.404584564460347,0.21815908230789,1.83641294204596,TRUE,TRUE,TRUE,0.962962962962963,TRUE,3,0.164000000000101,"central"
"FULL","strong_aniso",33,20263946,"cGCV_best_global",8,3.87327402821237,-0.450138296236998,7469.19896251242,0.354700420852336,4.32341232444937,0.45683719584385,8.65727354996102,0.776385784177138,83.6287060752458,0.404584564460347,0.21815908230789,1.83641294204596,TRUE,TRUE,TRUE,0.962962962962963,TRUE,3,0.164000000000101,"central"
"FULL","strong_aniso",33,20263946,"cGCV_start_low",8,3.69964209874297,-0.387803534740946,5007.7437632152,0.409445842122299,4.08744563348391,0.456923292699905,8.47388531143822,0.769617913422264,83.8048782257909,0.404003009237685,0.217584840381638,1.9018226316881,TRUE,TRUE,TRUE,0.962962962962963,TRUE,3,0.166999999999916,"low"
"FULL","strong_aniso",33,20263946,"cGCV_start_central",8,3.87327402821237,-0.450138296236998,7469.19896251242,0.354700420852336,4.32341232444937,0.45683719584385,8.65727354996102,0.776385784177138,83.6287060752458,0.404584564460347,0.21815908230789,1.83641294204596,TRUE,TRUE,TRUE,0.962962962962963,TRUE,3,0.164000000000101,"central"
"FULL","strong_aniso",33,20263946,"cGCV_start_high",8,3.94108737083335,-0.384908030189047,8731.47009368647,0.412184797535933,4.3259954010224,0.456922482060025,8.46100824055169,0.769371516042325,83.8159989820919,0.403970566292482,0.217557213340099,1.74334913551208,TRUE,TRUE,TRUE,0.962962962962963,TRUE,3,0.175999999999931,"high"
"FULL","strong_aniso",34,20264043,"tt_grid_oracle",8,1,1,10,10,0,0.471165783759076,7.5437647966766,0.798450364982409,87.2584954705158,0.4694275547374,0.239714848013531,0,TRUE,TRUE,TRUE,0.802469135802469,TRUE,3,3.16200000000003,NA
"FULL","strong_aniso",34,20264043,"full_tp_gcv",8,1,1,10,10,0,0.471165783759076,7.5437647966766,0.798450364982409,87.2584954705158,0.4694275547374,0.239714848013531,0,TRUE,TRUE,TRUE,0.802469135802469,TRUE,3,NA,NA
"FULL","strong_aniso",34,20264043,"cGCV_default",8,0.0548167446412298,-1.10152973790479,1.13453198633924,0.0791535253139122,1.15634648254602,0.440833422441492,19.9879655990851,1.17008674262301,71.4245640538004,0.485587331550902,0.260012177913059,2.30430002940346,TRUE,TRUE,TRUE,0.802469135802469,TRUE,3,0.161000000000058,"central"
"FULL","strong_aniso",34,20264043,"cGCV_best_global",8,0.11220041169377,-0.948020095307596,1.29479320532684,0.112714530065316,1.06022050700137,0.440393332688188,18.8592824430256,1.14942757656825,72.2508411068088,0.479736624112843,0.254489235417404,2.140787331969,TRUE,TRUE,TRUE,0.802469135802469,TRUE,3,0.159999999999968,"high"
"FULL","strong_aniso",34,20264043,"cGCV_start_low",8,-0.0768812883716091,-1.22549074152717,0.837758246709234,0.0594989440859473,1.14860945315557,0.441693209895875,21.5004072090016,1.20095376335917,70.3663763327003,0.49211999847449,0.266243847008948,2.47234349350329,TRUE,TRUE,TRUE,0.802469135802469,TRUE,3,0.164999999999964,"low"
"FULL","strong_aniso",34,20264043,"cGCV_start_central",8,0.0548167446412298,-1.10152973790479,1.13453198633924,0.0791535253139122,1.15634648254602,0.440833422441492,19.9879655990851,1.17008674262301,71.4245640538004,0.485587331550902,0.260012177913059,2.30430002940346,TRUE,TRUE,TRUE,0.802469135802469,TRUE,3,0.161000000000058,"central"
"FULL","strong_aniso",34,20264043,"cGCV_start_high",8,0.11220041169377,-0.948020095307596,1.29479320532684,0.112714530065316,1.06022050700137,0.440393332688188,18.8592824430256,1.14942757656825,72.2508411068088,0.479736624112843,0.254489235417404,2.140787331969,TRUE,TRUE,TRUE,0.802469135802469,TRUE,3,0.159999999999968,"high"
"FULL","strong_aniso",35,20264140,"tt_grid_oracle",8,1,1,10,10,0,0.425018620769272,6.88083175066777,0.754738683946013,79.2553752429658,0.496413606288569,0.259389446476237,0,TRUE,TRUE,TRUE,0.0246913580246914,TRUE,3,4.32800000000009,NA
"FULL","strong_aniso",35,20264140,"full_tp_gcv",8,1,1,10,10,0,0.425018620769272,6.88083175066777,0.754738683946013,79.2553752429658,0.496413606288569,0.259389446476237,0,TRUE,TRUE,TRUE,0.0246913580246914,TRUE,3,NA,NA
"FULL","strong_aniso",35,20264140,"cGCV_default",8,0.826778112938402,-1.07733863455228,6.71085898249779,0.0836876485876324,1.90411674749068,0.389636589670076,14.1924914064318,0.991511416380661,67.2599063140729,0.527737423036654,0.273249106895199,2.08454830233331,TRUE,TRUE,TRUE,0.0246913580246914,TRUE,3,0.154999999999973,"central"
"FULL","strong_aniso",35,20264140,"cGCV_best_global",8,0.826778112938402,-1.07733863455228,6.71085898249779,0.0836876485876324,1.90411674749068,0.389636589670076,14.1924914064318,0.991511416380661,67.2599063140729,0.527737423036654,0.273249106895199,2.08454830233331,TRUE,TRUE,TRUE,0.0246913580246914,TRUE,3,0.154999999999973,"central"
"FULL","strong_aniso",35,20264140,"cGCV_start_low",8,0.680951102227698,-1.18750798535799,4.79679437873516,0.0649369691527832,1.86845908758568,0.389979818722687,15.2561636186409,1.01307385169467,66.5506119440196,0.532382647345251,0.276830944749258,2.2106522533349,TRUE,TRUE,TRUE,0.0246913580246914,TRUE,3,0.170999999999935,"low"
"FULL","strong_aniso",35,20264140,"cGCV_start_central",8,0.826778112938402,-1.07733863455228,6.71085898249779,0.0836876485876324,1.90411674749068,0.389636589670076,14.1924914064318,0.991511416380661,67.2599063140729,0.527737423036654,0.273249106895199,2.08454830233331,TRUE,TRUE,TRUE,0.0246913580246914,TRUE,3,0.154999999999973,"central"
"FULL","strong_aniso",35,20264140,"cGCV_start_high",8,0.895361221344056,-0.955195478371348,7.85889020446767,0.110867568182436,1.8505566997154,0.389668459848804,13.4344270600769,0.964562226639541,67.8153912480196,0.52366297380487,0.270111494433711,1.95799352211451,TRUE,TRUE,TRUE,0.0246913580246914,TRUE,3,0.160000000000082,"high"
"FULL","strong_aniso",36,20264237,"tt_grid_oracle",8,1,1,10,10,0,0.453242603381517,6.20166727522535,0.69502050342882,85.113961120885,0.424306729696138,0.260721154408773,0,TRUE,TRUE,TRUE,0.0493827160493827,TRUE,3,3.17800000000022,NA
"FULL","strong_aniso",36,20264237,"full_tp_gcv",8,1,1,10,10,0,0.453242603381517,6.20166727522535,0.69502050342882,85.113961120885,0.424306729696138,0.260721154408773,0,TRUE,TRUE,TRUE,0.0493827160493827,TRUE,3,NA,NA
"FULL","strong_aniso",36,20264237,"cGCV_default",8,0.42113329854985,-2.56227207987323,2.63714068251594,0.00273985714908705,2.98340537842308,0.409917293427908,19.5069883206447,1.38473882196449,66.7708689326788,0.43580928953242,0.270857357823104,3.60899834151972,TRUE,TRUE,TRUE,0.0493827160493827,TRUE,3,0.164999999999964,"central"
"FULL","strong_aniso",36,20264237,"cGCV_best_global",8,0.123183437825808,-2.80182080356503,1.32795524262207,0.00157826235014986,2.92500424139084,0.409260543880102,21.8616562506851,1.53988877928469,64.935875701454,0.44367464592616,0.278706326509372,3.90162129199168,TRUE,TRUE,TRUE,0.0493827160493827,TRUE,3,0.163000000000011,"low"
"FULL","strong_aniso",36,20264237,"cGCV_start_low",8,0.123183437825808,-2.80182080356503,1.32795524262207,0.00157826235014986,2.92500424139084,0.409260543880102,21.8616562506851,1.53988877928469,64.935875701454,0.44367464592616,0.278706326509372,3.90162129199168,TRUE,TRUE,TRUE,0.0493827160493827,TRUE,3,0.163000000000011,"low"
"FULL","strong_aniso",36,20264237,"cGCV_start_central",8,0.42113329854985,-2.56227207987323,2.63714068251594,0.00273985714908705,2.98340537842308,0.409917293427908,19.5069883206447,1.38473882196449,66.7708689326788,0.43580928953242,0.270857357823104,3.60899834151972,TRUE,TRUE,TRUE,0.0493827160493827,TRUE,3,0.164999999999964,"central"
"FULL","strong_aniso",36,20264237,"cGCV_start_high",8,0.824624801282927,-2.31758423256513,6.67766766575144,0.00481299895557259,3.14220903384806,0.411435661367599,16.8695604136172,1.19641455937803,68.9910908399388,0.429079058877502,0.263118537282322,3.32221636870476,TRUE,TRUE,TRUE,0.0493827160493827,TRUE,3,0.158999999999992,"high"
"FULL","strong_aniso",37,20264334,"tt_grid_oracle",8,1,1,10,10,0,0.42153342257304,7.30080466906626,0.86775129388853,78.2639604982679,0.462011507916606,0.29212789476903,0,TRUE,TRUE,TRUE,0.111111111111111,TRUE,3,4.72400000000016,NA
"FULL","strong_aniso",37,20264334,"full_tp_gcv",8,1,1,10,10,0,0.42153342257304,7.30080466906626,0.86775129388853,78.2639604982679,0.462011507916606,0.29212789476903,0,TRUE,TRUE,TRUE,0.111111111111111,TRUE,3,NA,NA
"FULL","strong_aniso",37,20264334,"cGCV_default",8,0.74280110936456,-0.693841587999406,5.53096753572338,0.202375722390506,1.43664269736397,0.391780737113665,12.347197399345,0.913201574479385,68.9800005250834,0.477257669992874,0.307439641726759,1.71325730542159,TRUE,TRUE,TRUE,0.111111111111111,TRUE,3,0.169999999999959,"central"
"FULL","strong_aniso",37,20264334,"cGCV_best_global",8,0.638383538920152,-0.771549926580241,4.34894123111985,0.169219369832911,1.40993346550039,0.391725167999948,13.006562972348,0.919496625101832,68.4863795350109,0.47962122867091,0.309738065184372,1.80808064181064,TRUE,TRUE,TRUE,0.111111111111111,TRUE,3,0.19399999999996,"low"
"FULL","strong_aniso",37,20264334,"cGCV_start_low",8,0.638383538920152,-0.771549926580241,4.34894123111985,0.169219369832911,1.40993346550039,0.391725167999948,13.006562972348,0.919496625101832,68.4863795350109,0.47962122867091,0.309738065184372,1.80808064181064,TRUE,TRUE,TRUE,0.111111111111111,TRUE,3,0.19399999999996,"low"
"FULL","strong_aniso",37,20264334,"cGCV_start_central",8,0.74280110936456,-0.693841587999406,5.53096753572338,0.202375722390506,1.43664269736397,0.391780737113665,12.347197399345,0.913201574479385,68.9800005250834,0.477257669992874,0.307439641726759,1.71325730542159,TRUE,TRUE,TRUE,0.111111111111111,TRUE,3,0.169999999999959,"central"
"FULL","strong_aniso",37,20264334,"cGCV_start_high",8,0.729335793693171,-0.599802161604501,5.3621109223271,0.251303095627071,1.32913795529767,0.39211393184937,12.1131823583787,0.909730657616811,69.2109640382283,0.476241097188643,0.306121616094984,1.62253692372474,TRUE,TRUE,TRUE,0.111111111111111,TRUE,3,0.163999999999987,"high"
"FULL","strong_aniso",38,20264431,"tt_grid_oracle",8,2.5,2,316.227766016838,100,0.5,0.437126157953538,4.30906308733524,0.444117672599319,83.6986060536841,0.411185852166801,0.229626258441629,0,TRUE,FALSE,FALSE,1,TRUE,3,3.17000000000007,NA
"FULL","strong_aniso",38,20264431,"full_tp_gcv",8,1.5,1.5,31.6227766016838,31.6227766016838,0,0.435933098438167,5.30394038389821,0.465260555423014,82.6236112346031,0.410849748523568,0.22993014050012,1.11803398874989,TRUE,FALSE,FALSE,1,TRUE,3,NA,NA
"FULL","strong_aniso",38,20264431,"cGCV_default",8,1.19332418329392,-2.26530857348323,15.6071708039652,0.00542864480151369,3.45863275677715,0.416154943116011,17.5769514036841,0.9657947287575,69.2443719268175,0.429236243043917,0.236444178610646,4.46097062498668,TRUE,FALSE,FALSE,1,TRUE,3,0.164999999999964,"central"
"FULL","strong_aniso",38,20264431,"cGCV_best_global",8,1.19332418329392,-2.26530857348323,15.6071708039652,0.00542864480151369,3.45863275677715,0.416154943116011,17.5769514036841,0.9657947287575,69.2443719268175,0.429236243043917,0.236444178610646,4.46097062498668,TRUE,FALSE,FALSE,1,TRUE,3,0.164999999999964,"central"
"FULL","strong_aniso",38,20264431,"cGCV_start_low",8,1.08240534782251,-2.19467486810831,12.0894167180741,0.00638741497129933,3.27708021593082,0.416205842883877,17.7652310825388,0.965763671195434,69.1099625925775,0.430316826572663,0.238079469553703,4.4277389090846,TRUE,FALSE,FALSE,1,TRUE,3,0.166000000000054,"low"
"FULL","strong_aniso",38,20264431,"cGCV_start_central",8,1.19332418329392,-2.26530857348323,15.6071708039652,0.00542864480151369,3.45863275677715,0.416154943116011,17.5769514036841,0.9657947287575,69.2443719268175,0.429236243043917,0.236444178610646,4.46097062498668,TRUE,FALSE,FALSE,1,TRUE,3,0.164999999999964,"central"
"FULL","strong_aniso",38,20264431,"cGCV_start_high",8,1.29721645730379,-2.18344041031807,19.8251488754713,0.00655480218309633,3.48065686762185,0.416356253534774,17.0659366392625,0.95054442324097,69.6665426922345,0.428187822177076,0.235746438547272,4.35291418675616,TRUE,FALSE,FALSE,1,TRUE,3,0.160999999999945,"high"
"FULL","strong_aniso",39,20264528,"tt_grid_oracle",8,4.5,5,31622.7766016838,1e+05,-0.5,0.416401486359126,2.35024934042815,1.74719083186953,81.3345029605637,0.478806013845752,0.259523766203238,0,TRUE,TRUE,TRUE,0.950617283950617,TRUE,12,3.12600000000009,NA
"FULL","strong_aniso",39,20264528,"full_tp_gcv",8,4,4,10000,10000,0,0.424330302372065,4.23659325509285,0.504343594076793,81.3087116145263,0.479706386611721,0.261063854258338,1.11803398874989,TRUE,TRUE,TRUE,0.950617283950617,TRUE,3,NA,NA
"FULL","strong_aniso",39,20264528,"cGCV_default",8,3.8732692162966,3.87327714815806,7469.11620540012,7469.2526209855,-7.93186145917854e-06,0.424335029067032,4.23801257779491,0.504303839752745,81.3084383107962,0.479706661878392,0.261064330953773,1.2893005313364,TRUE,TRUE,TRUE,0.950617283950617,TRUE,3,0.162000000000035,"central"
"FULL","strong_aniso",39,20264528,"cGCV_best_global",8,3.96829659584733,3.96830823743611,9296.0102914715,9296.25948132795,-1.16415887821687e-05,0.424331351792078,4.23690884830189,0.504331834986838,81.3086505422816,0.479706448193993,0.261063960763703,1.16064482204062,TRUE,TRUE,TRUE,0.950617283950617,TRUE,3,0.160999999999945,"high"
"FULL","strong_aniso",39,20264528,"cGCV_start_low",8,3.69963905304351,3.69964070408836,5007.70864412057,5007.72768181889,-1.65104485887193e-06,0.424344280984226,4.24078534317061,0.504228668875402,81.3079077724199,0.479707194556534,0.261065255631504,1.52692892561406,TRUE,TRUE,TRUE,0.950617283950617,TRUE,3,0.173999999999978,"low"
"FULL","strong_aniso",39,20264528,"cGCV_start_central",8,3.8732692162966,3.87327714815806,7469.11620540012,7469.2526209855,-7.93186145917854e-06,0.424335029067032,4.23801257779491,0.504303839752745,81.3084383107962,0.479706661878392,0.261064330953773,1.2893005313364,TRUE,TRUE,TRUE,0.950617283950617,TRUE,3,0.162000000000035,"central"
"FULL","strong_aniso",39,20264528,"cGCV_start_high",8,3.96829659584733,3.96830823743611,9296.0102914715,9296.25948132795,-1.16415887821687e-05,0.424331351792078,4.23690884830189,0.504331834986838,81.3086505422816,0.479706448193993,0.261063960763703,1.16064482204062,TRUE,TRUE,TRUE,0.950617283950617,TRUE,3,0.160999999999945,"high"
"FULL","strong_aniso",40,20264625,"tt_grid_oracle",8,4.5,5,31622.7766016838,1e+05,-0.5,0.40935403981974,3.63112150564289,0.841362512296442,78.9249662030075,0.45663790121195,0.270896338027957,0,TRUE,TRUE,TRUE,0.592592592592593,TRUE,40,3.77699999999993,NA
"FULL","strong_aniso",40,20264625,"full_tp_gcv",8,4,1,10000,10,3,0.405692849020607,4.39780860448853,0.449910457902999,77.6094827597697,0.454334823416718,0.268261226574121,4.03112887414927,TRUE,TRUE,TRUE,0.592592592592593,TRUE,3,NA,NA
"FULL","strong_aniso",40,20264625,"cGCV_default",8,3.87327038006015,-0.341378630706484,7469.13622015324,0.455639502814541,4.21464901076663,0.395141168859003,7.30998971974168,0.424279488622293,73.3568517255118,0.442196617850138,0.254205007117943,5.37802154077853,TRUE,TRUE,TRUE,0.592592592592593,TRUE,3,0.161999999999921,"central"
"FULL","strong_aniso",40,20264625,"cGCV_best_global",8,3.87327038006015,-0.341378630706484,7469.13622015324,0.455639502814541,4.21464901076663,0.395141168859003,7.30998971974168,0.424279488622293,73.3568517255118,0.442196617850138,0.254205007117943,5.37802154077853,TRUE,TRUE,TRUE,0.592592592592593,TRUE,3,0.161999999999921,"central"
"FULL","strong_aniso",40,20264625,"cGCV_start_low",8,3.60081941876252,-0.36213200288556,3988.5902083458,0.434378175780538,3.96295142164808,0.395145479532265,7.37861771597071,0.42686567577542,73.3054075363777,0.442130550642429,0.25411396719144,5.43700150211898,TRUE,TRUE,TRUE,0.592592592592593,TRUE,3,0.168999999999983,"low"
"FULL","strong_aniso",40,20264625,"cGCV_start_central",8,3.87327038006015,-0.341378630706484,7469.13622015324,0.455639502814541,4.21464901076663,0.395141168859003,7.30998971974168,0.424279488622293,73.3568517255118,0.442196617850138,0.254205007117943,5.37802154077853,TRUE,TRUE,TRUE,0.592592592592593,TRUE,3,0.161999999999921,"central"
"FULL","strong_aniso",40,20264625,"cGCV_start_high",8,3.96830351116918,-0.236864559975742,9296.15831410959,0.57960942650377,4.20516807114493,0.395261945785288,7.00482532678656,0.413277177490798,73.6118801114514,0.442667307146032,0.254834853832793,5.26378680949038,TRUE,TRUE,TRUE,0.592592592592593,TRUE,3,0.206999999999994,"high"
"FULL","strong_aniso",41,20264722,"tt_grid_oracle",8,5,5,1e+05,1e+05,0,0.430519915952125,3.37960056650609,0.363980872742005,83.2185988333338,0.38123365041989,0.22809648934425,0,TRUE,TRUE,TRUE,0.938271604938272,TRUE,17,4.30500000000018,NA
"FULL","strong_aniso",41,20264722,"full_tp_gcv",8,1,1,10,10,0,0.431119047909017,6.63175409112796,0.616370911911728,80.6004619908785,0.388825572407856,0.233394807182645,5.65685424949238,TRUE,TRUE,TRUE,0.938271604938272,TRUE,3,NA,NA
"FULL","strong_aniso",41,20264722,"cGCV_default",8,0.0718613631285319,-1.23796280180511,1.17994391006194,0.0578145564614191,1.30982416493364,0.426802267706535,18.0382632052666,1.29170224987112,70.6572726044493,0.437488731318284,0.279606134198656,7.94976291098858,TRUE,TRUE,TRUE,0.938271604938272,TRUE,3,0.176999999999907,"central"
"FULL","strong_aniso",41,20264722,"cGCV_best_global",8,0.00635308716135498,-1.2509028004367,1.01473604429539,0.0561173558381727,1.25725588759806,0.426758739428676,18.4835762072658,1.30159066811993,70.3046873250004,0.439390683598749,0.281637842627631,8.00064343103793,TRUE,TRUE,TRUE,0.938271604938272,TRUE,3,0.172000000000025,"low"
"FULL","strong_aniso",41,20264722,"cGCV_start_low",8,0.00635308716135498,-1.2509028004367,1.01473604429539,0.0561173558381727,1.25725588759806,0.426758739428676,18.4835762072658,1.30159066811993,70.3046873250004,0.439390683598749,0.281637842627631,8.00064343103793,TRUE,TRUE,TRUE,0.938271604938272,TRUE,3,0.172000000000025,"low"
"FULL","strong_aniso",41,20264722,"cGCV_start_central",8,0.0718613631285319,-1.23796280180511,1.17994391006194,0.0578145564614191,1.30982416493364,0.426802267706535,18.0382632052666,1.29170224987112,70.6572726044493,0.437488731318284,0.279606134198656,7.94976291098858,TRUE,TRUE,TRUE,0.938271604938272,TRUE,3,0.176999999999907,"central"
"FULL","strong_aniso",41,20264722,"cGCV_start_high",8,1.37668979944712,0.623010743235649,23.8061847385669,4.19769367787362,0.753679056211469,0.430770782659276,6.77869997779274,0.634845548021517,80.4129959952456,0.390704022595249,0.234754515790184,5.68211331841078,TRUE,TRUE,TRUE,0.938271604938272,TRUE,3,0.158999999999992,"high"
"FULL","strong_aniso",42,20264819,"tt_grid_oracle",8,2,1,100,10,1,0.478900199845744,6.79542489769406,0.749778597276637,89.3819520732052,0.419864802527476,0.221398666071254,0,TRUE,TRUE,TRUE,0.987654320987654,TRUE,3,2.95400000000006,NA
"FULL","strong_aniso",42,20264819,"full_tp_gcv",8,5,1.5,1e+05,31.6227766016838,3.5,0.47981349232581,5.92091123352084,0.753218020950759,90.3649368351783,0.42206992395338,0.223595433375139,3.04138126514911,TRUE,TRUE,TRUE,0.987654320987654,TRUE,3,NA,NA
"FULL","strong_aniso",42,20264819,"cGCV_default",8,3.87326784157805,-0.111425753588635,7469.09256264895,0.773702938702251,3.98469359516668,0.472802419749216,8.52603367951104,0.78337072962794,86.670072963987,0.40992778055095,0.212685104602186,2.17816427572177,TRUE,TRUE,TRUE,0.987654320987654,TRUE,3,0.168999999999983,"central"
"FULL","strong_aniso",42,20264819,"cGCV_best_global",8,3.69963931047943,-0.221347671532636,5007.71161253148,0.600692664468208,3.92098698201206,0.472618030836097,8.77832546630566,0.794572688730629,86.4081137348188,0.409153386306964,0.212017801364094,2.09295578560207,TRUE,TRUE,TRUE,0.987654320987654,TRUE,3,0.162000000000035,"low"
"FULL","strong_aniso",42,20264819,"cGCV_start_low",8,3.69963931047943,-0.221347671532636,5007.71161253148,0.600692664468208,3.92098698201206,0.472618030836097,8.77832546630566,0.794572688730629,86.4081137348188,0.409153386306964,0.212017801364094,2.09295578560207,TRUE,TRUE,TRUE,0.987654320987654,TRUE,3,0.162000000000035,"low"
"FULL","strong_aniso",42,20264819,"cGCV_start_central",8,3.87326784157805,-0.111425753588635,7469.09256264895,0.773702938702251,3.98469359516668,0.472802419749216,8.52603367951104,0.78337072962794,86.670072963987,0.40992778055095,0.212685104602186,2.17816427572177,TRUE,TRUE,TRUE,0.987654320987654,TRUE,3,0.168999999999983,"central"
"FULL","strong_aniso",42,20264819,"cGCV_start_high",8,3.9683030639946,-0.0174015147822469,9296.14874225499,0.9607236575608,3.98570457877684,0.473131325773813,8.3187003852872,0.775081186550505,86.9182949454548,0.410728546188488,0.213369779587457,2.21569916595456,TRUE,TRUE,TRUE,0.987654320987654,TRUE,3,0.158000000000015,"high"
"FULL","strong_aniso",43,20264916,"tt_grid_oracle",8,5,1,1e+05,10,4,0.534211775055354,4.60240813508201,0.397265155593335,101.981612570508,0.476602021373474,0.284315868376772,0,TRUE,TRUE,TRUE,0.962962962962963,TRUE,3,2.77200000000005,NA
"FULL","strong_aniso",43,20264916,"full_tp_gcv",8,5,5,1e+05,1e+05,0,0.546129771614954,5.3703898334067,1.53767453721252,103.438849657768,0.475911551865458,0.283662682796803,4,FALSE,TRUE,TRUE,0.962962962962963,TRUE,3,NA,NA
"FULL","strong_aniso",43,20264916,"cGCV_default",8,2.56587252142013,-1.18234457465241,368.020932500127,0.0657136250378288,3.74821709607254,0.508650777120772,9.4142638702842,0.574712084381707,92.3784145885499,0.494226702436547,0.311336198621377,3.26919017869753,TRUE,TRUE,TRUE,0.962962962962963,TRUE,3,0.162000000000035,"central"
"FULL","strong_aniso",43,20264916,"cGCV_best_global",8,2.56587252142013,-1.18234457465241,368.020932500127,0.0657136250378288,3.74821709607254,0.508650777120772,9.4142638702842,0.574712084381707,92.3784145885499,0.494226702436547,0.311336198621377,3.26919017869753,TRUE,TRUE,TRUE,0.962962962962963,TRUE,3,0.162000000000035,"central"
"FULL","strong_aniso",43,20264916,"cGCV_start_low",8,2.32652337444769,-1.20160460809674,212.09155412024,0.0628630418272696,3.52812798254443,0.508654333982257,9.56819321342743,0.58069385265253,92.2298982423827,0.495276458960529,0.312580966179618,3.46331345935758,TRUE,TRUE,TRUE,0.962962962962963,TRUE,3,0.172000000000025,"low"
"FULL","strong_aniso",43,20264916,"cGCV_start_central",8,2.56587252142013,-1.18234457465241,368.020932500127,0.0657136250378288,3.74821709607254,0.508650777120772,9.4142638702842,0.574712084381707,92.3784145885499,0.494226702436547,0.311336198621377,3.26919017869753,TRUE,TRUE,TRUE,0.962962962962963,TRUE,3,0.162000000000035,"central"
"FULL","strong_aniso",43,20264916,"cGCV_start_high",8,2.99922231218013,-1.08388505913192,998.210909952,0.0824356261203452,4.08310737131205,0.508912696427744,9.03559198146904,0.558913066891589,92.7936273818203,0.489237734538475,0.305438653956604,2.88889049563168,TRUE,TRUE,TRUE,0.962962962962963,TRUE,3,0.168999999999983,"high"
"FULL","strong_aniso",44,20265013,"tt_grid_oracle",8,4.5,4.5,31622.7766016838,31622.7766016838,0,0.496297552210899,0.859214978521512,2.66269637085307,98.4084898201343,0.470767650472461,0.24815227540246,0,TRUE,FALSE,TRUE,0.0123456790123457,TRUE,17,4.44800000000009,NA
"FULL","strong_aniso",44,20265013,"full_tp_gcv",8,4,4,10000,10000,0,0.511141925347696,3.77618158299184,0.785385625173072,98.4044988823828,0.471099666584615,0.248578872475204,0.707106781186548,FALSE,FALSE,TRUE,0.0123456790123457,TRUE,19,NA,NA
"FULL","strong_aniso",44,20265013,"cGCV_default",8,3.8732746218455,3.87327073196311,7469.20917209858,7469.14227229603,3.88988238707637e-06,0.511144587396379,3.7777933513938,0.785542389499277,98.4033948003559,0.471099473029481,0.248578511231402,0.886326280235986,FALSE,FALSE,TRUE,0.0123456790123457,TRUE,3,0.22199999999998,"central"
"FULL","strong_aniso",44,20265013,"cGCV_best_global",8,3.96830223856088,3.96829822667323,9296.13107371996,9296.0451991284,4.01188765707728e-06,0.511139300159681,3.77592325969565,0.785449648953505,98.4042525764917,0.471099627885513,0.248578795372969,0.751937022148931,FALSE,FALSE,TRUE,0.0123456790123457,TRUE,22,0.168999999999983,"high"
"FULL","strong_aniso",44,20265013,"cGCV_start_low",8,3.69964275476671,3.54807775835808,5007.75132767076,3532.46411217375,0.151564996408632,0.511158566542259,3.78435853236165,0.785968121380122,98.3995011966104,0.471097478253119,0.248577133778215,1.24367506774478,FALSE,FALSE,TRUE,0.0123456790123457,TRUE,3,0.16700000000003,"low"
"FULL","strong_aniso",44,20265013,"cGCV_start_central",8,3.8732746218455,3.87327073196311,7469.20917209858,7469.14227229603,3.88988238707637e-06,0.511144587396379,3.7777933513938,0.785542389499277,98.4033948003559,0.471099473029481,0.248578511231402,0.886326280235986,FALSE,FALSE,TRUE,0.0123456790123457,TRUE,3,0.22199999999998,"central"
"FULL","strong_aniso",44,20265013,"cGCV_start_high",8,3.96830223856088,3.96829822667323,9296.13107371996,9296.0451991284,4.01188765707728e-06,0.511139300159681,3.77592325969565,0.785449648953505,98.4042525764917,0.471099627885513,0.248578795372969,0.751937022148931,FALSE,FALSE,TRUE,0.0123456790123457,TRUE,22,0.168999999999983,"high"
"FULL","strong_aniso",45,20265110,"tt_grid_oracle",8,1,1,10,10,0,0.486121741335787,7.2552838930487,0.697540249677762,90.2983909498236,0.486237907908077,0.266092240853519,0,TRUE,TRUE,TRUE,0.987654320987654,TRUE,3,2.77100000000007,NA
"FULL","strong_aniso",45,20265110,"full_tp_gcv",8,4.5,2.5,31622.7766016838,316.227766016838,2,0.484825045444448,4.54977565017891,0.636225016631387,92.6034992197543,0.487966515962266,0.267677482135634,3.80788655293195,TRUE,TRUE,TRUE,0.987654320987654,TRUE,3,NA,NA
"FULL","strong_aniso",45,20265110,"cGCV_default",8,3.87327321528763,-0.560489903383363,7469.18498146669,0.275112356324499,4.43376311867099,0.473904470468928,8.96614109133027,0.747893830677004,86.4731952987972,0.473893916271159,0.25579693716095,3.26968312046454,TRUE,TRUE,TRUE,0.987654320987654,TRUE,3,0.164999999999964,"central"
"FULL","strong_aniso",45,20265110,"cGCV_best_global",8,3.69964289745077,-0.607398559642196,5007.75297292861,0.246945684106721,4.30704145709297,0.47387318721371,9.10749304505244,0.751717006751931,86.3395743739021,0.474009181638406,0.256050584175182,3.14194237746274,TRUE,TRUE,TRUE,0.987654320987654,TRUE,3,0.182999999999993,"low"
"FULL","strong_aniso",45,20265110,"cGCV_start_low",8,3.69964289745077,-0.607398559642196,5007.75297292861,0.246945684106721,4.30704145709297,0.47387318721371,9.10749304505244,0.751717006751931,86.3395743739021,0.474009181638406,0.256050584175182,3.14194237746274,TRUE,TRUE,TRUE,0.987654320987654,TRUE,3,0.182999999999993,"low"
"FULL","strong_aniso",45,20265110,"cGCV_start_central",8,3.87327321528763,-0.560489903383363,7469.18498146669,0.275112356324499,4.43376311867099,0.473904470468928,8.96614109133027,0.747893830677004,86.4731952987972,0.473893916271159,0.25579693716095,3.26968312046454,TRUE,TRUE,TRUE,0.987654320987654,TRUE,3,0.164999999999964,"central"
"FULL","strong_aniso",45,20265110,"cGCV_start_high",8,-1.88124234385757,0.548807092981978,0.0131449111864319,3.53840135753474,-2.43004943683955,0.480596156059742,18.544665674829,0.9562348909988,79.1206373385864,0.578113419943454,0.352068069526325,2.9163560282279,TRUE,TRUE,TRUE,0.987654320987654,TRUE,3,0.173999999999978,"high"
"FULL","strong_aniso",46,20265207,"tt_grid_oracle",8,2,5,100,1e+05,-3,0.429401223970331,5.44986526243755,1.26999814459123,81.2636554618742,0.437007117490249,0.232205401429523,0,TRUE,TRUE,TRUE,0.975308641975309,TRUE,40,4.1350000000001,NA
"FULL","strong_aniso",46,20265207,"full_tp_gcv",8,1,5,10,1e+05,-4,0.426423641539063,6.10411379302026,1.03267159660916,80.158294605761,0.436535358948263,0.231008067064495,1,TRUE,TRUE,TRUE,0.975308641975309,TRUE,40,NA,NA
"FULL","strong_aniso",46,20265207,"cGCV_default",8,-0.517540022305809,-0.736893941344735,0.303710619524247,0.18327619448303,0.219353919038926,0.406998852990441,21.4344801411094,1.33841168259619,64.887104470141,0.459904500960228,0.250557524490134,6.26497883940157,TRUE,TRUE,TRUE,0.975308641975309,TRUE,3,0.157000000000039,"central"
"FULL","strong_aniso",46,20265207,"cGCV_best_global",8,-0.384941915736322,-0.639775758352848,0.41215263833716,0.229205081443093,0.254833842616526,0.406942011455934,20.120330270388,1.32122053157673,65.8364939211018,0.455388093337207,0.246403829852548,6.12331760942877,TRUE,TRUE,TRUE,0.975308641975309,TRUE,3,0.171000000000049,"high"
"FULL","strong_aniso",46,20265207,"cGCV_start_low",8,-0.606497112594479,-0.841197663806999,0.247458791356921,0.144145913975426,0.234700551212519,0.407256362895919,22.5620603061188,1.35228864439519,64.1107496033231,0.464536204964832,0.255021890649935,6.39635969482859,TRUE,TRUE,TRUE,0.975308641975309,TRUE,3,0.166000000000054,"low"
"FULL","strong_aniso",46,20265207,"cGCV_start_central",8,-0.517540022305809,-0.736893941344735,0.303710619524247,0.18327619448303,0.219353919038926,0.406998852990441,21.4344801411094,1.33841168259619,64.887104470141,0.459904500960228,0.250557524490134,6.26497883940157,TRUE,TRUE,TRUE,0.975308641975309,TRUE,3,0.157000000000039,"central"
"FULL","strong_aniso",46,20265207,"cGCV_start_high",8,-0.384941915736322,-0.639775758352848,0.41215263833716,0.229205081443093,0.254833842616526,0.406942011455934,20.120330270388,1.32122053157673,65.8364939211018,0.455388093337207,0.246403829852548,6.12331760942877,TRUE,TRUE,TRUE,0.975308641975309,TRUE,3,0.171000000000049,"high"
"FULL","strong_aniso",47,20265304,"tt_grid_oracle",8,5,1,1e+05,10,4,0.446077687473291,4.70388919546797,0.64860990411661,85.0682883196022,0.48590819356246,0.271939082982935,0,TRUE,TRUE,TRUE,0.271604938271605,TRUE,3,5.38800000000003,NA
"FULL","strong_aniso",47,20265304,"full_tp_gcv",8,5,1,1e+05,10,4,0.446077687473291,4.70388919546797,0.64860990411661,85.0682883196022,0.48590819356246,0.271939082982935,0,TRUE,TRUE,TRUE,0.271604938271605,TRUE,3,NA,NA
"FULL","strong_aniso",47,20265304,"cGCV_default",8,3.87327100760984,0.860720480667633,7469.14701296255,7.2563877362222,3.01255052694221,0.445884413838084,4.9404623614193,0.643652413845767,84.8255485485716,0.485932907347508,0.272171627582792,1.13530480788112,TRUE,TRUE,TRUE,0.271604938271605,TRUE,3,0.160000000000082,"central"
"FULL","strong_aniso",47,20265304,"cGCV_best_global",8,3.69963845341181,0.824859696791574,5007.70172996701,6.68128037204704,2.87477875662024,0.445863252826844,5.00599105492945,0.642722695515199,84.7645422008046,0.485921111303423,0.272216114520104,1.31210299811149,TRUE,TRUE,TRUE,0.271604938271605,TRUE,3,0.200000000000045,"low"
"FULL","strong_aniso",47,20265304,"cGCV_start_low",8,3.69963845341181,0.824859696791574,5007.70172996701,6.68128037204704,2.87477875662024,0.445863252826844,5.00599105492945,0.642722695515199,84.7645422008046,0.485921111303423,0.272216114520104,1.31210299811149,TRUE,TRUE,TRUE,0.271604938271605,TRUE,3,0.200000000000045,"low"
"FULL","strong_aniso",47,20265304,"cGCV_start_central",8,3.87327100760984,0.860720480667633,7469.14701296255,7.2563877362222,3.01255052694221,0.445884413838084,4.9404623614193,0.643652413845767,84.8255485485716,0.485932907347508,0.272171627582792,1.13530480788112,TRUE,TRUE,TRUE,0.271604938271605,TRUE,3,0.160000000000082,"central"
"FULL","strong_aniso",47,20265304,"cGCV_start_high",8,3.9623917622306,0.940010335849158,9170.47354244418,8.70984318415192,3.02238142638145,0.445981432773004,4.80651685807932,0.64634793515187,84.9605686674213,0.485931431293814,0.272045493607946,1.03934095218645,TRUE,TRUE,TRUE,0.271604938271605,TRUE,3,0.166999999999916,"high"
"FULL","strong_aniso",48,20265401,"tt_grid_oracle",8,1.5,5,31.6227766016838,1e+05,-3.5,0.491866420343404,5.26710112187467,0.589055354505297,93.2600913822046,0.478439399576264,0.255594886198738,0,TRUE,TRUE,TRUE,1,TRUE,40,3.47100000000023,NA
"FULL","strong_aniso",48,20265401,"full_tp_gcv",8,2,5,100,1e+05,-3,0.492062533058444,4.84708140179656,0.578113361451618,93.7001753798567,0.478853501965117,0.255384646695956,0.5,TRUE,TRUE,TRUE,1,TRUE,12,NA,NA
"FULL","strong_aniso",48,20265401,"cGCV_default",8,-1.63515041373759,-0.3773128249429,0.023165921814807,0.419456737923101,-1.25783758879469,0.482013333186275,25.3291645393043,1.19851602596207,73.5308948038455,0.512664815740643,0.298536855273741,6.22452097225597,TRUE,TRUE,TRUE,1,TRUE,3,0.154999999999973,"central"
"FULL","strong_aniso",48,20265401,"cGCV_best_global",8,-1.63515041373759,-0.3773128249429,0.023165921814807,0.419456737923101,-1.25783758879469,0.482013333186275,25.3291645393043,1.19851602596207,73.5308948038455,0.512664815740643,0.298536855273741,6.22452097225597,TRUE,TRUE,TRUE,1,TRUE,3,0.154999999999973,"central"
"FULL","strong_aniso",48,20265401,"cGCV_start_low",8,-1.62876440523724,-0.232867737905496,0.0235090778837456,0.584968206002769,-1.39589666733174,0.482516479799942,24.3042100410703,1.15834628803334,74.4740316705141,0.509599548263089,0.296336724611728,6.09689031112515,TRUE,TRUE,TRUE,1,TRUE,3,0.162000000000035,"low"
"FULL","strong_aniso",48,20265401,"cGCV_start_central",8,-1.63515041373759,-0.3773128249429,0.023165921814807,0.419456737923101,-1.25783758879469,0.482013333186275,25.3291645393043,1.19851602596207,73.5308948038455,0.512664815740643,0.298536855273741,6.22452097225597,TRUE,TRUE,TRUE,1,TRUE,3,0.154999999999973,"central"
"FULL","strong_aniso",48,20265401,"cGCV_start_high",8,-1.59494564166779,-0.177008715806739,0.025412907655032,0.665259805044136,-1.41793692586105,0.482746282722417,23.786806638141,1.1406548078182,74.9489901887147,0.507602055877955,0.294710864337928,6.03159247366874,TRUE,TRUE,TRUE,1,TRUE,3,0.163000000000011,"high"
"FULL","strong_aniso",49,20265498,"tt_grid_oracle",8,1,1,10,10,0,0.490733100164808,6.87736049772035,0.639869423082099,91.5127768423136,0.522710709621824,0.292785209876125,0,TRUE,TRUE,TRUE,0.148148148148148,TRUE,3,5.43200000000002,NA
"FULL","strong_aniso",49,20265498,"full_tp_gcv",8,1,3.5,10,3162.27766016838,-2.5,0.489741583549729,4.99416573086976,0.653448075969036,93.1176903599384,0.530382649590076,0.298713221355776,2.5,TRUE,TRUE,TRUE,0.148148148148148,TRUE,40,NA,NA
"FULL","strong_aniso",49,20265498,"cGCV_default",8,0.636027655138067,-2.67557362617441,4.32541373661165,0.00211069933749459,3.31160128131248,0.436739966529492,18.8995191515565,1.03385888574627,71.6196423091913,0.591646799528033,0.366278410526564,3.69355077794434,TRUE,TRUE,TRUE,0.148148148148148,TRUE,3,0.155999999999949,"central"
"FULL","strong_aniso",49,20265498,"cGCV_best_global",8,0.501927953255079,-2.78434936094574,3.17634709077498,0.00164304946773826,3.28627731420082,0.436731491591422,19.8346496283277,1.05884205710181,70.8805460266532,0.60378424556907,0.376997453894399,3.81698517804813,TRUE,TRUE,TRUE,0.148148148148148,TRUE,3,0.162000000000035,"low"
"FULL","strong_aniso",49,20265498,"cGCV_start_low",8,0.501927953255079,-2.78434936094574,3.17634709077498,0.00164304946773826,3.28627731420082,0.436731491591422,19.8346496283277,1.05884205710181,70.8805460266532,0.60378424556907,0.376997453894399,3.81698517804813,TRUE,TRUE,TRUE,0.148148148148148,TRUE,3,0.162000000000035,"low"
"FULL","strong_aniso",49,20265498,"cGCV_start_central",8,0.636027655138067,-2.67557362617441,4.32541373661165,0.00211069933749459,3.31160128131248,0.436739966529492,18.8995191515565,1.03385888574627,71.6196423091913,0.591646799528033,0.366278410526564,3.69355077794434,TRUE,TRUE,TRUE,0.148148148148148,TRUE,3,0.155999999999949,"central"
"FULL","strong_aniso",49,20265498,"cGCV_start_high",8,0.792680528442533,-2.5235324709161,6.20412484424963,0.00299548762029043,3.31621299935863,0.437540739690767,17.8406164313249,1.00411365848168,72.5924738663381,0.577981026025342,0.35415230980919,3.52962638771967,TRUE,TRUE,TRUE,0.148148148148148,TRUE,3,0.155999999999949,"high"
"FULL","strong_aniso",50,20265595,"tt_grid_oracle",8,1,1,10,10,0,0.472595598182586,7.1618984823125,0.79303772592914,87.870959975332,0.489731310216942,0.290979887553496,0,TRUE,TRUE,TRUE,0.111111111111111,TRUE,3,4.25699999999983,NA
"FULL","strong_aniso",50,20265595,"full_tp_gcv",8,5,1,1e+05,10,4,0.470831461089723,5.84739345130451,0.775717652552427,88.7405119839961,0.488012467669361,0.289510083724733,4,TRUE,TRUE,TRUE,0.111111111111111,TRUE,3,NA,NA
"FULL","strong_aniso",50,20265595,"cGCV_default",8,3.87327073934997,-2.25537568064244,7469.14239933771,0.00555423587644031,6.12864641999241,0.440700175555524,14.4721240032982,0.98113421171153,75.8458063863921,0.51040860051507,0.302652075140778,4.34202205933168,TRUE,TRUE,TRUE,0.111111111111111,TRUE,3,0.167999999999893,"central"
"FULL","strong_aniso",50,20265595,"cGCV_best_global",8,3.69964101884005,-2.27738899358274,5007.73131113353,0.00527972140124227,5.97703001242279,0.44066925684882,14.5271523191179,0.982083264735438,75.795502670131,0.511179398363556,0.303211702796621,4.24609706034389,TRUE,TRUE,TRUE,0.111111111111111,TRUE,3,0.163000000000011,"low"
"FULL","strong_aniso",50,20265595,"cGCV_start_low",8,3.69964101884005,-2.27738899358274,5007.73131113353,0.00527972140124227,5.97703001242279,0.44066925684882,14.5271523191179,0.982083264735438,75.795502670131,0.511179398363556,0.303211702796621,4.24609706034389,TRUE,TRUE,TRUE,0.111111111111111,TRUE,3,0.163000000000011,"low"
"FULL","strong_aniso",50,20265595,"cGCV_start_central",8,3.87327073934997,-2.25537568064244,7469.14239933771,0.00555423587644031,6.12864641999241,0.440700175555524,14.4721240032982,0.98113421171153,75.8458063863921,0.51040860051507,0.302652075140778,4.34202205933168,TRUE,TRUE,TRUE,0.111111111111111,TRUE,3,0.167999999999893,"central"
"FULL","strong_aniso",50,20265595,"cGCV_start_high",8,3.96829751404865,-2.14275810745669,9296.02994545803,0.00719849806990926,6.11105562150534,0.441007771963312,14.1856310796624,0.97638632899237,76.1333319445631,0.506488164245312,0.299851554152465,4.32292940653582,TRUE,TRUE,TRUE,0.111111111111111,TRUE,3,0.16599999999994,"high"
